Image URL,Product Name,SKU,Brand,Category,Color,MRP,Selling Price,Stock,Description
https://images.unsplash.com/photo-1586201375761-83865001e31c?w=500&auto=format&fit=crop&q=80,India Gate Basmati Rice Classic 1kg,GRO-0001,India Gate,Grocery,White,145,132,295,Premium aged long grain basmati rice with extra length & aroma.
https://images.unsplash.com/photo-1574323347407-f5e1ad6d020b?w=500&auto=format&fit=crop&q=80,India Gate Basmati Rice Classic 1kg (Pack of 2),GRO-0002,India Gate,Grocery,White,290,251,70,Premium aged long grain basmati rice with extra length & aroma.
https://images.unsplash.com/photo-1515543904379-3d757afe72e4?w=500&auto=format&fit=crop&q=80,India Gate Basmati Rice Classic 1kg (Pack of 3),GRO-0003,India Gate,Grocery,White,435,370,319,Premium aged long grain basmati rice with extra length & aroma.
https://images.unsplash.com/photo-1474979266404-7eaacbcd87c5?w=500&auto=format&fit=crop&q=80,India Gate Basmati Rice Classic 1kg (Pack of 4),GRO-0004,India Gate,Grocery,White,580,488,334,Premium aged long grain basmati rice with extra length & aroma.
https://images.unsplash.com/photo-1588854337221-4cf9fa96059c?w=500&auto=format&fit=crop&q=80,India Gate Basmati Rice Classic 1kg (Family Pack of 6),GRO-0005,India Gate,Grocery,White,870,713,218,Premium aged long grain basmati rice with extra length & aroma.
https://images.unsplash.com/photo-1606787366850-de6330128bfc?w=500&auto=format&fit=crop&q=80,India Gate Basmati Rice Classic 5kg,GRO-0006,India Gate,Grocery,White,625,569,209,Premium aged long grain basmati rice with extra length & aroma.
https://images.unsplash.com/photo-1587049352846-4a222e784d38?w=500&auto=format&fit=crop&q=80,India Gate Basmati Rice Classic 5kg (Pack of 2),GRO-0007,India Gate,Grocery,White,1250,1081,364,Premium aged long grain basmati rice with extra length & aroma.
https://images.unsplash.com/photo-1506368249639-73a05d6f6488?w=500&auto=format&fit=crop&q=80,India Gate Basmati Rice Classic 5kg (Pack of 3),GRO-0008,India Gate,Grocery,White,1875,1593,223,Premium aged long grain basmati rice with extra length & aroma.
https://images.unsplash.com/photo-1586201375761-83865001e31c?w=500&auto=format&fit=crop&q=80,India Gate Basmati Rice Classic 5kg (Pack of 4),GRO-0009,India Gate,Grocery,White,2500,2105,148,Premium aged long grain basmati rice with extra length & aroma.
https://images.unsplash.com/photo-1574323347407-f5e1ad6d020b?w=500&auto=format&fit=crop&q=80,India Gate Basmati Rice Classic 5kg (Family Pack of 6),GRO-0010,India Gate,Grocery,White,3750,3073,263,Premium aged long grain basmati rice with extra length & aroma.
https://images.unsplash.com/photo-1515543904379-3d757afe72e4?w=500&auto=format&fit=crop&q=80,India Gate Basmati Rice Classic 10kg,GRO-0011,India Gate,Grocery,White,1185,1075,230,Premium aged long grain basmati rice with extra length & aroma.
https://images.unsplash.com/photo-1474979266404-7eaacbcd87c5?w=500&auto=format&fit=crop&q=80,India Gate Basmati Rice Classic 10kg (Pack of 2),GRO-0012,India Gate,Grocery,White,2370,2042,201,Premium aged long grain basmati rice with extra length & aroma.
https://images.unsplash.com/photo-1588854337221-4cf9fa96059c?w=500&auto=format&fit=crop&q=80,India Gate Basmati Rice Classic 10kg (Pack of 3),GRO-0013,India Gate,Grocery,White,3555,3010,109,Premium aged long grain basmati rice with extra length & aroma.
https://images.unsplash.com/photo-1606787366850-de6330128bfc?w=500&auto=format&fit=crop&q=80,India Gate Basmati Rice Classic 10kg (Pack of 4),GRO-0014,India Gate,Grocery,White,4740,3978,250,Premium aged long grain basmati rice with extra length & aroma.
https://images.unsplash.com/photo-1587049352846-4a222e784d38?w=500&auto=format&fit=crop&q=80,India Gate Basmati Rice Classic 10kg (Family Pack of 6),GRO-0015,India Gate,Grocery,White,7110,5805,234,Premium aged long grain basmati rice with extra length & aroma.
https://images.unsplash.com/photo-1506368249639-73a05d6f6488?w=500&auto=format&fit=crop&q=80,India Gate Basmati Rice Feast Rozzana 1kg,GRO-0016,India Gate,Grocery,White,105,95,188,Everyday aromatic basmati rice for daily steamed rice & pulao.
https://images.unsplash.com/photo-1586201375761-83865001e31c?w=500&auto=format&fit=crop&q=80,India Gate Basmati Rice Feast Rozzana 1kg (Pack of 2),GRO-0017,India Gate,Grocery,White,210,180,357,Everyday aromatic basmati rice for daily steamed rice & pulao.
https://images.unsplash.com/photo-1574323347407-f5e1ad6d020b?w=500&auto=format&fit=crop&q=80,India Gate Basmati Rice Feast Rozzana 1kg (Pack of 3),GRO-0018,India Gate,Grocery,White,315,266,283,Everyday aromatic basmati rice for daily steamed rice & pulao.
https://images.unsplash.com/photo-1515543904379-3d757afe72e4?w=500&auto=format&fit=crop&q=80,India Gate Basmati Rice Feast Rozzana 1kg (Pack of 4),GRO-0019,India Gate,Grocery,White,420,352,246,Everyday aromatic basmati rice for daily steamed rice & pulao.
https://images.unsplash.com/photo-1474979266404-7eaacbcd87c5?w=500&auto=format&fit=crop&q=80,India Gate Basmati Rice Feast Rozzana 1kg (Family Pack of 6),GRO-0020,India Gate,Grocery,White,630,513,255,Everyday aromatic basmati rice for daily steamed rice & pulao.
https://images.unsplash.com/photo-1588854337221-4cf9fa96059c?w=500&auto=format&fit=crop&q=80,India Gate Basmati Rice Feast Rozzana 5kg,GRO-0021,India Gate,Grocery,White,430,390,376,Everyday aromatic basmati rice for daily steamed rice & pulao.
https://images.unsplash.com/photo-1606787366850-de6330128bfc?w=500&auto=format&fit=crop&q=80,India Gate Basmati Rice Feast Rozzana 5kg (Pack of 2),GRO-0022,India Gate,Grocery,White,860,741,160,Everyday aromatic basmati rice for daily steamed rice & pulao.
https://images.unsplash.com/photo-1587049352846-4a222e784d38?w=500&auto=format&fit=crop&q=80,India Gate Basmati Rice Feast Rozzana 5kg (Pack of 3),GRO-0023,India Gate,Grocery,White,1290,1092,110,Everyday aromatic basmati rice for daily steamed rice & pulao.
https://images.unsplash.com/photo-1506368249639-73a05d6f6488?w=500&auto=format&fit=crop&q=80,India Gate Basmati Rice Feast Rozzana 5kg (Pack of 4),GRO-0024,India Gate,Grocery,White,1720,1443,372,Everyday aromatic basmati rice for daily steamed rice & pulao.
https://images.unsplash.com/photo-1586201375761-83865001e31c?w=500&auto=format&fit=crop&q=80,India Gate Basmati Rice Feast Rozzana 5kg (Family Pack of 6),GRO-0025,India Gate,Grocery,White,2580,2106,302,Everyday aromatic basmati rice for daily steamed rice & pulao.
https://images.unsplash.com/photo-1574323347407-f5e1ad6d020b?w=500&auto=format&fit=crop&q=80,India Gate Basmati Rice Super 1kg,GRO-0026,India Gate,Grocery,White,135,122,60,Premium long grain aromatic basmati rice for daily meals.
https://images.unsplash.com/photo-1515543904379-3d757afe72e4?w=500&auto=format&fit=crop&q=80,India Gate Basmati Rice Super 1kg (Pack of 2),GRO-0027,India Gate,Grocery,White,270,232,97,Premium long grain aromatic basmati rice for daily meals.
https://images.unsplash.com/photo-1474979266404-7eaacbcd87c5?w=500&auto=format&fit=crop&q=80,India Gate Basmati Rice Super 1kg (Pack of 3),GRO-0028,India Gate,Grocery,White,405,342,347,Premium long grain aromatic basmati rice for daily meals.
https://images.unsplash.com/photo-1588854337221-4cf9fa96059c?w=500&auto=format&fit=crop&q=80,India Gate Basmati Rice Super 1kg (Pack of 4),GRO-0029,India Gate,Grocery,White,540,451,276,Premium long grain aromatic basmati rice for daily meals.
https://images.unsplash.com/photo-1606787366850-de6330128bfc?w=500&auto=format&fit=crop&q=80,India Gate Basmati Rice Super 1kg (Family Pack of 6),GRO-0030,India Gate,Grocery,White,810,659,255,Premium long grain aromatic basmati rice for daily meals.
https://images.unsplash.com/photo-1587049352846-4a222e784d38?w=500&auto=format&fit=crop&q=80,India Gate Basmati Rice Super 5kg,GRO-0031,India Gate,Grocery,White,560,508,373,Premium long grain aromatic basmati rice for daily meals.
https://images.unsplash.com/photo-1506368249639-73a05d6f6488?w=500&auto=format&fit=crop&q=80,India Gate Basmati Rice Super 5kg (Pack of 2),GRO-0032,India Gate,Grocery,White,1120,965,63,Premium long grain aromatic basmati rice for daily meals.
https://images.unsplash.com/photo-1586201375761-83865001e31c?w=500&auto=format&fit=crop&q=80,India Gate Basmati Rice Super 5kg (Pack of 3),GRO-0033,India Gate,Grocery,White,1680,1422,98,Premium long grain aromatic basmati rice for daily meals.
https://images.unsplash.com/photo-1574323347407-f5e1ad6d020b?w=500&auto=format&fit=crop&q=80,India Gate Basmati Rice Super 5kg (Pack of 4),GRO-0034,India Gate,Grocery,White,2240,1880,289,Premium long grain aromatic basmati rice for daily meals.
https://images.unsplash.com/photo-1515543904379-3d757afe72e4?w=500&auto=format&fit=crop&q=80,India Gate Basmati Rice Super 5kg (Family Pack of 6),GRO-0035,India Gate,Grocery,White,3360,2743,61,Premium long grain aromatic basmati rice for daily meals.
https://images.unsplash.com/photo-1474979266404-7eaacbcd87c5?w=500&auto=format&fit=crop&q=80,India Gate Basmati Rice Super 10kg,GRO-0036,India Gate,Grocery,White,1080,985,368,Premium long grain aromatic basmati rice for daily meals.
https://images.unsplash.com/photo-1588854337221-4cf9fa96059c?w=500&auto=format&fit=crop&q=80,India Gate Basmati Rice Super 10kg (Pack of 2),GRO-0037,India Gate,Grocery,White,2160,1872,338,Premium long grain aromatic basmati rice for daily meals.
https://images.unsplash.com/photo-1606787366850-de6330128bfc?w=500&auto=format&fit=crop&q=80,India Gate Basmati Rice Super 10kg (Pack of 3),GRO-0038,India Gate,Grocery,White,3240,2758,341,Premium long grain aromatic basmati rice for daily meals.
https://images.unsplash.com/photo-1587049352846-4a222e784d38?w=500&auto=format&fit=crop&q=80,India Gate Basmati Rice Super 10kg (Pack of 4),GRO-0039,India Gate,Grocery,White,4320,3644,100,Premium long grain aromatic basmati rice for daily meals.
https://images.unsplash.com/photo-1506368249639-73a05d6f6488?w=500&auto=format&fit=crop&q=80,India Gate Basmati Rice Super 10kg (Family Pack of 6),GRO-0040,India Gate,Grocery,White,6480,5319,319,Premium long grain aromatic basmati rice for daily meals.
https://images.unsplash.com/photo-1586201375761-83865001e31c?w=500&auto=format&fit=crop&q=80,Daawat Basmati Rice Rozana Super 1kg,GRO-0041,Daawat,Grocery,White,118,106,257,Perfect daily basmati rice for biryani and pulao.
https://images.unsplash.com/photo-1574323347407-f5e1ad6d020b?w=500&auto=format&fit=crop&q=80,Daawat Basmati Rice Rozana Super 1kg (Pack of 2),GRO-0042,Daawat,Grocery,White,236,201,289,Perfect daily basmati rice for biryani and pulao.
https://images.unsplash.com/photo-1515543904379-3d757afe72e4?w=500&auto=format&fit=crop&q=80,Daawat Basmati Rice Rozana Super 1kg (Pack of 3),GRO-0043,Daawat,Grocery,White,354,297,236,Perfect daily basmati rice for biryani and pulao.
https://images.unsplash.com/photo-1474979266404-7eaacbcd87c5?w=500&auto=format&fit=crop&q=80,Daawat Basmati Rice Rozana Super 1kg (Pack of 4),GRO-0044,Daawat,Grocery,White,472,392,387,Perfect daily basmati rice for biryani and pulao.
https://images.unsplash.com/photo-1588854337221-4cf9fa96059c?w=500&auto=format&fit=crop&q=80,Daawat Basmati Rice Rozana Super 1kg (Family Pack of 6),GRO-0045,Daawat,Grocery,White,708,572,197,Perfect daily basmati rice for biryani and pulao.
https://images.unsplash.com/photo-1606787366850-de6330128bfc?w=500&auto=format&fit=crop&q=80,Daawat Basmati Rice Rozana Super 5kg,GRO-0046,Daawat,Grocery,White,465,420,193,Perfect daily basmati rice for biryani and pulao.
https://images.unsplash.com/photo-1587049352846-4a222e784d38?w=500&auto=format&fit=crop&q=80,Daawat Basmati Rice Rozana Super 5kg (Pack of 2),GRO-0047,Daawat,Grocery,White,930,798,272,Perfect daily basmati rice for biryani and pulao.
https://images.unsplash.com/photo-1506368249639-73a05d6f6488?w=500&auto=format&fit=crop&q=80,Daawat Basmati Rice Rozana Super 5kg (Pack of 3),GRO-0048,Daawat,Grocery,White,1395,1176,167,Perfect daily basmati rice for biryani and pulao.
https://images.unsplash.com/photo-1586201375761-83865001e31c?w=500&auto=format&fit=crop&q=80,Daawat Basmati Rice Rozana Super 5kg (Pack of 4),GRO-0049,Daawat,Grocery,White,1860,1554,208,Perfect daily basmati rice for biryani and pulao.
https://images.unsplash.com/photo-1574323347407-f5e1ad6d020b?w=500&auto=format&fit=crop&q=80,Daawat Basmati Rice Rozana Super 5kg (Family Pack of 6),GRO-0050,Daawat,Grocery,White,2790,2268,116,Perfect daily basmati rice for biryani and pulao.
https://images.unsplash.com/photo-1515543904379-3d757afe72e4?w=500&auto=format&fit=crop&q=80,Daawat Basmati Rice Gold 1kg,GRO-0051,Daawat,Grocery,White,168,152,205,Aged premium basmati rice with rich aroma for special biryani.
https://images.unsplash.com/photo-1474979266404-7eaacbcd87c5?w=500&auto=format&fit=crop&q=80,Daawat Basmati Rice Gold 1kg (Pack of 2),GRO-0052,Daawat,Grocery,White,336,289,131,Aged premium basmati rice with rich aroma for special biryani.
https://images.unsplash.com/photo-1588854337221-4cf9fa96059c?w=500&auto=format&fit=crop&q=80,Daawat Basmati Rice Gold 1kg (Pack of 3),GRO-0053,Daawat,Grocery,White,504,426,114,Aged premium basmati rice with rich aroma for special biryani.
https://images.unsplash.com/photo-1606787366850-de6330128bfc?w=500&auto=format&fit=crop&q=80,Daawat Basmati Rice Gold 1kg (Pack of 4),GRO-0054,Daawat,Grocery,White,672,562,264,Aged premium basmati rice with rich aroma for special biryani.
https://images.unsplash.com/photo-1587049352846-4a222e784d38?w=500&auto=format&fit=crop&q=80,Daawat Basmati Rice Gold 1kg (Family Pack of 6),GRO-0055,Daawat,Grocery,White,1008,821,292,Aged premium basmati rice with rich aroma for special biryani.
https://images.unsplash.com/photo-1506368249639-73a05d6f6488?w=500&auto=format&fit=crop&q=80,Daawat Basmati Rice Gold 5kg,GRO-0056,Daawat,Grocery,White,735,665,103,Aged premium basmati rice with rich aroma for special biryani.
https://images.unsplash.com/photo-1586201375761-83865001e31c?w=500&auto=format&fit=crop&q=80,Daawat Basmati Rice Gold 5kg (Pack of 2),GRO-0057,Daawat,Grocery,White,1470,1264,70,Aged premium basmati rice with rich aroma for special biryani.
https://images.unsplash.com/photo-1574323347407-f5e1ad6d020b?w=500&auto=format&fit=crop&q=80,Daawat Basmati Rice Gold 5kg (Pack of 3),GRO-0058,Daawat,Grocery,White,2205,1862,272,Aged premium basmati rice with rich aroma for special biryani.
https://images.unsplash.com/photo-1515543904379-3d757afe72e4?w=500&auto=format&fit=crop&q=80,Daawat Basmati Rice Gold 5kg (Pack of 4),GRO-0059,Daawat,Grocery,White,2940,2460,138,Aged premium basmati rice with rich aroma for special biryani.
https://images.unsplash.com/photo-1474979266404-7eaacbcd87c5?w=500&auto=format&fit=crop&q=80,Daawat Basmati Rice Gold 5kg (Family Pack of 6),GRO-0060,Daawat,Grocery,White,4410,3591,195,Aged premium basmati rice with rich aroma for special biryani.
https://images.unsplash.com/photo-1588854337221-4cf9fa96059c?w=500&auto=format&fit=crop&q=80,Daawat Basmati Rice Everyday 1kg,GRO-0061,Daawat,Grocery,White,105,95,280,Daily use short cook basmati rice for family meals.
https://images.unsplash.com/photo-1606787366850-de6330128bfc?w=500&auto=format&fit=crop&q=80,Daawat Basmati Rice Everyday 1kg (Pack of 2),GRO-0062,Daawat,Grocery,White,210,180,261,Daily use short cook basmati rice for family meals.
https://images.unsplash.com/photo-1587049352846-4a222e784d38?w=500&auto=format&fit=crop&q=80,Daawat Basmati Rice Everyday 1kg (Pack of 3),GRO-0063,Daawat,Grocery,White,315,266,190,Daily use short cook basmati rice for family meals.
https://images.unsplash.com/photo-1506368249639-73a05d6f6488?w=500&auto=format&fit=crop&q=80,Daawat Basmati Rice Everyday 1kg (Pack of 4),GRO-0064,Daawat,Grocery,White,420,352,193,Daily use short cook basmati rice for family meals.
https://images.unsplash.com/photo-1586201375761-83865001e31c?w=500&auto=format&fit=crop&q=80,Daawat Basmati Rice Everyday 1kg (Family Pack of 6),GRO-0065,Daawat,Grocery,White,630,513,373,Daily use short cook basmati rice for family meals.
https://images.unsplash.com/photo-1574323347407-f5e1ad6d020b?w=500&auto=format&fit=crop&q=80,Daawat Basmati Rice Everyday 5kg,GRO-0066,Daawat,Grocery,White,420,380,130,Daily use short cook basmati rice for family meals.
https://images.unsplash.com/photo-1515543904379-3d757afe72e4?w=500&auto=format&fit=crop&q=80,Daawat Basmati Rice Everyday 5kg (Pack of 2),GRO-0067,Daawat,Grocery,White,840,722,254,Daily use short cook basmati rice for family meals.
https://images.unsplash.com/photo-1474979266404-7eaacbcd87c5?w=500&auto=format&fit=crop&q=80,Daawat Basmati Rice Everyday 5kg (Pack of 3),GRO-0068,Daawat,Grocery,White,1260,1064,176,Daily use short cook basmati rice for family meals.
https://images.unsplash.com/photo-1588854337221-4cf9fa96059c?w=500&auto=format&fit=crop&q=80,Daawat Basmati Rice Everyday 5kg (Pack of 4),GRO-0069,Daawat,Grocery,White,1680,1406,343,Daily use short cook basmati rice for family meals.
https://images.unsplash.com/photo-1606787366850-de6330128bfc?w=500&auto=format&fit=crop&q=80,Daawat Basmati Rice Everyday 5kg (Family Pack of 6),GRO-0070,Daawat,Grocery,White,2520,2052,389,Daily use short cook basmati rice for family meals.
https://images.unsplash.com/photo-1587049352846-4a222e784d38?w=500&auto=format&fit=crop&q=80,Kohinoor Basmati Rice Charminar 1kg,GRO-0071,Kohinoor,Grocery,White,132,119,167,Fine quality long grain basmati for everyday cooking.
https://images.unsplash.com/photo-1506368249639-73a05d6f6488?w=500&auto=format&fit=crop&q=80,Kohinoor Basmati Rice Charminar 1kg (Pack of 2),GRO-0072,Kohinoor,Grocery,White,264,226,207,Fine quality long grain basmati for everyday cooking.
https://images.unsplash.com/photo-1586201375761-83865001e31c?w=500&auto=format&fit=crop&q=80,Kohinoor Basmati Rice Charminar 1kg (Pack of 3),GRO-0073,Kohinoor,Grocery,White,396,333,322,Fine quality long grain basmati for everyday cooking.
https://images.unsplash.com/photo-1574323347407-f5e1ad6d020b?w=500&auto=format&fit=crop&q=80,Kohinoor Basmati Rice Charminar 1kg (Pack of 4),GRO-0074,Kohinoor,Grocery,White,528,440,390,Fine quality long grain basmati for everyday cooking.
https://images.unsplash.com/photo-1515543904379-3d757afe72e4?w=500&auto=format&fit=crop&q=80,Kohinoor Basmati Rice Charminar 1kg (Family Pack of 6),GRO-0075,Kohinoor,Grocery,White,792,643,293,Fine quality long grain basmati for everyday cooking.
https://images.unsplash.com/photo-1474979266404-7eaacbcd87c5?w=500&auto=format&fit=crop&q=80,Kohinoor Basmati Rice Charminar 5kg,GRO-0076,Kohinoor,Grocery,White,560,505,204,Fine quality long grain basmati for everyday cooking.
https://images.unsplash.com/photo-1588854337221-4cf9fa96059c?w=500&auto=format&fit=crop&q=80,Kohinoor Basmati Rice Charminar 5kg (Pack of 2),GRO-0077,Kohinoor,Grocery,White,1120,960,210,Fine quality long grain basmati for everyday cooking.
https://images.unsplash.com/photo-1606787366850-de6330128bfc?w=500&auto=format&fit=crop&q=80,Kohinoor Basmati Rice Charminar 5kg (Pack of 3),GRO-0078,Kohinoor,Grocery,White,1680,1414,235,Fine quality long grain basmati for everyday cooking.
https://images.unsplash.com/photo-1587049352846-4a222e784d38?w=500&auto=format&fit=crop&q=80,Kohinoor Basmati Rice Charminar 5kg (Pack of 4),GRO-0079,Kohinoor,Grocery,White,2240,1868,284,Fine quality long grain basmati for everyday cooking.
https://images.unsplash.com/photo-1506368249639-73a05d6f6488?w=500&auto=format&fit=crop&q=80,Kohinoor Basmati Rice Charminar 5kg (Family Pack of 6),GRO-0080,Kohinoor,Grocery,White,3360,2727,188,Fine quality long grain basmati for everyday cooking.
https://images.unsplash.com/photo-1586201375761-83865001e31c?w=500&auto=format&fit=crop&q=80,Kohinoor Basmati Rice Platinum 1kg,GRO-0081,Kohinoor,Grocery,White,245,220,375,Extra long grain aged premium basmati rice.
https://images.unsplash.com/photo-1574323347407-f5e1ad6d020b?w=500&auto=format&fit=crop&q=80,Kohinoor Basmati Rice Platinum 1kg (Pack of 2),GRO-0082,Kohinoor,Grocery,White,490,418,101,Extra long grain aged premium basmati rice.
https://images.unsplash.com/photo-1515543904379-3d757afe72e4?w=500&auto=format&fit=crop&q=80,Kohinoor Basmati Rice Platinum 1kg (Pack of 3),GRO-0083,Kohinoor,Grocery,White,735,616,157,Extra long grain aged premium basmati rice.
https://images.unsplash.com/photo-1474979266404-7eaacbcd87c5?w=500&auto=format&fit=crop&q=80,Kohinoor Basmati Rice Platinum 1kg (Pack of 4),GRO-0084,Kohinoor,Grocery,White,980,814,212,Extra long grain aged premium basmati rice.
https://images.unsplash.com/photo-1588854337221-4cf9fa96059c?w=500&auto=format&fit=crop&q=80,Kohinoor Basmati Rice Platinum 1kg (Family Pack of 6),GRO-0085,Kohinoor,Grocery,White,1470,1188,206,Extra long grain aged premium basmati rice.
https://images.unsplash.com/photo-1606787366850-de6330128bfc?w=500&auto=format&fit=crop&q=80,Kohinoor Basmati Rice Platinum 5kg,GRO-0086,Kohinoor,Grocery,White,950,865,388,Extra long grain aged premium basmati rice.
https://images.unsplash.com/photo-1587049352846-4a222e784d38?w=500&auto=format&fit=crop&q=80,Kohinoor Basmati Rice Platinum 5kg (Pack of 2),GRO-0087,Kohinoor,Grocery,White,1900,1644,308,Extra long grain aged premium basmati rice.
https://images.unsplash.com/photo-1506368249639-73a05d6f6488?w=500&auto=format&fit=crop&q=80,Kohinoor Basmati Rice Platinum 5kg (Pack of 3),GRO-0088,Kohinoor,Grocery,White,2850,2422,89,Extra long grain aged premium basmati rice.
https://images.unsplash.com/photo-1586201375761-83865001e31c?w=500&auto=format&fit=crop&q=80,Kohinoor Basmati Rice Platinum 5kg (Pack of 4),GRO-0089,Kohinoor,Grocery,White,3800,3200,326,Extra long grain aged premium basmati rice.
https://images.unsplash.com/photo-1574323347407-f5e1ad6d020b?w=500&auto=format&fit=crop&q=80,Kohinoor Basmati Rice Platinum 5kg (Family Pack of 6),GRO-0090,Kohinoor,Grocery,White,5700,4671,226,Extra long grain aged premium basmati rice.
https://images.unsplash.com/photo-1515543904379-3d757afe72e4?w=500&auto=format&fit=crop&q=80,Lal Qilla Basmati Rice Majestic 5kg,GRO-0091,Lal Qilla,Grocery,White,650,590,257,Royal aged basmati rice with delightful aroma.
https://images.unsplash.com/photo-1474979266404-7eaacbcd87c5?w=500&auto=format&fit=crop&q=80,Lal Qilla Basmati Rice Majestic 5kg (Pack of 2),GRO-0092,Lal Qilla,Grocery,White,1300,1121,395,Royal aged basmati rice with delightful aroma.
https://images.unsplash.com/photo-1588854337221-4cf9fa96059c?w=500&auto=format&fit=crop&q=80,Lal Qilla Basmati Rice Majestic 5kg (Pack of 3),GRO-0093,Lal Qilla,Grocery,White,1950,1652,395,Royal aged basmati rice with delightful aroma.
https://images.unsplash.com/photo-1606787366850-de6330128bfc?w=500&auto=format&fit=crop&q=80,Lal Qilla Basmati Rice Majestic 5kg (Pack of 4),GRO-0094,Lal Qilla,Grocery,White,2600,2183,207,Royal aged basmati rice with delightful aroma.
https://images.unsplash.com/photo-1587049352846-4a222e784d38?w=500&auto=format&fit=crop&q=80,Lal Qilla Basmati Rice Majestic 5kg (Family Pack of 6),GRO-0095,Lal Qilla,Grocery,White,3900,3186,373,Royal aged basmati rice with delightful aroma.
https://images.unsplash.com/photo-1506368249639-73a05d6f6488?w=500&auto=format&fit=crop&q=80,Lal Qilla Basmati Rice Majestic 10kg,GRO-0096,Lal Qilla,Grocery,White,1240,1120,181,Royal aged basmati rice with delightful aroma.
https://images.unsplash.com/photo-1586201375761-83865001e31c?w=500&auto=format&fit=crop&q=80,Lal Qilla Basmati Rice Majestic 10kg (Pack of 2),GRO-0097,Lal Qilla,Grocery,White,2480,2128,360,Royal aged basmati rice with delightful aroma.
https://images.unsplash.com/photo-1574323347407-f5e1ad6d020b?w=500&auto=format&fit=crop&q=80,Lal Qilla Basmati Rice Majestic 10kg (Pack of 3),GRO-0098,Lal Qilla,Grocery,White,3720,3136,366,Royal aged basmati rice with delightful aroma.
https://images.unsplash.com/photo-1515543904379-3d757afe72e4?w=500&auto=format&fit=crop&q=80,Lal Qilla Basmati Rice Majestic 10kg (Pack of 4),GRO-0099,Lal Qilla,Grocery,White,4960,4144,140,Royal aged basmati rice with delightful aroma.
https://images.unsplash.com/photo-1474979266404-7eaacbcd87c5?w=500&auto=format&fit=crop&q=80,Lal Qilla Basmati Rice Majestic 10kg (Family Pack of 6),GRO-0100,Lal Qilla,Grocery,White,7440,6048,217,Royal aged basmati rice with delightful aroma.
https://images.unsplash.com/photo-1588854337221-4cf9fa96059c?w=500&auto=format&fit=crop&q=80,Tilda Pure Basmati Rice 1kg,GRO-0101,Tilda,Grocery,White,325,295,256,Legendary pure basmati rice with perfect grain separation.
https://images.unsplash.com/photo-1606787366850-de6330128bfc?w=500&auto=format&fit=crop&q=80,Tilda Pure Basmati Rice 1kg (Pack of 2),GRO-0102,Tilda,Grocery,White,650,560,193,Legendary pure basmati rice with perfect grain separation.
https://images.unsplash.com/photo-1587049352846-4a222e784d38?w=500&auto=format&fit=crop&q=80,Tilda Pure Basmati Rice 1kg (Pack of 3),GRO-0103,Tilda,Grocery,White,975,826,155,Legendary pure basmati rice with perfect grain separation.
https://images.unsplash.com/photo-1506368249639-73a05d6f6488?w=500&auto=format&fit=crop&q=80,Tilda Pure Basmati Rice 1kg (Pack of 4),GRO-0104,Tilda,Grocery,White,1300,1092,382,Legendary pure basmati rice with perfect grain separation.
https://images.unsplash.com/photo-1586201375761-83865001e31c?w=500&auto=format&fit=crop&q=80,Tilda Pure Basmati Rice 1kg (Family Pack of 6),GRO-0105,Tilda,Grocery,White,1950,1593,302,Legendary pure basmati rice with perfect grain separation.
https://images.unsplash.com/photo-1574323347407-f5e1ad6d020b?w=500&auto=format&fit=crop&q=80,Tilda Pure Basmati Rice 5kg,GRO-0106,Tilda,Grocery,White,1495,1360,265,Legendary pure basmati rice with perfect grain separation.
https://images.unsplash.com/photo-1515543904379-3d757afe72e4?w=500&auto=format&fit=crop&q=80,Tilda Pure Basmati Rice 5kg (Pack of 2),GRO-0107,Tilda,Grocery,White,2990,2584,347,Legendary pure basmati rice with perfect grain separation.
https://images.unsplash.com/photo-1474979266404-7eaacbcd87c5?w=500&auto=format&fit=crop&q=80,Tilda Pure Basmati Rice 5kg (Pack of 3),GRO-0108,Tilda,Grocery,White,4485,3808,397,Legendary pure basmati rice with perfect grain separation.
https://images.unsplash.com/photo-1588854337221-4cf9fa96059c?w=500&auto=format&fit=crop&q=80,Tilda Pure Basmati Rice 5kg (Pack of 4),GRO-0109,Tilda,Grocery,White,5980,5032,214,Legendary pure basmati rice with perfect grain separation.
https://images.unsplash.com/photo-1606787366850-de6330128bfc?w=500&auto=format&fit=crop&q=80,Tilda Pure Basmati Rice 5kg (Family Pack of 6),GRO-0110,Tilda,Grocery,White,8970,7344,327,Legendary pure basmati rice with perfect grain separation.
https://images.unsplash.com/photo-1587049352846-4a222e784d38?w=500&auto=format&fit=crop&q=80,India Gate Sona Masoori Rice 5kg,GRO-0111,India Gate,Grocery,White,395,360,257,Lightweight premium sona masoori rice for daily meals.
https://images.unsplash.com/photo-1506368249639-73a05d6f6488?w=500&auto=format&fit=crop&q=80,India Gate Sona Masoori Rice 5kg (Pack of 2),GRO-0112,India Gate,Grocery,White,790,684,347,Lightweight premium sona masoori rice for daily meals.
https://images.unsplash.com/photo-1586201375761-83865001e31c?w=500&auto=format&fit=crop&q=80,India Gate Sona Masoori Rice 5kg (Pack of 3),GRO-0113,India Gate,Grocery,White,1185,1008,181,Lightweight premium sona masoori rice for daily meals.
https://images.unsplash.com/photo-1574323347407-f5e1ad6d020b?w=500&auto=format&fit=crop&q=80,India Gate Sona Masoori Rice 5kg (Pack of 4),GRO-0114,India Gate,Grocery,White,1580,1332,88,Lightweight premium sona masoori rice for daily meals.
https://images.unsplash.com/photo-1515543904379-3d757afe72e4?w=500&auto=format&fit=crop&q=80,India Gate Sona Masoori Rice 5kg (Family Pack of 6),GRO-0115,India Gate,Grocery,White,2370,1944,179,Lightweight premium sona masoori rice for daily meals.
https://images.unsplash.com/photo-1474979266404-7eaacbcd87c5?w=500&auto=format&fit=crop&q=80,India Gate Sona Masoori Rice 10kg,GRO-0116,India Gate,Grocery,White,740,675,359,Lightweight premium sona masoori rice for daily meals.
https://images.unsplash.com/photo-1588854337221-4cf9fa96059c?w=500&auto=format&fit=crop&q=80,India Gate Sona Masoori Rice 10kg (Pack of 2),GRO-0117,India Gate,Grocery,White,1480,1282,104,Lightweight premium sona masoori rice for daily meals.
https://images.unsplash.com/photo-1606787366850-de6330128bfc?w=500&auto=format&fit=crop&q=80,India Gate Sona Masoori Rice 10kg (Pack of 3),GRO-0118,India Gate,Grocery,White,2220,1890,232,Lightweight premium sona masoori rice for daily meals.
https://images.unsplash.com/photo-1587049352846-4a222e784d38?w=500&auto=format&fit=crop&q=80,India Gate Sona Masoori Rice 10kg (Pack of 4),GRO-0119,India Gate,Grocery,White,2960,2498,308,Lightweight premium sona masoori rice for daily meals.
https://images.unsplash.com/photo-1506368249639-73a05d6f6488?w=500&auto=format&fit=crop&q=80,India Gate Sona Masoori Rice 10kg (Family Pack of 6),GRO-0120,India Gate,Grocery,White,4440,3645,117,Lightweight premium sona masoori rice for daily meals.
https://images.unsplash.com/photo-1586201375761-83865001e31c?w=500&auto=format&fit=crop&q=80,Daawat Sona Masoori Rice 5kg,GRO-0121,Daawat,Grocery,White,375,340,302,Fine quality medium grain sona masoori rice.
https://images.unsplash.com/photo-1574323347407-f5e1ad6d020b?w=500&auto=format&fit=crop&q=80,Daawat Sona Masoori Rice 5kg (Pack of 2),GRO-0122,Daawat,Grocery,White,750,646,208,Fine quality medium grain sona masoori rice.
https://images.unsplash.com/photo-1515543904379-3d757afe72e4?w=500&auto=format&fit=crop&q=80,Daawat Sona Masoori Rice 5kg (Pack of 3),GRO-0123,Daawat,Grocery,White,1125,952,113,Fine quality medium grain sona masoori rice.
https://images.unsplash.com/photo-1474979266404-7eaacbcd87c5?w=500&auto=format&fit=crop&q=80,Daawat Sona Masoori Rice 5kg (Pack of 4),GRO-0124,Daawat,Grocery,White,1500,1258,326,Fine quality medium grain sona masoori rice.
https://images.unsplash.com/photo-1588854337221-4cf9fa96059c?w=500&auto=format&fit=crop&q=80,Daawat Sona Masoori Rice 5kg (Family Pack of 6),GRO-0125,Daawat,Grocery,White,2250,1836,109,Fine quality medium grain sona masoori rice.
https://images.unsplash.com/photo-1606787366850-de6330128bfc?w=500&auto=format&fit=crop&q=80,24 Mantra Organic Sonamasuri Rice 1kg,GRO-0126,24 Mantra,Grocery,White,145,130,302,Certified organic unpolished sona masoori rice.
https://images.unsplash.com/photo-1587049352846-4a222e784d38?w=500&auto=format&fit=crop&q=80,24 Mantra Organic Sonamasuri Rice 1kg (Pack of 2),GRO-0127,24 Mantra,Grocery,White,290,247,359,Certified organic unpolished sona masoori rice.
https://images.unsplash.com/photo-1506368249639-73a05d6f6488?w=500&auto=format&fit=crop&q=80,24 Mantra Organic Sonamasuri Rice 1kg (Pack of 3),GRO-0128,24 Mantra,Grocery,White,435,364,288,Certified organic unpolished sona masoori rice.
https://images.unsplash.com/photo-1586201375761-83865001e31c?w=500&auto=format&fit=crop&q=80,24 Mantra Organic Sonamasuri Rice 1kg (Pack of 4),GRO-0129,24 Mantra,Grocery,White,580,481,255,Certified organic unpolished sona masoori rice.
https://images.unsplash.com/photo-1574323347407-f5e1ad6d020b?w=500&auto=format&fit=crop&q=80,24 Mantra Organic Sonamasuri Rice 1kg (Family Pack of 6),GRO-0130,24 Mantra,Grocery,White,870,702,197,Certified organic unpolished sona masoori rice.
https://images.unsplash.com/photo-1515543904379-3d757afe72e4?w=500&auto=format&fit=crop&q=80,24 Mantra Organic Sonamasuri Rice 5kg,GRO-0131,24 Mantra,Grocery,White,675,610,256,Certified organic unpolished sona masoori rice.
https://images.unsplash.com/photo-1474979266404-7eaacbcd87c5?w=500&auto=format&fit=crop&q=80,24 Mantra Organic Sonamasuri Rice 5kg (Pack of 2),GRO-0132,24 Mantra,Grocery,White,1350,1159,182,Certified organic unpolished sona masoori rice.
https://images.unsplash.com/photo-1588854337221-4cf9fa96059c?w=500&auto=format&fit=crop&q=80,24 Mantra Organic Sonamasuri Rice 5kg (Pack of 3),GRO-0133,24 Mantra,Grocery,White,2025,1708,147,Certified organic unpolished sona masoori rice.
https://images.unsplash.com/photo-1606787366850-de6330128bfc?w=500&auto=format&fit=crop&q=80,24 Mantra Organic Sonamasuri Rice 5kg (Pack of 4),GRO-0134,24 Mantra,Grocery,White,2700,2257,284,Certified organic unpolished sona masoori rice.
https://images.unsplash.com/photo-1587049352846-4a222e784d38?w=500&auto=format&fit=crop&q=80,24 Mantra Organic Sonamasuri Rice 5kg (Family Pack of 6),GRO-0135,24 Mantra,Grocery,White,4050,3294,295,Certified organic unpolished sona masoori rice.
https://images.unsplash.com/photo-1506368249639-73a05d6f6488?w=500&auto=format&fit=crop&q=80,India Gate Brown Basmati Rice 1kg,GRO-0136,India Gate,Grocery,Brown,185,168,338,Whole grain brown basmati rice rich in natural fiber.
https://images.unsplash.com/photo-1586201375761-83865001e31c?w=500&auto=format&fit=crop&q=80,India Gate Brown Basmati Rice 1kg (Pack of 2),GRO-0137,India Gate,Grocery,Brown,370,319,308,Whole grain brown basmati rice rich in natural fiber.
https://images.unsplash.com/photo-1574323347407-f5e1ad6d020b?w=500&auto=format&fit=crop&q=80,India Gate Brown Basmati Rice 1kg (Pack of 3),GRO-0138,India Gate,Grocery,Brown,555,470,295,Whole grain brown basmati rice rich in natural fiber.
https://images.unsplash.com/photo-1515543904379-3d757afe72e4?w=500&auto=format&fit=crop&q=80,India Gate Brown Basmati Rice 1kg (Pack of 4),GRO-0139,India Gate,Grocery,Brown,740,622,71,Whole grain brown basmati rice rich in natural fiber.
https://images.unsplash.com/photo-1474979266404-7eaacbcd87c5?w=500&auto=format&fit=crop&q=80,India Gate Brown Basmati Rice 1kg (Family Pack of 6),GRO-0140,India Gate,Grocery,Brown,1110,907,398,Whole grain brown basmati rice rich in natural fiber.
https://images.unsplash.com/photo-1588854337221-4cf9fa96059c?w=500&auto=format&fit=crop&q=80,India Gate Brown Basmati Rice 5kg,GRO-0141,India Gate,Grocery,Brown,795,720,257,Whole grain brown basmati rice rich in natural fiber.
https://images.unsplash.com/photo-1606787366850-de6330128bfc?w=500&auto=format&fit=crop&q=80,India Gate Brown Basmati Rice 5kg (Pack of 2),GRO-0142,India Gate,Grocery,Brown,1590,1368,127,Whole grain brown basmati rice rich in natural fiber.
https://images.unsplash.com/photo-1587049352846-4a222e784d38?w=500&auto=format&fit=crop&q=80,India Gate Brown Basmati Rice 5kg (Pack of 3),GRO-0143,India Gate,Grocery,Brown,2385,2016,336,Whole grain brown basmati rice rich in natural fiber.
https://images.unsplash.com/photo-1506368249639-73a05d6f6488?w=500&auto=format&fit=crop&q=80,India Gate Brown Basmati Rice 5kg (Pack of 4),GRO-0144,India Gate,Grocery,Brown,3180,2664,84,Whole grain brown basmati rice rich in natural fiber.
https://images.unsplash.com/photo-1586201375761-83865001e31c?w=500&auto=format&fit=crop&q=80,India Gate Brown Basmati Rice 5kg (Family Pack of 6),GRO-0145,India Gate,Grocery,Brown,4770,3888,364,Whole grain brown basmati rice rich in natural fiber.
https://images.unsplash.com/photo-1574323347407-f5e1ad6d020b?w=500&auto=format&fit=crop&q=80,India Gate Biryani Rice Matured 5kg,GRO-0146,India Gate,Grocery,White,745,675,245,Specially matured long grain rice for grand biryanis.
https://images.unsplash.com/photo-1515543904379-3d757afe72e4?w=500&auto=format&fit=crop&q=80,India Gate Biryani Rice Matured 5kg (Pack of 2),GRO-0147,India Gate,Grocery,White,1490,1282,102,Specially matured long grain rice for grand biryanis.
https://images.unsplash.com/photo-1474979266404-7eaacbcd87c5?w=500&auto=format&fit=crop&q=80,India Gate Biryani Rice Matured 5kg (Pack of 3),GRO-0148,India Gate,Grocery,White,2235,1890,130,Specially matured long grain rice for grand biryanis.
https://images.unsplash.com/photo-1588854337221-4cf9fa96059c?w=500&auto=format&fit=crop&q=80,India Gate Biryani Rice Matured 5kg (Pack of 4),GRO-0149,India Gate,Grocery,White,2980,2498,71,Specially matured long grain rice for grand biryanis.
https://images.unsplash.com/photo-1606787366850-de6330128bfc?w=500&auto=format&fit=crop&q=80,India Gate Biryani Rice Matured 5kg (Family Pack of 6),GRO-0150,India Gate,Grocery,White,4470,3645,172,Specially matured long grain rice for grand biryanis.
https://images.unsplash.com/photo-1587049352846-4a222e784d38?w=500&auto=format&fit=crop&q=80,Daawat Biryani Basmati Rice Classic 1kg,GRO-0151,Daawat,Grocery,White,155,140,191,Aged biryani rice blend with authentic aroma.
https://images.unsplash.com/photo-1506368249639-73a05d6f6488?w=500&auto=format&fit=crop&q=80,Daawat Biryani Basmati Rice Classic 1kg (Pack of 2),GRO-0152,Daawat,Grocery,White,310,266,300,Aged biryani rice blend with authentic aroma.
https://images.unsplash.com/photo-1586201375761-83865001e31c?w=500&auto=format&fit=crop&q=80,Daawat Biryani Basmati Rice Classic 1kg (Pack of 3),GRO-0153,Daawat,Grocery,White,465,392,314,Aged biryani rice blend with authentic aroma.
https://images.unsplash.com/photo-1574323347407-f5e1ad6d020b?w=500&auto=format&fit=crop&q=80,Daawat Biryani Basmati Rice Classic 1kg (Pack of 4),GRO-0154,Daawat,Grocery,White,620,518,200,Aged biryani rice blend with authentic aroma.
https://images.unsplash.com/photo-1515543904379-3d757afe72e4?w=500&auto=format&fit=crop&q=80,Daawat Biryani Basmati Rice Classic 1kg (Family Pack of 6),GRO-0155,Daawat,Grocery,White,930,756,188,Aged biryani rice blend with authentic aroma.
https://images.unsplash.com/photo-1474979266404-7eaacbcd87c5?w=500&auto=format&fit=crop&q=80,Daawat Biryani Basmati Rice Classic 5kg,GRO-0156,Daawat,Grocery,White,655,595,163,Aged biryani rice blend with authentic aroma.
https://images.unsplash.com/photo-1588854337221-4cf9fa96059c?w=500&auto=format&fit=crop&q=80,Daawat Biryani Basmati Rice Classic 5kg (Pack of 2),GRO-0157,Daawat,Grocery,White,1310,1130,188,Aged biryani rice blend with authentic aroma.
https://images.unsplash.com/photo-1606787366850-de6330128bfc?w=500&auto=format&fit=crop&q=80,Daawat Biryani Basmati Rice Classic 5kg (Pack of 3),GRO-0158,Daawat,Grocery,White,1965,1666,267,Aged biryani rice blend with authentic aroma.
https://images.unsplash.com/photo-1587049352846-4a222e784d38?w=500&auto=format&fit=crop&q=80,Daawat Biryani Basmati Rice Classic 5kg (Pack of 4),GRO-0159,Daawat,Grocery,White,2620,2202,142,Aged biryani rice blend with authentic aroma.
https://images.unsplash.com/photo-1506368249639-73a05d6f6488?w=500&auto=format&fit=crop&q=80,Daawat Biryani Basmati Rice Classic 5kg (Family Pack of 6),GRO-0160,Daawat,Grocery,White,3930,3213,224,Aged biryani rice blend with authentic aroma.
https://images.unsplash.com/photo-1586201375761-83865001e31c?w=500&auto=format&fit=crop&q=80,Aashirvaad Shudh Chakki Atta 5kg,GRO-0161,Aashirvaad,Grocery,Brown,260,245,236,100% pure whole wheat flour rich in natural dietary fiber.
https://images.unsplash.com/photo-1574323347407-f5e1ad6d020b?w=500&auto=format&fit=crop&q=80,Aashirvaad Shudh Chakki Atta 5kg (Pack of 2),GRO-0162,Aashirvaad,Grocery,Brown,520,466,107,100% pure whole wheat flour rich in natural dietary fiber.
https://images.unsplash.com/photo-1515543904379-3d757afe72e4?w=500&auto=format&fit=crop&q=80,Aashirvaad Shudh Chakki Atta 5kg (Pack of 3),GRO-0163,Aashirvaad,Grocery,Brown,780,686,175,100% pure whole wheat flour rich in natural dietary fiber.
https://images.unsplash.com/photo-1474979266404-7eaacbcd87c5?w=500&auto=format&fit=crop&q=80,Aashirvaad Shudh Chakki Atta 5kg (Pack of 4),GRO-0164,Aashirvaad,Grocery,Brown,1040,906,173,100% pure whole wheat flour rich in natural dietary fiber.
https://images.unsplash.com/photo-1588854337221-4cf9fa96059c?w=500&auto=format&fit=crop&q=80,Aashirvaad Shudh Chakki Atta 5kg (Family Pack of 6),GRO-0165,Aashirvaad,Grocery,Brown,1560,1323,134,100% pure whole wheat flour rich in natural dietary fiber.
https://images.unsplash.com/photo-1606787366850-de6330128bfc?w=500&auto=format&fit=crop&q=80,Aashirvaad Shudh Chakki Atta 10kg,GRO-0166,Aashirvaad,Grocery,Brown,460,425,167,100% pure whole wheat flour rich in natural dietary fiber.
https://images.unsplash.com/photo-1587049352846-4a222e784d38?w=500&auto=format&fit=crop&q=80,Aashirvaad Shudh Chakki Atta 10kg (Pack of 2),GRO-0167,Aashirvaad,Grocery,Brown,920,808,347,100% pure whole wheat flour rich in natural dietary fiber.
https://images.unsplash.com/photo-1506368249639-73a05d6f6488?w=500&auto=format&fit=crop&q=80,Aashirvaad Shudh Chakki Atta 10kg (Pack of 3),GRO-0168,Aashirvaad,Grocery,Brown,1380,1190,272,100% pure whole wheat flour rich in natural dietary fiber.
https://images.unsplash.com/photo-1586201375761-83865001e31c?w=500&auto=format&fit=crop&q=80,Aashirvaad Shudh Chakki Atta 10kg (Pack of 4),GRO-0169,Aashirvaad,Grocery,Brown,1840,1572,166,100% pure whole wheat flour rich in natural dietary fiber.
https://images.unsplash.com/photo-1574323347407-f5e1ad6d020b?w=500&auto=format&fit=crop&q=80,Aashirvaad Shudh Chakki Atta 10kg (Family Pack of 6),GRO-0170,Aashirvaad,Grocery,Brown,2760,2295,257,100% pure whole wheat flour rich in natural dietary fiber.
https://images.unsplash.com/photo-1515543904379-3d757afe72e4?w=500&auto=format&fit=crop&q=80,Fortune Chakki Fresh Atta 5kg,GRO-0171,Fortune,Grocery,Brown,240,225,381,Stone ground whole wheat atta with natural nutrition.
https://images.unsplash.com/photo-1474979266404-7eaacbcd87c5?w=500&auto=format&fit=crop&q=80,Fortune Chakki Fresh Atta 5kg (Pack of 2),GRO-0172,Fortune,Grocery,Brown,480,428,282,Stone ground whole wheat atta with natural nutrition.
https://images.unsplash.com/photo-1588854337221-4cf9fa96059c?w=500&auto=format&fit=crop&q=80,Fortune Chakki Fresh Atta 5kg (Pack of 3),GRO-0173,Fortune,Grocery,Brown,720,630,218,Stone ground whole wheat atta with natural nutrition.
https://images.unsplash.com/photo-1606787366850-de6330128bfc?w=500&auto=format&fit=crop&q=80,Fortune Chakki Fresh Atta 5kg (Pack of 4),GRO-0174,Fortune,Grocery,Brown,960,832,385,Stone ground whole wheat atta with natural nutrition.
https://images.unsplash.com/photo-1587049352846-4a222e784d38?w=500&auto=format&fit=crop&q=80,Fortune Chakki Fresh Atta 5kg (Family Pack of 6),GRO-0175,Fortune,Grocery,Brown,1440,1215,217,Stone ground whole wheat atta with natural nutrition.
https://images.unsplash.com/photo-1506368249639-73a05d6f6488?w=500&auto=format&fit=crop&q=80,Fortune Chakki Fresh Atta 10kg,GRO-0176,Fortune,Grocery,Brown,435,405,367,Stone ground whole wheat atta with natural nutrition.
https://images.unsplash.com/photo-1586201375761-83865001e31c?w=500&auto=format&fit=crop&q=80,Fortune Chakki Fresh Atta 10kg (Pack of 2),GRO-0177,Fortune,Grocery,Brown,870,770,226,Stone ground whole wheat atta with natural nutrition.
https://images.unsplash.com/photo-1574323347407-f5e1ad6d020b?w=500&auto=format&fit=crop&q=80,Fortune Chakki Fresh Atta 10kg (Pack of 3),GRO-0178,Fortune,Grocery,Brown,1305,1134,76,Stone ground whole wheat atta with natural nutrition.
https://images.unsplash.com/photo-1515543904379-3d757afe72e4?w=500&auto=format&fit=crop&q=80,Fortune Chakki Fresh Atta 10kg (Pack of 4),GRO-0179,Fortune,Grocery,Brown,1740,1498,290,Stone ground whole wheat atta with natural nutrition.
https://images.unsplash.com/photo-1474979266404-7eaacbcd87c5?w=500&auto=format&fit=crop&q=80,Fortune Chakki Fresh Atta 10kg (Family Pack of 6),GRO-0180,Fortune,Grocery,Brown,2610,2187,104,Stone ground whole wheat atta with natural nutrition.
https://images.unsplash.com/photo-1588854337221-4cf9fa96059c?w=500&auto=format&fit=crop&q=80,Pillsbury Chakki Fresh Atta 5kg,GRO-0181,Pillsbury,Grocery,Brown,235,220,68,Soft textured whole wheat atta for fluffy rotis.
https://images.unsplash.com/photo-1606787366850-de6330128bfc?w=500&auto=format&fit=crop&q=80,Pillsbury Chakki Fresh Atta 5kg (Pack of 2),GRO-0182,Pillsbury,Grocery,Brown,470,418,385,Soft textured whole wheat atta for fluffy rotis.
https://images.unsplash.com/photo-1587049352846-4a222e784d38?w=500&auto=format&fit=crop&q=80,Pillsbury Chakki Fresh Atta 5kg (Pack of 3),GRO-0183,Pillsbury,Grocery,Brown,705,616,250,Soft textured whole wheat atta for fluffy rotis.
https://images.unsplash.com/photo-1506368249639-73a05d6f6488?w=500&auto=format&fit=crop&q=80,Pillsbury Chakki Fresh Atta 5kg (Pack of 4),GRO-0184,Pillsbury,Grocery,Brown,940,814,300,Soft textured whole wheat atta for fluffy rotis.
https://images.unsplash.com/photo-1586201375761-83865001e31c?w=500&auto=format&fit=crop&q=80,Pillsbury Chakki Fresh Atta 5kg (Family Pack of 6),GRO-0185,Pillsbury,Grocery,Brown,1410,1188,230,Soft textured whole wheat atta for fluffy rotis.
https://images.unsplash.com/photo-1574323347407-f5e1ad6d020b?w=500&auto=format&fit=crop&q=80,Pillsbury Chakki Fresh Atta 10kg,GRO-0186,Pillsbury,Grocery,Brown,425,395,374,Soft textured whole wheat atta for fluffy rotis.
https://images.unsplash.com/photo-1515543904379-3d757afe72e4?w=500&auto=format&fit=crop&q=80,Pillsbury Chakki Fresh Atta 10kg (Pack of 2),GRO-0187,Pillsbury,Grocery,Brown,850,750,219,Soft textured whole wheat atta for fluffy rotis.
https://images.unsplash.com/photo-1474979266404-7eaacbcd87c5?w=500&auto=format&fit=crop&q=80,Pillsbury Chakki Fresh Atta 10kg (Pack of 3),GRO-0188,Pillsbury,Grocery,Brown,1275,1106,186,Soft textured whole wheat atta for fluffy rotis.
https://images.unsplash.com/photo-1588854337221-4cf9fa96059c?w=500&auto=format&fit=crop&q=80,Pillsbury Chakki Fresh Atta 10kg (Pack of 4),GRO-0189,Pillsbury,Grocery,Brown,1700,1462,339,Soft textured whole wheat atta for fluffy rotis.
https://images.unsplash.com/photo-1606787366850-de6330128bfc?w=500&auto=format&fit=crop&q=80,Pillsbury Chakki Fresh Atta 10kg (Family Pack of 6),GRO-0190,Pillsbury,Grocery,Brown,2550,2133,358,Soft textured whole wheat atta for fluffy rotis.
https://images.unsplash.com/photo-1587049352846-4a222e784d38?w=500&auto=format&fit=crop&q=80,Rajdhani Chakki Atta 5kg,GRO-0191,Rajdhani,Grocery,Brown,230,215,149,Premium whole wheat chakki atta for soft rotis.
https://images.unsplash.com/photo-1506368249639-73a05d6f6488?w=500&auto=format&fit=crop&q=80,Rajdhani Chakki Atta 5kg (Pack of 2),GRO-0192,Rajdhani,Grocery,Brown,460,408,77,Premium whole wheat chakki atta for soft rotis.
https://images.unsplash.com/photo-1586201375761-83865001e31c?w=500&auto=format&fit=crop&q=80,Rajdhani Chakki Atta 5kg (Pack of 3),GRO-0193,Rajdhani,Grocery,Brown,690,602,102,Premium whole wheat chakki atta for soft rotis.
https://images.unsplash.com/photo-1574323347407-f5e1ad6d020b?w=500&auto=format&fit=crop&q=80,Rajdhani Chakki Atta 5kg (Pack of 4),GRO-0194,Rajdhani,Grocery,Brown,920,796,196,Premium whole wheat chakki atta for soft rotis.
https://images.unsplash.com/photo-1515543904379-3d757afe72e4?w=500&auto=format&fit=crop&q=80,Rajdhani Chakki Atta 5kg (Family Pack of 6),GRO-0195,Rajdhani,Grocery,Brown,1380,1161,94,Premium whole wheat chakki atta for soft rotis.
https://images.unsplash.com/photo-1474979266404-7eaacbcd87c5?w=500&auto=format&fit=crop&q=80,Rajdhani Chakki Atta 10kg,GRO-0196,Rajdhani,Grocery,Brown,415,390,98,Premium whole wheat chakki atta for soft rotis.
https://images.unsplash.com/photo-1588854337221-4cf9fa96059c?w=500&auto=format&fit=crop&q=80,Rajdhani Chakki Atta 10kg (Pack of 2),GRO-0197,Rajdhani,Grocery,Brown,830,741,328,Premium whole wheat chakki atta for soft rotis.
https://images.unsplash.com/photo-1606787366850-de6330128bfc?w=500&auto=format&fit=crop&q=80,Rajdhani Chakki Atta 10kg (Pack of 3),GRO-0198,Rajdhani,Grocery,Brown,1245,1092,341,Premium whole wheat chakki atta for soft rotis.
https://images.unsplash.com/photo-1587049352846-4a222e784d38?w=500&auto=format&fit=crop&q=80,Rajdhani Chakki Atta 10kg (Pack of 4),GRO-0199,Rajdhani,Grocery,Brown,1660,1443,229,Premium whole wheat chakki atta for soft rotis.
https://images.unsplash.com/photo-1506368249639-73a05d6f6488?w=500&auto=format&fit=crop&q=80,Rajdhani Chakki Atta 10kg (Family Pack of 6),GRO-0200,Rajdhani,Grocery,Brown,2490,2106,394,Premium whole wheat chakki atta for soft rotis.
https://images.unsplash.com/photo-1586201375761-83865001e31c?w=500&auto=format&fit=crop&q=80,Shakti Bhog Chakki Atta 5kg,GRO-0201,Shakti Bhog,Grocery,Brown,225,210,358,Fine milled whole wheat atta with natural sweetness.
https://images.unsplash.com/photo-1574323347407-f5e1ad6d020b?w=500&auto=format&fit=crop&q=80,Shakti Bhog Chakki Atta 5kg (Pack of 2),GRO-0202,Shakti Bhog,Grocery,Brown,450,399,309,Fine milled whole wheat atta with natural sweetness.
https://images.unsplash.com/photo-1515543904379-3d757afe72e4?w=500&auto=format&fit=crop&q=80,Shakti Bhog Chakki Atta 5kg (Pack of 3),GRO-0203,Shakti Bhog,Grocery,Brown,675,588,148,Fine milled whole wheat atta with natural sweetness.
https://images.unsplash.com/photo-1474979266404-7eaacbcd87c5?w=500&auto=format&fit=crop&q=80,Shakti Bhog Chakki Atta 5kg (Pack of 4),GRO-0204,Shakti Bhog,Grocery,Brown,900,777,85,Fine milled whole wheat atta with natural sweetness.
https://images.unsplash.com/photo-1588854337221-4cf9fa96059c?w=500&auto=format&fit=crop&q=80,Shakti Bhog Chakki Atta 5kg (Family Pack of 6),GRO-0205,Shakti Bhog,Grocery,Brown,1350,1134,304,Fine milled whole wheat atta with natural sweetness.
https://images.unsplash.com/photo-1606787366850-de6330128bfc?w=500&auto=format&fit=crop&q=80,Patanjali Chakki Atta 5kg,GRO-0206,Patanjali,Grocery,Brown,225,208,90,Traditional chakki ground whole wheat flour.
https://images.unsplash.com/photo-1587049352846-4a222e784d38?w=500&auto=format&fit=crop&q=80,Patanjali Chakki Atta 5kg (Pack of 2),GRO-0207,Patanjali,Grocery,Brown,450,395,136,Traditional chakki ground whole wheat flour.
https://images.unsplash.com/photo-1506368249639-73a05d6f6488?w=500&auto=format&fit=crop&q=80,Patanjali Chakki Atta 5kg (Pack of 3),GRO-0208,Patanjali,Grocery,Brown,675,582,124,Traditional chakki ground whole wheat flour.
https://images.unsplash.com/photo-1586201375761-83865001e31c?w=500&auto=format&fit=crop&q=80,Patanjali Chakki Atta 5kg (Pack of 4),GRO-0209,Patanjali,Grocery,Brown,900,770,279,Traditional chakki ground whole wheat flour.
https://images.unsplash.com/photo-1574323347407-f5e1ad6d020b?w=500&auto=format&fit=crop&q=80,Patanjali Chakki Atta 5kg (Family Pack of 6),GRO-0210,Patanjali,Grocery,Brown,1350,1123,178,Traditional chakki ground whole wheat flour.
https://images.unsplash.com/photo-1515543904379-3d757afe72e4?w=500&auto=format&fit=crop&q=80,Patanjali Chakki Atta 10kg,GRO-0211,Patanjali,Grocery,Brown,410,382,170,Traditional chakki ground whole wheat flour.
https://images.unsplash.com/photo-1474979266404-7eaacbcd87c5?w=500&auto=format&fit=crop&q=80,Patanjali Chakki Atta 10kg (Pack of 2),GRO-0212,Patanjali,Grocery,Brown,820,726,142,Traditional chakki ground whole wheat flour.
https://images.unsplash.com/photo-1588854337221-4cf9fa96059c?w=500&auto=format&fit=crop&q=80,Patanjali Chakki Atta 10kg (Pack of 3),GRO-0213,Patanjali,Grocery,Brown,1230,1070,371,Traditional chakki ground whole wheat flour.
https://images.unsplash.com/photo-1606787366850-de6330128bfc?w=500&auto=format&fit=crop&q=80,Patanjali Chakki Atta 10kg (Pack of 4),GRO-0214,Patanjali,Grocery,Brown,1640,1413,196,Traditional chakki ground whole wheat flour.
https://images.unsplash.com/photo-1587049352846-4a222e784d38?w=500&auto=format&fit=crop&q=80,Patanjali Chakki Atta 10kg (Family Pack of 6),GRO-0215,Patanjali,Grocery,Brown,2460,2063,244,Traditional chakki ground whole wheat flour.
https://images.unsplash.com/photo-1506368249639-73a05d6f6488?w=500&auto=format&fit=crop&q=80,Aashirvaad Select Atta 5kg,GRO-0216,Aashirvaad,Grocery,Brown,320,295,256,Premium 100% sharbati wheat atta for extra soft rotis.
https://images.unsplash.com/photo-1586201375761-83865001e31c?w=500&auto=format&fit=crop&q=80,Aashirvaad Select Atta 5kg (Pack of 2),GRO-0217,Aashirvaad,Grocery,Brown,640,560,167,Premium 100% sharbati wheat atta for extra soft rotis.
https://images.unsplash.com/photo-1574323347407-f5e1ad6d020b?w=500&auto=format&fit=crop&q=80,Aashirvaad Select Atta 5kg (Pack of 3),GRO-0218,Aashirvaad,Grocery,Brown,960,826,364,Premium 100% sharbati wheat atta for extra soft rotis.
https://images.unsplash.com/photo-1515543904379-3d757afe72e4?w=500&auto=format&fit=crop&q=80,Aashirvaad Select Atta 5kg (Pack of 4),GRO-0219,Aashirvaad,Grocery,Brown,1280,1092,396,Premium 100% sharbati wheat atta for extra soft rotis.
https://images.unsplash.com/photo-1474979266404-7eaacbcd87c5?w=500&auto=format&fit=crop&q=80,Aashirvaad Select Atta 5kg (Family Pack of 6),GRO-0220,Aashirvaad,Grocery,Brown,1920,1593,200,Premium 100% sharbati wheat atta for extra soft rotis.
https://images.unsplash.com/photo-1588854337221-4cf9fa96059c?w=500&auto=format&fit=crop&q=80,Aashirvaad Sugar Release Control Atta 5kg,GRO-0221,Aashirvaad,Grocery,Brown,285,260,251,Low glycemic multigrain atta for balanced meals.
https://images.unsplash.com/photo-1606787366850-de6330128bfc?w=500&auto=format&fit=crop&q=80,Aashirvaad Sugar Release Control Atta 5kg (Pack of 2),GRO-0222,Aashirvaad,Grocery,Brown,570,494,258,Low glycemic multigrain atta for balanced meals.
https://images.unsplash.com/photo-1587049352846-4a222e784d38?w=500&auto=format&fit=crop&q=80,Aashirvaad Sugar Release Control Atta 5kg (Pack of 3),GRO-0223,Aashirvaad,Grocery,Brown,855,728,141,Low glycemic multigrain atta for balanced meals.
https://images.unsplash.com/photo-1506368249639-73a05d6f6488?w=500&auto=format&fit=crop&q=80,Aashirvaad Sugar Release Control Atta 5kg (Pack of 4),GRO-0224,Aashirvaad,Grocery,Brown,1140,962,334,Low glycemic multigrain atta for balanced meals.
https://images.unsplash.com/photo-1586201375761-83865001e31c?w=500&auto=format&fit=crop&q=80,Aashirvaad Sugar Release Control Atta 5kg (Family Pack of 6),GRO-0225,Aashirvaad,Grocery,Brown,1710,1404,79,Low glycemic multigrain atta for balanced meals.
https://images.unsplash.com/photo-1574323347407-f5e1ad6d020b?w=500&auto=format&fit=crop&q=80,Aashirvaad Multigrain Atta 5kg,GRO-0226,Aashirvaad,Grocery,Brown,295,270,103,"6 grain atta with oats, soy & maize for healthy rotis."
https://images.unsplash.com/photo-1515543904379-3d757afe72e4?w=500&auto=format&fit=crop&q=80,Aashirvaad Multigrain Atta 5kg (Pack of 2),GRO-0227,Aashirvaad,Grocery,Brown,590,513,211,"6 grain atta with oats, soy & maize for healthy rotis."
https://images.unsplash.com/photo-1474979266404-7eaacbcd87c5?w=500&auto=format&fit=crop&q=80,Aashirvaad Multigrain Atta 5kg (Pack of 3),GRO-0228,Aashirvaad,Grocery,Brown,885,756,268,"6 grain atta with oats, soy & maize for healthy rotis."
https://images.unsplash.com/photo-1588854337221-4cf9fa96059c?w=500&auto=format&fit=crop&q=80,Aashirvaad Multigrain Atta 5kg (Pack of 4),GRO-0229,Aashirvaad,Grocery,Brown,1180,999,371,"6 grain atta with oats, soy & maize for healthy rotis."
https://images.unsplash.com/photo-1606787366850-de6330128bfc?w=500&auto=format&fit=crop&q=80,Aashirvaad Multigrain Atta 5kg (Family Pack of 6),GRO-0230,Aashirvaad,Grocery,Brown,1770,1458,250,"6 grain atta with oats, soy & maize for healthy rotis."
https://images.unsplash.com/photo-1587049352846-4a222e784d38?w=500&auto=format&fit=crop&q=80,24 Mantra Organic Wheat Atta 5kg,GRO-0231,24 Mantra,Grocery,Brown,425,385,234,Certified organic whole wheat flour.
https://images.unsplash.com/photo-1506368249639-73a05d6f6488?w=500&auto=format&fit=crop&q=80,24 Mantra Organic Wheat Atta 5kg (Pack of 2),GRO-0232,24 Mantra,Grocery,Brown,850,732,305,Certified organic whole wheat flour.
https://images.unsplash.com/photo-1586201375761-83865001e31c?w=500&auto=format&fit=crop&q=80,24 Mantra Organic Wheat Atta 5kg (Pack of 3),GRO-0233,24 Mantra,Grocery,Brown,1275,1078,212,Certified organic whole wheat flour.
https://images.unsplash.com/photo-1574323347407-f5e1ad6d020b?w=500&auto=format&fit=crop&q=80,24 Mantra Organic Wheat Atta 5kg (Pack of 4),GRO-0234,24 Mantra,Grocery,Brown,1700,1424,370,Certified organic whole wheat flour.
https://images.unsplash.com/photo-1515543904379-3d757afe72e4?w=500&auto=format&fit=crop&q=80,24 Mantra Organic Wheat Atta 5kg (Family Pack of 6),GRO-0235,24 Mantra,Grocery,Brown,2550,2079,280,Certified organic whole wheat flour.
https://images.unsplash.com/photo-1474979266404-7eaacbcd87c5?w=500&auto=format&fit=crop&q=80,Annapurna Farm Fresh Chakki Atta 5kg,GRO-0236,Annapurna,Grocery,Brown,220,205,233,Farm selected wheat milled for soft chapatis.
https://images.unsplash.com/photo-1588854337221-4cf9fa96059c?w=500&auto=format&fit=crop&q=80,Annapurna Farm Fresh Chakki Atta 5kg (Pack of 2),GRO-0237,Annapurna,Grocery,Brown,440,390,178,Farm selected wheat milled for soft chapatis.
https://images.unsplash.com/photo-1606787366850-de6330128bfc?w=500&auto=format&fit=crop&q=80,Annapurna Farm Fresh Chakki Atta 5kg (Pack of 3),GRO-0238,Annapurna,Grocery,Brown,660,574,97,Farm selected wheat milled for soft chapatis.
https://images.unsplash.com/photo-1587049352846-4a222e784d38?w=500&auto=format&fit=crop&q=80,Annapurna Farm Fresh Chakki Atta 5kg (Pack of 4),GRO-0239,Annapurna,Grocery,Brown,880,758,95,Farm selected wheat milled for soft chapatis.
https://images.unsplash.com/photo-1506368249639-73a05d6f6488?w=500&auto=format&fit=crop&q=80,Annapurna Farm Fresh Chakki Atta 5kg (Family Pack of 6),GRO-0240,Annapurna,Grocery,Brown,1320,1107,383,Farm selected wheat milled for soft chapatis.
https://images.unsplash.com/photo-1586201375761-83865001e31c?w=500&auto=format&fit=crop&q=80,Rajdhani Besan 500g,GRO-0241,Rajdhani,Grocery,Yellow,65,58,161,"Fine gram flour for pakodas, cheela & sweets."
https://images.unsplash.com/photo-1574323347407-f5e1ad6d020b?w=500&auto=format&fit=crop&q=80,Rajdhani Besan 500g (Pack of 2),GRO-0242,Rajdhani,Grocery,Yellow,130,110,294,"Fine gram flour for pakodas, cheela & sweets."
https://images.unsplash.com/photo-1515543904379-3d757afe72e4?w=500&auto=format&fit=crop&q=80,Rajdhani Besan 500g (Pack of 3),GRO-0243,Rajdhani,Grocery,Yellow,195,162,179,"Fine gram flour for pakodas, cheela & sweets."
https://images.unsplash.com/photo-1474979266404-7eaacbcd87c5?w=500&auto=format&fit=crop&q=80,Rajdhani Besan 500g (Pack of 4),GRO-0244,Rajdhani,Grocery,Yellow,260,215,149,"Fine gram flour for pakodas, cheela & sweets."
https://images.unsplash.com/photo-1588854337221-4cf9fa96059c?w=500&auto=format&fit=crop&q=80,Rajdhani Besan 500g (Family Pack of 6),GRO-0245,Rajdhani,Grocery,Yellow,390,313,121,"Fine gram flour for pakodas, cheela & sweets."
https://images.unsplash.com/photo-1606787366850-de6330128bfc?w=500&auto=format&fit=crop&q=80,Rajdhani Besan 1kg,GRO-0246,Rajdhani,Grocery,Yellow,122,110,260,"Fine gram flour for pakodas, cheela & sweets."
https://images.unsplash.com/photo-1587049352846-4a222e784d38?w=500&auto=format&fit=crop&q=80,Rajdhani Besan 1kg (Pack of 2),GRO-0247,Rajdhani,Grocery,Yellow,244,209,66,"Fine gram flour for pakodas, cheela & sweets."
https://images.unsplash.com/photo-1506368249639-73a05d6f6488?w=500&auto=format&fit=crop&q=80,Rajdhani Besan 1kg (Pack of 3),GRO-0248,Rajdhani,Grocery,Yellow,366,308,318,"Fine gram flour for pakodas, cheela & sweets."
https://images.unsplash.com/photo-1586201375761-83865001e31c?w=500&auto=format&fit=crop&q=80,Rajdhani Besan 1kg (Pack of 4),GRO-0249,Rajdhani,Grocery,Yellow,488,407,162,"Fine gram flour for pakodas, cheela & sweets."
https://images.unsplash.com/photo-1574323347407-f5e1ad6d020b?w=500&auto=format&fit=crop&q=80,Rajdhani Besan 1kg (Family Pack of 6),GRO-0250,Rajdhani,Grocery,Yellow,732,594,179,"Fine gram flour for pakodas, cheela & sweets."
https://images.unsplash.com/photo-1515543904379-3d757afe72e4?w=500&auto=format&fit=crop&q=80,Shakti Bhog Maida 1kg,GRO-0251,Shakti Bhog,Grocery,White,58,52,191,Finely milled all purpose flour for baking & frying.
https://images.unsplash.com/photo-1474979266404-7eaacbcd87c5?w=500&auto=format&fit=crop&q=80,Shakti Bhog Maida 1kg (Pack of 2),GRO-0252,Shakti Bhog,Grocery,White,116,99,350,Finely milled all purpose flour for baking & frying.
https://images.unsplash.com/photo-1588854337221-4cf9fa96059c?w=500&auto=format&fit=crop&q=80,Shakti Bhog Maida 1kg (Pack of 3),GRO-0253,Shakti Bhog,Grocery,White,174,146,129,Finely milled all purpose flour for baking & frying.
https://images.unsplash.com/photo-1606787366850-de6330128bfc?w=500&auto=format&fit=crop&q=80,Shakti Bhog Maida 1kg (Pack of 4),GRO-0254,Shakti Bhog,Grocery,White,232,192,256,Finely milled all purpose flour for baking & frying.
https://images.unsplash.com/photo-1587049352846-4a222e784d38?w=500&auto=format&fit=crop&q=80,Shakti Bhog Maida 1kg (Family Pack of 6),GRO-0255,Shakti Bhog,Grocery,White,348,281,202,Finely milled all purpose flour for baking & frying.
https://images.unsplash.com/photo-1506368249639-73a05d6f6488?w=500&auto=format&fit=crop&q=80,Shakti Bhog Maida 5kg,GRO-0256,Shakti Bhog,Grocery,White,265,240,105,Finely milled all purpose flour for baking & frying.
https://images.unsplash.com/photo-1586201375761-83865001e31c?w=500&auto=format&fit=crop&q=80,Shakti Bhog Maida 5kg (Pack of 2),GRO-0257,Shakti Bhog,Grocery,White,530,456,309,Finely milled all purpose flour for baking & frying.
https://images.unsplash.com/photo-1574323347407-f5e1ad6d020b?w=500&auto=format&fit=crop&q=80,Shakti Bhog Maida 5kg (Pack of 3),GRO-0258,Shakti Bhog,Grocery,White,795,672,236,Finely milled all purpose flour for baking & frying.
https://images.unsplash.com/photo-1515543904379-3d757afe72e4?w=500&auto=format&fit=crop&q=80,Shakti Bhog Maida 5kg (Pack of 4),GRO-0259,Shakti Bhog,Grocery,White,1060,888,343,Finely milled all purpose flour for baking & frying.
https://images.unsplash.com/photo-1474979266404-7eaacbcd87c5?w=500&auto=format&fit=crop&q=80,Shakti Bhog Maida 5kg (Family Pack of 6),GRO-0260,Shakti Bhog,Grocery,White,1590,1296,107,Finely milled all purpose flour for baking & frying.
https://images.unsplash.com/photo-1588854337221-4cf9fa96059c?w=500&auto=format&fit=crop&q=80,Bambino Sooji Rava 500g,GRO-0261,Bambino,Grocery,Yellow,48,43,336,"Roasted fine semolina for upma, halwa & idli."
https://images.unsplash.com/photo-1606787366850-de6330128bfc?w=500&auto=format&fit=crop&q=80,Bambino Sooji Rava 500g (Pack of 2),GRO-0262,Bambino,Grocery,Yellow,96,82,327,"Roasted fine semolina for upma, halwa & idli."
https://images.unsplash.com/photo-1587049352846-4a222e784d38?w=500&auto=format&fit=crop&q=80,Bambino Sooji Rava 500g (Pack of 3),GRO-0263,Bambino,Grocery,Yellow,144,120,385,"Roasted fine semolina for upma, halwa & idli."
https://images.unsplash.com/photo-1506368249639-73a05d6f6488?w=500&auto=format&fit=crop&q=80,Bambino Sooji Rava 500g (Pack of 4),GRO-0264,Bambino,Grocery,Yellow,192,159,146,"Roasted fine semolina for upma, halwa & idli."
https://images.unsplash.com/photo-1586201375761-83865001e31c?w=500&auto=format&fit=crop&q=80,Bambino Sooji Rava 500g (Family Pack of 6),GRO-0265,Bambino,Grocery,Yellow,288,232,148,"Roasted fine semolina for upma, halwa & idli."
https://images.unsplash.com/photo-1574323347407-f5e1ad6d020b?w=500&auto=format&fit=crop&q=80,Bambino Sooji Rava 1kg,GRO-0266,Bambino,Grocery,Yellow,90,82,180,"Roasted fine semolina for upma, halwa & idli."
https://images.unsplash.com/photo-1515543904379-3d757afe72e4?w=500&auto=format&fit=crop&q=80,Bambino Sooji Rava 1kg (Pack of 2),GRO-0267,Bambino,Grocery,Yellow,180,156,276,"Roasted fine semolina for upma, halwa & idli."
https://images.unsplash.com/photo-1474979266404-7eaacbcd87c5?w=500&auto=format&fit=crop&q=80,Bambino Sooji Rava 1kg (Pack of 3),GRO-0268,Bambino,Grocery,Yellow,270,230,106,"Roasted fine semolina for upma, halwa & idli."
https://images.unsplash.com/photo-1588854337221-4cf9fa96059c?w=500&auto=format&fit=crop&q=80,Bambino Sooji Rava 1kg (Pack of 4),GRO-0269,Bambino,Grocery,Yellow,360,303,116,"Roasted fine semolina for upma, halwa & idli."
https://images.unsplash.com/photo-1606787366850-de6330128bfc?w=500&auto=format&fit=crop&q=80,Bambino Sooji Rava 1kg (Family Pack of 6),GRO-0270,Bambino,Grocery,Yellow,540,443,314,"Roasted fine semolina for upma, halwa & idli."
https://images.unsplash.com/photo-1587049352846-4a222e784d38?w=500&auto=format&fit=crop&q=80,Rajdhani Sooji 500g,GRO-0271,Rajdhani,Grocery,Yellow,45,40,379,Coarse wheat semolina for halwa & upma.
https://images.unsplash.com/photo-1506368249639-73a05d6f6488?w=500&auto=format&fit=crop&q=80,Rajdhani Sooji 500g (Pack of 2),GRO-0272,Rajdhani,Grocery,Yellow,90,76,295,Coarse wheat semolina for halwa & upma.
https://images.unsplash.com/photo-1586201375761-83865001e31c?w=500&auto=format&fit=crop&q=80,Rajdhani Sooji 500g (Pack of 3),GRO-0273,Rajdhani,Grocery,Yellow,135,112,243,Coarse wheat semolina for halwa & upma.
https://images.unsplash.com/photo-1574323347407-f5e1ad6d020b?w=500&auto=format&fit=crop&q=80,Rajdhani Sooji 500g (Pack of 4),GRO-0274,Rajdhani,Grocery,Yellow,180,148,189,Coarse wheat semolina for halwa & upma.
https://images.unsplash.com/photo-1515543904379-3d757afe72e4?w=500&auto=format&fit=crop&q=80,Rajdhani Sooji 500g (Family Pack of 6),GRO-0275,Rajdhani,Grocery,Yellow,270,216,223,Coarse wheat semolina for halwa & upma.
https://images.unsplash.com/photo-1474979266404-7eaacbcd87c5?w=500&auto=format&fit=crop&q=80,Rajdhani Bajra Atta 500g,GRO-0276,Rajdhani,Grocery,Grey,62,55,275,Iron rich pearl millet flour for winter rotis.
https://images.unsplash.com/photo-1588854337221-4cf9fa96059c?w=500&auto=format&fit=crop&q=80,Rajdhani Bajra Atta 500g (Pack of 2),GRO-0277,Rajdhani,Grocery,Grey,124,104,274,Iron rich pearl millet flour for winter rotis.
https://images.unsplash.com/photo-1606787366850-de6330128bfc?w=500&auto=format&fit=crop&q=80,Rajdhani Bajra Atta 500g (Pack of 3),GRO-0278,Rajdhani,Grocery,Grey,186,154,236,Iron rich pearl millet flour for winter rotis.
https://images.unsplash.com/photo-1587049352846-4a222e784d38?w=500&auto=format&fit=crop&q=80,Rajdhani Bajra Atta 500g (Pack of 4),GRO-0279,Rajdhani,Grocery,Grey,248,204,176,Iron rich pearl millet flour for winter rotis.
https://images.unsplash.com/photo-1506368249639-73a05d6f6488?w=500&auto=format&fit=crop&q=80,Rajdhani Bajra Atta 500g (Family Pack of 6),GRO-0280,Rajdhani,Grocery,Grey,372,297,94,Iron rich pearl millet flour for winter rotis.
https://images.unsplash.com/photo-1586201375761-83865001e31c?w=500&auto=format&fit=crop&q=80,Rajdhani Bajra Atta 1kg,GRO-0281,Rajdhani,Grocery,Grey,115,103,141,Iron rich pearl millet flour for winter rotis.
https://images.unsplash.com/photo-1574323347407-f5e1ad6d020b?w=500&auto=format&fit=crop&q=80,Rajdhani Bajra Atta 1kg (Pack of 2),GRO-0282,Rajdhani,Grocery,Grey,230,196,352,Iron rich pearl millet flour for winter rotis.
https://images.unsplash.com/photo-1515543904379-3d757afe72e4?w=500&auto=format&fit=crop&q=80,Rajdhani Bajra Atta 1kg (Pack of 3),GRO-0283,Rajdhani,Grocery,Grey,345,288,62,Iron rich pearl millet flour for winter rotis.
https://images.unsplash.com/photo-1474979266404-7eaacbcd87c5?w=500&auto=format&fit=crop&q=80,Rajdhani Bajra Atta 1kg (Pack of 4),GRO-0284,Rajdhani,Grocery,Grey,460,381,266,Iron rich pearl millet flour for winter rotis.
https://images.unsplash.com/photo-1588854337221-4cf9fa96059c?w=500&auto=format&fit=crop&q=80,Rajdhani Bajra Atta 1kg (Family Pack of 6),GRO-0285,Rajdhani,Grocery,Grey,690,556,158,Iron rich pearl millet flour for winter rotis.
https://images.unsplash.com/photo-1606787366850-de6330128bfc?w=500&auto=format&fit=crop&q=80,Rajdhani Jowar Atta 500g,GRO-0286,Rajdhani,Grocery,Cream,65,58,379,Gluten free sorghum flour for healthy rotis.
https://images.unsplash.com/photo-1587049352846-4a222e784d38?w=500&auto=format&fit=crop&q=80,Rajdhani Jowar Atta 500g (Pack of 2),GRO-0287,Rajdhani,Grocery,Cream,130,110,94,Gluten free sorghum flour for healthy rotis.
https://images.unsplash.com/photo-1506368249639-73a05d6f6488?w=500&auto=format&fit=crop&q=80,Rajdhani Jowar Atta 500g (Pack of 3),GRO-0288,Rajdhani,Grocery,Cream,195,162,194,Gluten free sorghum flour for healthy rotis.
https://images.unsplash.com/photo-1586201375761-83865001e31c?w=500&auto=format&fit=crop&q=80,Rajdhani Jowar Atta 500g (Pack of 4),GRO-0289,Rajdhani,Grocery,Cream,260,215,219,Gluten free sorghum flour for healthy rotis.
https://images.unsplash.com/photo-1574323347407-f5e1ad6d020b?w=500&auto=format&fit=crop&q=80,Rajdhani Jowar Atta 500g (Family Pack of 6),GRO-0290,Rajdhani,Grocery,Cream,390,313,182,Gluten free sorghum flour for healthy rotis.
https://images.unsplash.com/photo-1515543904379-3d757afe72e4?w=500&auto=format&fit=crop&q=80,Rajdhani Jowar Atta 1kg,GRO-0291,Rajdhani,Grocery,Cream,118,106,114,Gluten free sorghum flour for healthy rotis.
https://images.unsplash.com/photo-1474979266404-7eaacbcd87c5?w=500&auto=format&fit=crop&q=80,Rajdhani Jowar Atta 1kg (Pack of 2),GRO-0292,Rajdhani,Grocery,Cream,236,201,151,Gluten free sorghum flour for healthy rotis.
https://images.unsplash.com/photo-1588854337221-4cf9fa96059c?w=500&auto=format&fit=crop&q=80,Rajdhani Jowar Atta 1kg (Pack of 3),GRO-0293,Rajdhani,Grocery,Cream,354,297,113,Gluten free sorghum flour for healthy rotis.
https://images.unsplash.com/photo-1606787366850-de6330128bfc?w=500&auto=format&fit=crop&q=80,Rajdhani Jowar Atta 1kg (Pack of 4),GRO-0294,Rajdhani,Grocery,Cream,472,392,308,Gluten free sorghum flour for healthy rotis.
https://images.unsplash.com/photo-1587049352846-4a222e784d38?w=500&auto=format&fit=crop&q=80,Rajdhani Jowar Atta 1kg (Family Pack of 6),GRO-0295,Rajdhani,Grocery,Cream,708,572,118,Gluten free sorghum flour for healthy rotis.
https://images.unsplash.com/photo-1506368249639-73a05d6f6488?w=500&auto=format&fit=crop&q=80,Rajdhani Ragi Atta 500g,GRO-0296,Rajdhani,Grocery,Brown,68,61,236,Calcium rich finger millet flour.
https://images.unsplash.com/photo-1586201375761-83865001e31c?w=500&auto=format&fit=crop&q=80,Rajdhani Ragi Atta 500g (Pack of 2),GRO-0297,Rajdhani,Grocery,Brown,136,116,66,Calcium rich finger millet flour.
https://images.unsplash.com/photo-1574323347407-f5e1ad6d020b?w=500&auto=format&fit=crop&q=80,Rajdhani Ragi Atta 500g (Pack of 3),GRO-0298,Rajdhani,Grocery,Brown,204,171,336,Calcium rich finger millet flour.
https://images.unsplash.com/photo-1515543904379-3d757afe72e4?w=500&auto=format&fit=crop&q=80,Rajdhani Ragi Atta 500g (Pack of 4),GRO-0299,Rajdhani,Grocery,Brown,272,226,373,Calcium rich finger millet flour.
https://images.unsplash.com/photo-1474979266404-7eaacbcd87c5?w=500&auto=format&fit=crop&q=80,Rajdhani Ragi Atta 500g (Family Pack of 6),GRO-0300,Rajdhani,Grocery,Brown,408,329,259,Calcium rich finger millet flour.
https://images.unsplash.com/photo-1588854337221-4cf9fa96059c?w=500&auto=format&fit=crop&q=80,Rajdhani Ragi Atta 1kg,GRO-0301,Rajdhani,Grocery,Brown,125,112,319,Calcium rich finger millet flour.
https://images.unsplash.com/photo-1606787366850-de6330128bfc?w=500&auto=format&fit=crop&q=80,Rajdhani Ragi Atta 1kg (Pack of 2),GRO-0302,Rajdhani,Grocery,Brown,250,213,320,Calcium rich finger millet flour.
https://images.unsplash.com/photo-1587049352846-4a222e784d38?w=500&auto=format&fit=crop&q=80,Rajdhani Ragi Atta 1kg (Pack of 3),GRO-0303,Rajdhani,Grocery,Brown,375,314,110,Calcium rich finger millet flour.
https://images.unsplash.com/photo-1506368249639-73a05d6f6488?w=500&auto=format&fit=crop&q=80,Rajdhani Ragi Atta 1kg (Pack of 4),GRO-0304,Rajdhani,Grocery,Brown,500,414,157,Calcium rich finger millet flour.
https://images.unsplash.com/photo-1586201375761-83865001e31c?w=500&auto=format&fit=crop&q=80,Rajdhani Ragi Atta 1kg (Family Pack of 6),GRO-0305,Rajdhani,Grocery,Brown,750,605,234,Calcium rich finger millet flour.
https://images.unsplash.com/photo-1574323347407-f5e1ad6d020b?w=500&auto=format&fit=crop&q=80,24 Mantra Organic Ragi Flour 500g,GRO-0306,24 Mantra,Grocery,Brown,85,76,305,Certified organic finger millet flour.
https://images.unsplash.com/photo-1515543904379-3d757afe72e4?w=500&auto=format&fit=crop&q=80,24 Mantra Organic Ragi Flour 500g (Pack of 2),GRO-0307,24 Mantra,Grocery,Brown,170,144,173,Certified organic finger millet flour.
https://images.unsplash.com/photo-1474979266404-7eaacbcd87c5?w=500&auto=format&fit=crop&q=80,24 Mantra Organic Ragi Flour 500g (Pack of 3),GRO-0308,24 Mantra,Grocery,Brown,255,213,134,Certified organic finger millet flour.
https://images.unsplash.com/photo-1588854337221-4cf9fa96059c?w=500&auto=format&fit=crop&q=80,24 Mantra Organic Ragi Flour 500g (Pack of 4),GRO-0309,24 Mantra,Grocery,Brown,340,281,338,Certified organic finger millet flour.
https://images.unsplash.com/photo-1606787366850-de6330128bfc?w=500&auto=format&fit=crop&q=80,24 Mantra Organic Ragi Flour 500g (Family Pack of 6),GRO-0310,24 Mantra,Grocery,Brown,510,410,337,Certified organic finger millet flour.
https://images.unsplash.com/photo-1587049352846-4a222e784d38?w=500&auto=format&fit=crop&q=80,Tata Sampann Unpolished Toor Dal 1kg,GRO-0311,Tata Sampann,Grocery,Yellow,185,168,315,High protein unpolished arhar dal with natural taste.
https://images.unsplash.com/photo-1506368249639-73a05d6f6488?w=500&auto=format&fit=crop&q=80,Tata Sampann Unpolished Toor Dal 1kg (Pack of 2),GRO-0312,Tata Sampann,Grocery,Yellow,370,319,115,High protein unpolished arhar dal with natural taste.
https://images.unsplash.com/photo-1586201375761-83865001e31c?w=500&auto=format&fit=crop&q=80,Tata Sampann Unpolished Toor Dal 1kg (Pack of 3),GRO-0313,Tata Sampann,Grocery,Yellow,555,470,360,High protein unpolished arhar dal with natural taste.
https://images.unsplash.com/photo-1574323347407-f5e1ad6d020b?w=500&auto=format&fit=crop&q=80,Tata Sampann Unpolished Toor Dal 1kg (Pack of 4),GRO-0314,Tata Sampann,Grocery,Yellow,740,622,318,High protein unpolished arhar dal with natural taste.
https://images.unsplash.com/photo-1515543904379-3d757afe72e4?w=500&auto=format&fit=crop&q=80,Tata Sampann Unpolished Toor Dal 1kg (Family Pack of 6),GRO-0315,Tata Sampann,Grocery,Yellow,1110,907,118,High protein unpolished arhar dal with natural taste.
https://images.unsplash.com/photo-1474979266404-7eaacbcd87c5?w=500&auto=format&fit=crop&q=80,Tata Sampann Unpolished Toor Dal 2kg,GRO-0316,Tata Sampann,Grocery,Yellow,360,330,361,High protein unpolished arhar dal with natural taste.
https://images.unsplash.com/photo-1588854337221-4cf9fa96059c?w=500&auto=format&fit=crop&q=80,Tata Sampann Unpolished Toor Dal 2kg (Pack of 2),GRO-0317,Tata Sampann,Grocery,Yellow,720,627,95,High protein unpolished arhar dal with natural taste.
https://images.unsplash.com/photo-1606787366850-de6330128bfc?w=500&auto=format&fit=crop&q=80,Tata Sampann Unpolished Toor Dal 2kg (Pack of 3),GRO-0318,Tata Sampann,Grocery,Yellow,1080,924,271,High protein unpolished arhar dal with natural taste.
https://images.unsplash.com/photo-1587049352846-4a222e784d38?w=500&auto=format&fit=crop&q=80,Tata Sampann Unpolished Toor Dal 2kg (Pack of 4),GRO-0319,Tata Sampann,Grocery,Yellow,1440,1221,359,High protein unpolished arhar dal with natural taste.
https://images.unsplash.com/photo-1506368249639-73a05d6f6488?w=500&auto=format&fit=crop&q=80,Tata Sampann Unpolished Toor Dal 2kg (Family Pack of 6),GRO-0320,Tata Sampann,Grocery,Yellow,2160,1782,220,High protein unpolished arhar dal with natural taste.
https://images.unsplash.com/photo-1586201375761-83865001e31c?w=500&auto=format&fit=crop&q=80,Tata Sampann Unpolished Chana Dal 1kg,GRO-0321,Tata Sampann,Grocery,Yellow,110,98,93,Nutritious unpolished bengal gram dal rich in flavor.
https://images.unsplash.com/photo-1574323347407-f5e1ad6d020b?w=500&auto=format&fit=crop&q=80,Tata Sampann Unpolished Chana Dal 1kg (Pack of 2),GRO-0322,Tata Sampann,Grocery,Yellow,220,186,393,Nutritious unpolished bengal gram dal rich in flavor.
https://images.unsplash.com/photo-1515543904379-3d757afe72e4?w=500&auto=format&fit=crop&q=80,Tata Sampann Unpolished Chana Dal 1kg (Pack of 3),GRO-0323,Tata Sampann,Grocery,Yellow,330,274,313,Nutritious unpolished bengal gram dal rich in flavor.
https://images.unsplash.com/photo-1474979266404-7eaacbcd87c5?w=500&auto=format&fit=crop&q=80,Tata Sampann Unpolished Chana Dal 1kg (Pack of 4),GRO-0324,Tata Sampann,Grocery,Yellow,440,363,165,Nutritious unpolished bengal gram dal rich in flavor.
https://images.unsplash.com/photo-1588854337221-4cf9fa96059c?w=500&auto=format&fit=crop&q=80,Tata Sampann Unpolished Chana Dal 1kg (Family Pack of 6),GRO-0325,Tata Sampann,Grocery,Yellow,660,529,79,Nutritious unpolished bengal gram dal rich in flavor.
https://images.unsplash.com/photo-1606787366850-de6330128bfc?w=500&auto=format&fit=crop&q=80,Tata Sampann Unpolished Chana Dal 2kg,GRO-0326,Tata Sampann,Grocery,Yellow,215,195,68,Nutritious unpolished bengal gram dal rich in flavor.
https://images.unsplash.com/photo-1587049352846-4a222e784d38?w=500&auto=format&fit=crop&q=80,Tata Sampann Unpolished Chana Dal 2kg (Pack of 2),GRO-0327,Tata Sampann,Grocery,Yellow,430,370,238,Nutritious unpolished bengal gram dal rich in flavor.
https://images.unsplash.com/photo-1506368249639-73a05d6f6488?w=500&auto=format&fit=crop&q=80,Tata Sampann Unpolished Chana Dal 2kg (Pack of 3),GRO-0328,Tata Sampann,Grocery,Yellow,645,546,288,Nutritious unpolished bengal gram dal rich in flavor.
https://images.unsplash.com/photo-1586201375761-83865001e31c?w=500&auto=format&fit=crop&q=80,Tata Sampann Unpolished Chana Dal 2kg (Pack of 4),GRO-0329,Tata Sampann,Grocery,Yellow,860,722,93,Nutritious unpolished bengal gram dal rich in flavor.
https://images.unsplash.com/photo-1574323347407-f5e1ad6d020b?w=500&auto=format&fit=crop&q=80,Tata Sampann Unpolished Chana Dal 2kg (Family Pack of 6),GRO-0330,Tata Sampann,Grocery,Yellow,1290,1053,168,Nutritious unpolished bengal gram dal rich in flavor.
https://images.unsplash.com/photo-1515543904379-3d757afe72e4?w=500&auto=format&fit=crop&q=80,Tata Sampann Unpolished Moong Dal 1kg,GRO-0331,Tata Sampann,Grocery,Yellow,155,140,353,Easily digestible unpolished split green gram dal.
https://images.unsplash.com/photo-1474979266404-7eaacbcd87c5?w=500&auto=format&fit=crop&q=80,Tata Sampann Unpolished Moong Dal 1kg (Pack of 2),GRO-0332,Tata Sampann,Grocery,Yellow,310,266,261,Easily digestible unpolished split green gram dal.
https://images.unsplash.com/photo-1588854337221-4cf9fa96059c?w=500&auto=format&fit=crop&q=80,Tata Sampann Unpolished Moong Dal 1kg (Pack of 3),GRO-0333,Tata Sampann,Grocery,Yellow,465,392,368,Easily digestible unpolished split green gram dal.
https://images.unsplash.com/photo-1606787366850-de6330128bfc?w=500&auto=format&fit=crop&q=80,Tata Sampann Unpolished Moong Dal 1kg (Pack of 4),GRO-0334,Tata Sampann,Grocery,Yellow,620,518,80,Easily digestible unpolished split green gram dal.
https://images.unsplash.com/photo-1587049352846-4a222e784d38?w=500&auto=format&fit=crop&q=80,Tata Sampann Unpolished Moong Dal 1kg (Family Pack of 6),GRO-0335,Tata Sampann,Grocery,Yellow,930,756,96,Easily digestible unpolished split green gram dal.
https://images.unsplash.com/photo-1506368249639-73a05d6f6488?w=500&auto=format&fit=crop&q=80,Tata Sampann Unpolished Moong Dal 2kg,GRO-0336,Tata Sampann,Grocery,Yellow,305,278,307,Easily digestible unpolished split green gram dal.
https://images.unsplash.com/photo-1586201375761-83865001e31c?w=500&auto=format&fit=crop&q=80,Tata Sampann Unpolished Moong Dal 2kg (Pack of 2),GRO-0337,Tata Sampann,Grocery,Yellow,610,528,276,Easily digestible unpolished split green gram dal.
https://images.unsplash.com/photo-1574323347407-f5e1ad6d020b?w=500&auto=format&fit=crop&q=80,Tata Sampann Unpolished Moong Dal 2kg (Pack of 3),GRO-0338,Tata Sampann,Grocery,Yellow,915,778,116,Easily digestible unpolished split green gram dal.
https://images.unsplash.com/photo-1515543904379-3d757afe72e4?w=500&auto=format&fit=crop&q=80,Tata Sampann Unpolished Moong Dal 2kg (Pack of 4),GRO-0339,Tata Sampann,Grocery,Yellow,1220,1029,80,Easily digestible unpolished split green gram dal.
https://images.unsplash.com/photo-1474979266404-7eaacbcd87c5?w=500&auto=format&fit=crop&q=80,Tata Sampann Unpolished Moong Dal 2kg (Family Pack of 6),GRO-0340,Tata Sampann,Grocery,Yellow,1830,1501,285,Easily digestible unpolished split green gram dal.
https://images.unsplash.com/photo-1588854337221-4cf9fa96059c?w=500&auto=format&fit=crop&q=80,Tata Sampann Unpolished Masoor Dal 1kg,GRO-0341,Tata Sampann,Grocery,Reddish Orange,118,106,188,Protein rich unpolished red lentil dal.
https://images.unsplash.com/photo-1606787366850-de6330128bfc?w=500&auto=format&fit=crop&q=80,Tata Sampann Unpolished Masoor Dal 1kg (Pack of 2),GRO-0342,Tata Sampann,Grocery,Reddish Orange,236,201,248,Protein rich unpolished red lentil dal.
https://images.unsplash.com/photo-1587049352846-4a222e784d38?w=500&auto=format&fit=crop&q=80,Tata Sampann Unpolished Masoor Dal 1kg (Pack of 3),GRO-0343,Tata Sampann,Grocery,Reddish Orange,354,297,380,Protein rich unpolished red lentil dal.
https://images.unsplash.com/photo-1506368249639-73a05d6f6488?w=500&auto=format&fit=crop&q=80,Tata Sampann Unpolished Masoor Dal 1kg (Pack of 4),GRO-0344,Tata Sampann,Grocery,Reddish Orange,472,392,370,Protein rich unpolished red lentil dal.
https://images.unsplash.com/photo-1586201375761-83865001e31c?w=500&auto=format&fit=crop&q=80,Tata Sampann Unpolished Masoor Dal 1kg (Family Pack of 6),GRO-0345,Tata Sampann,Grocery,Reddish Orange,708,572,309,Protein rich unpolished red lentil dal.
https://images.unsplash.com/photo-1574323347407-f5e1ad6d020b?w=500&auto=format&fit=crop&q=80,Tata Sampann Unpolished Masoor Dal 2kg,GRO-0346,Tata Sampann,Grocery,Reddish Orange,230,210,326,Protein rich unpolished red lentil dal.
https://images.unsplash.com/photo-1515543904379-3d757afe72e4?w=500&auto=format&fit=crop&q=80,Tata Sampann Unpolished Masoor Dal 2kg (Pack of 2),GRO-0347,Tata Sampann,Grocery,Reddish Orange,460,399,354,Protein rich unpolished red lentil dal.
https://images.unsplash.com/photo-1474979266404-7eaacbcd87c5?w=500&auto=format&fit=crop&q=80,Tata Sampann Unpolished Masoor Dal 2kg (Pack of 3),GRO-0348,Tata Sampann,Grocery,Reddish Orange,690,588,291,Protein rich unpolished red lentil dal.
https://images.unsplash.com/photo-1588854337221-4cf9fa96059c?w=500&auto=format&fit=crop&q=80,Tata Sampann Unpolished Masoor Dal 2kg (Pack of 4),GRO-0349,Tata Sampann,Grocery,Reddish Orange,920,777,311,Protein rich unpolished red lentil dal.
https://images.unsplash.com/photo-1606787366850-de6330128bfc?w=500&auto=format&fit=crop&q=80,Tata Sampann Unpolished Masoor Dal 2kg (Family Pack of 6),GRO-0350,Tata Sampann,Grocery,Reddish Orange,1380,1134,220,Protein rich unpolished red lentil dal.
https://images.unsplash.com/photo-1587049352846-4a222e784d38?w=500&auto=format&fit=crop&q=80,Tata Sampann Unpolished Urad Dal 1kg,GRO-0351,Tata Sampann,Grocery,White,165,150,225,Split black gram dal for crispy dosas & vadas.
https://images.unsplash.com/photo-1506368249639-73a05d6f6488?w=500&auto=format&fit=crop&q=80,Tata Sampann Unpolished Urad Dal 1kg (Pack of 2),GRO-0352,Tata Sampann,Grocery,White,330,285,128,Split black gram dal for crispy dosas & vadas.
https://images.unsplash.com/photo-1586201375761-83865001e31c?w=500&auto=format&fit=crop&q=80,Tata Sampann Unpolished Urad Dal 1kg (Pack of 3),GRO-0353,Tata Sampann,Grocery,White,495,420,233,Split black gram dal for crispy dosas & vadas.
https://images.unsplash.com/photo-1574323347407-f5e1ad6d020b?w=500&auto=format&fit=crop&q=80,Tata Sampann Unpolished Urad Dal 1kg (Pack of 4),GRO-0354,Tata Sampann,Grocery,White,660,555,168,Split black gram dal for crispy dosas & vadas.
https://images.unsplash.com/photo-1515543904379-3d757afe72e4?w=500&auto=format&fit=crop&q=80,Tata Sampann Unpolished Urad Dal 1kg (Family Pack of 6),GRO-0355,Tata Sampann,Grocery,White,990,810,377,Split black gram dal for crispy dosas & vadas.
https://images.unsplash.com/photo-1474979266404-7eaacbcd87c5?w=500&auto=format&fit=crop&q=80,Tata Sampann Rajma Chitra 500g,GRO-0356,Tata Sampann,Grocery,Brown,95,85,343,Speckled kidney beans for rich Punjabi rajma.
https://images.unsplash.com/photo-1588854337221-4cf9fa96059c?w=500&auto=format&fit=crop&q=80,Tata Sampann Rajma Chitra 500g (Pack of 2),GRO-0357,Tata Sampann,Grocery,Brown,190,162,322,Speckled kidney beans for rich Punjabi rajma.
https://images.unsplash.com/photo-1606787366850-de6330128bfc?w=500&auto=format&fit=crop&q=80,Tata Sampann Rajma Chitra 500g (Pack of 3),GRO-0358,Tata Sampann,Grocery,Brown,285,238,289,Speckled kidney beans for rich Punjabi rajma.
https://images.unsplash.com/photo-1587049352846-4a222e784d38?w=500&auto=format&fit=crop&q=80,Tata Sampann Rajma Chitra 500g (Pack of 4),GRO-0359,Tata Sampann,Grocery,Brown,380,314,164,Speckled kidney beans for rich Punjabi rajma.
https://images.unsplash.com/photo-1506368249639-73a05d6f6488?w=500&auto=format&fit=crop&q=80,Tata Sampann Rajma Chitra 500g (Family Pack of 6),GRO-0360,Tata Sampann,Grocery,Brown,570,459,286,Speckled kidney beans for rich Punjabi rajma.
https://images.unsplash.com/photo-1586201375761-83865001e31c?w=500&auto=format&fit=crop&q=80,Tata Sampann Rajma Chitra 1kg,GRO-0361,Tata Sampann,Grocery,Brown,180,162,289,Speckled kidney beans for rich Punjabi rajma.
https://images.unsplash.com/photo-1574323347407-f5e1ad6d020b?w=500&auto=format&fit=crop&q=80,Tata Sampann Rajma Chitra 1kg (Pack of 2),GRO-0362,Tata Sampann,Grocery,Brown,360,308,157,Speckled kidney beans for rich Punjabi rajma.
https://images.unsplash.com/photo-1515543904379-3d757afe72e4?w=500&auto=format&fit=crop&q=80,Tata Sampann Rajma Chitra 1kg (Pack of 3),GRO-0363,Tata Sampann,Grocery,Brown,540,454,162,Speckled kidney beans for rich Punjabi rajma.
https://images.unsplash.com/photo-1474979266404-7eaacbcd87c5?w=500&auto=format&fit=crop&q=80,Tata Sampann Rajma Chitra 1kg (Pack of 4),GRO-0364,Tata Sampann,Grocery,Brown,720,599,333,Speckled kidney beans for rich Punjabi rajma.
https://images.unsplash.com/photo-1588854337221-4cf9fa96059c?w=500&auto=format&fit=crop&q=80,Tata Sampann Rajma Chitra 1kg (Family Pack of 6),GRO-0365,Tata Sampann,Grocery,Brown,1080,875,397,Speckled kidney beans for rich Punjabi rajma.
https://images.unsplash.com/photo-1606787366850-de6330128bfc?w=500&auto=format&fit=crop&q=80,Tata Sampann Rajma Red 500g,GRO-0366,Tata Sampann,Grocery,Maroon,92,83,184,Bold red kidney beans rich in protein & fiber.
https://images.unsplash.com/photo-1587049352846-4a222e784d38?w=500&auto=format&fit=crop&q=80,Tata Sampann Rajma Red 500g (Pack of 2),GRO-0367,Tata Sampann,Grocery,Maroon,184,158,158,Bold red kidney beans rich in protein & fiber.
https://images.unsplash.com/photo-1506368249639-73a05d6f6488?w=500&auto=format&fit=crop&q=80,Tata Sampann Rajma Red 500g (Pack of 3),GRO-0368,Tata Sampann,Grocery,Maroon,276,232,174,Bold red kidney beans rich in protein & fiber.
https://images.unsplash.com/photo-1586201375761-83865001e31c?w=500&auto=format&fit=crop&q=80,Tata Sampann Rajma Red 500g (Pack of 4),GRO-0369,Tata Sampann,Grocery,Maroon,368,307,282,Bold red kidney beans rich in protein & fiber.
https://images.unsplash.com/photo-1574323347407-f5e1ad6d020b?w=500&auto=format&fit=crop&q=80,Tata Sampann Rajma Red 500g (Family Pack of 6),GRO-0370,Tata Sampann,Grocery,Maroon,552,448,289,Bold red kidney beans rich in protein & fiber.
https://images.unsplash.com/photo-1515543904379-3d757afe72e4?w=500&auto=format&fit=crop&q=80,Tata Sampann Rajma Red 1kg,GRO-0371,Tata Sampann,Grocery,Maroon,175,158,369,Bold red kidney beans rich in protein & fiber.
https://images.unsplash.com/photo-1474979266404-7eaacbcd87c5?w=500&auto=format&fit=crop&q=80,Tata Sampann Rajma Red 1kg (Pack of 2),GRO-0372,Tata Sampann,Grocery,Maroon,350,300,78,Bold red kidney beans rich in protein & fiber.
https://images.unsplash.com/photo-1588854337221-4cf9fa96059c?w=500&auto=format&fit=crop&q=80,Tata Sampann Rajma Red 1kg (Pack of 3),GRO-0373,Tata Sampann,Grocery,Maroon,525,442,233,Bold red kidney beans rich in protein & fiber.
https://images.unsplash.com/photo-1606787366850-de6330128bfc?w=500&auto=format&fit=crop&q=80,Tata Sampann Rajma Red 1kg (Pack of 4),GRO-0374,Tata Sampann,Grocery,Maroon,700,585,279,Bold red kidney beans rich in protein & fiber.
https://images.unsplash.com/photo-1587049352846-4a222e784d38?w=500&auto=format&fit=crop&q=80,Tata Sampann Rajma Red 1kg (Family Pack of 6),GRO-0375,Tata Sampann,Grocery,Maroon,1050,853,259,Bold red kidney beans rich in protein & fiber.
https://images.unsplash.com/photo-1506368249639-73a05d6f6488?w=500&auto=format&fit=crop&q=80,Tata Sampann Kala Chana 1kg,GRO-0376,Tata Sampann,Grocery,Brown,118,105,118,Protein packed black chickpeas for curries & sprouts.
https://images.unsplash.com/photo-1586201375761-83865001e31c?w=500&auto=format&fit=crop&q=80,Tata Sampann Kala Chana 1kg (Pack of 2),GRO-0377,Tata Sampann,Grocery,Brown,236,200,276,Protein packed black chickpeas for curries & sprouts.
https://images.unsplash.com/photo-1574323347407-f5e1ad6d020b?w=500&auto=format&fit=crop&q=80,Tata Sampann Kala Chana 1kg (Pack of 3),GRO-0378,Tata Sampann,Grocery,Brown,354,294,375,Protein packed black chickpeas for curries & sprouts.
https://images.unsplash.com/photo-1515543904379-3d757afe72e4?w=500&auto=format&fit=crop&q=80,Tata Sampann Kala Chana 1kg (Pack of 4),GRO-0379,Tata Sampann,Grocery,Brown,472,388,284,Protein packed black chickpeas for curries & sprouts.
https://images.unsplash.com/photo-1474979266404-7eaacbcd87c5?w=500&auto=format&fit=crop&q=80,Tata Sampann Kala Chana 1kg (Family Pack of 6),GRO-0380,Tata Sampann,Grocery,Brown,708,567,190,Protein packed black chickpeas for curries & sprouts.
https://images.unsplash.com/photo-1588854337221-4cf9fa96059c?w=500&auto=format&fit=crop&q=80,Tata Sampann Kabuli Chana 1kg,GRO-0381,Tata Sampann,Grocery,Cream,135,122,207,Large white chickpeas for chole & salads.
https://images.unsplash.com/photo-1606787366850-de6330128bfc?w=500&auto=format&fit=crop&q=80,Tata Sampann Kabuli Chana 1kg (Pack of 2),GRO-0382,Tata Sampann,Grocery,Cream,270,232,187,Large white chickpeas for chole & salads.
https://images.unsplash.com/photo-1587049352846-4a222e784d38?w=500&auto=format&fit=crop&q=80,Tata Sampann Kabuli Chana 1kg (Pack of 3),GRO-0383,Tata Sampann,Grocery,Cream,405,342,269,Large white chickpeas for chole & salads.
https://images.unsplash.com/photo-1506368249639-73a05d6f6488?w=500&auto=format&fit=crop&q=80,Tata Sampann Kabuli Chana 1kg (Pack of 4),GRO-0384,Tata Sampann,Grocery,Cream,540,451,161,Large white chickpeas for chole & salads.
https://images.unsplash.com/photo-1586201375761-83865001e31c?w=500&auto=format&fit=crop&q=80,Tata Sampann Kabuli Chana 1kg (Family Pack of 6),GRO-0385,Tata Sampann,Grocery,Cream,810,659,157,Large white chickpeas for chole & salads.
https://images.unsplash.com/photo-1574323347407-f5e1ad6d020b?w=500&auto=format&fit=crop&q=80,Tata Sampann Lobia 500g,GRO-0386,Tata Sampann,Grocery,White,78,70,297,Black eyed beans for curry & sundal.
https://images.unsplash.com/photo-1515543904379-3d757afe72e4?w=500&auto=format&fit=crop&q=80,Tata Sampann Lobia 500g (Pack of 2),GRO-0387,Tata Sampann,Grocery,White,156,133,258,Black eyed beans for curry & sundal.
https://images.unsplash.com/photo-1474979266404-7eaacbcd87c5?w=500&auto=format&fit=crop&q=80,Tata Sampann Lobia 500g (Pack of 3),GRO-0388,Tata Sampann,Grocery,White,234,196,122,Black eyed beans for curry & sundal.
https://images.unsplash.com/photo-1588854337221-4cf9fa96059c?w=500&auto=format&fit=crop&q=80,Tata Sampann Lobia 500g (Pack of 4),GRO-0389,Tata Sampann,Grocery,White,312,259,180,Black eyed beans for curry & sundal.
https://images.unsplash.com/photo-1606787366850-de6330128bfc?w=500&auto=format&fit=crop&q=80,Tata Sampann Lobia 500g (Family Pack of 6),GRO-0390,Tata Sampann,Grocery,White,468,378,120,Black eyed beans for curry & sundal.
https://images.unsplash.com/photo-1587049352846-4a222e784d38?w=500&auto=format&fit=crop&q=80,Tata Sampann Sabut Moong 1kg,GRO-0391,Tata Sampann,Grocery,Green,145,130,320,Whole green gram for sprouts & khichdi.
https://images.unsplash.com/photo-1506368249639-73a05d6f6488?w=500&auto=format&fit=crop&q=80,Tata Sampann Sabut Moong 1kg (Pack of 2),GRO-0392,Tata Sampann,Grocery,Green,290,247,200,Whole green gram for sprouts & khichdi.
https://images.unsplash.com/photo-1586201375761-83865001e31c?w=500&auto=format&fit=crop&q=80,Tata Sampann Sabut Moong 1kg (Pack of 3),GRO-0393,Tata Sampann,Grocery,Green,435,364,291,Whole green gram for sprouts & khichdi.
https://images.unsplash.com/photo-1574323347407-f5e1ad6d020b?w=500&auto=format&fit=crop&q=80,Tata Sampann Sabut Moong 1kg (Pack of 4),GRO-0394,Tata Sampann,Grocery,Green,580,481,127,Whole green gram for sprouts & khichdi.
https://images.unsplash.com/photo-1515543904379-3d757afe72e4?w=500&auto=format&fit=crop&q=80,Tata Sampann Sabut Moong 1kg (Family Pack of 6),GRO-0395,Tata Sampann,Grocery,Green,870,702,339,Whole green gram for sprouts & khichdi.
https://images.unsplash.com/photo-1474979266404-7eaacbcd87c5?w=500&auto=format&fit=crop&q=80,24 Mantra Organic Toor Dal 1kg,GRO-0396,24 Mantra,Grocery,Yellow,215,195,355,Certified organic unpolished arhar dal.
https://images.unsplash.com/photo-1588854337221-4cf9fa96059c?w=500&auto=format&fit=crop&q=80,24 Mantra Organic Toor Dal 1kg (Pack of 2),GRO-0397,24 Mantra,Grocery,Yellow,430,370,169,Certified organic unpolished arhar dal.
https://images.unsplash.com/photo-1606787366850-de6330128bfc?w=500&auto=format&fit=crop&q=80,24 Mantra Organic Toor Dal 1kg (Pack of 3),GRO-0398,24 Mantra,Grocery,Yellow,645,546,194,Certified organic unpolished arhar dal.
https://images.unsplash.com/photo-1587049352846-4a222e784d38?w=500&auto=format&fit=crop&q=80,24 Mantra Organic Toor Dal 1kg (Pack of 4),GRO-0399,24 Mantra,Grocery,Yellow,860,722,272,Certified organic unpolished arhar dal.
https://images.unsplash.com/photo-1506368249639-73a05d6f6488?w=500&auto=format&fit=crop&q=80,24 Mantra Organic Toor Dal 1kg (Family Pack of 6),GRO-0400,24 Mantra,Grocery,Yellow,1290,1053,101,Certified organic unpolished arhar dal.
https://images.unsplash.com/photo-1586201375761-83865001e31c?w=500&auto=format&fit=crop&q=80,24 Mantra Organic Chana Dal 1kg,GRO-0401,24 Mantra,Grocery,Yellow,155,140,361,Certified organic split bengal gram.
https://images.unsplash.com/photo-1574323347407-f5e1ad6d020b?w=500&auto=format&fit=crop&q=80,24 Mantra Organic Chana Dal 1kg (Pack of 2),GRO-0402,24 Mantra,Grocery,Yellow,310,266,165,Certified organic split bengal gram.
https://images.unsplash.com/photo-1515543904379-3d757afe72e4?w=500&auto=format&fit=crop&q=80,24 Mantra Organic Chana Dal 1kg (Pack of 3),GRO-0403,24 Mantra,Grocery,Yellow,465,392,61,Certified organic split bengal gram.
https://images.unsplash.com/photo-1474979266404-7eaacbcd87c5?w=500&auto=format&fit=crop&q=80,24 Mantra Organic Chana Dal 1kg (Pack of 4),GRO-0404,24 Mantra,Grocery,Yellow,620,518,312,Certified organic split bengal gram.
https://images.unsplash.com/photo-1588854337221-4cf9fa96059c?w=500&auto=format&fit=crop&q=80,24 Mantra Organic Chana Dal 1kg (Family Pack of 6),GRO-0405,24 Mantra,Grocery,Yellow,930,756,354,Certified organic split bengal gram.
https://images.unsplash.com/photo-1606787366850-de6330128bfc?w=500&auto=format&fit=crop&q=80,24 Mantra Organic Moong Dal 1kg,GRO-0406,24 Mantra,Grocery,Yellow,185,167,345,Certified organic split green gram.
https://images.unsplash.com/photo-1587049352846-4a222e784d38?w=500&auto=format&fit=crop&q=80,24 Mantra Organic Moong Dal 1kg (Pack of 2),GRO-0407,24 Mantra,Grocery,Yellow,370,317,268,Certified organic split green gram.
https://images.unsplash.com/photo-1506368249639-73a05d6f6488?w=500&auto=format&fit=crop&q=80,24 Mantra Organic Moong Dal 1kg (Pack of 3),GRO-0408,24 Mantra,Grocery,Yellow,555,468,223,Certified organic split green gram.
https://images.unsplash.com/photo-1586201375761-83865001e31c?w=500&auto=format&fit=crop&q=80,24 Mantra Organic Moong Dal 1kg (Pack of 4),GRO-0409,24 Mantra,Grocery,Yellow,740,618,202,Certified organic split green gram.
https://images.unsplash.com/photo-1574323347407-f5e1ad6d020b?w=500&auto=format&fit=crop&q=80,24 Mantra Organic Moong Dal 1kg (Family Pack of 6),GRO-0410,24 Mantra,Grocery,Yellow,1110,902,399,Certified organic split green gram.
https://images.unsplash.com/photo-1515543904379-3d757afe72e4?w=500&auto=format&fit=crop&q=80,Organic Tattva Toor Dal 1kg,GRO-0411,Organic Tattva,Grocery,Yellow,210,190,229,Chemical free organic arhar dal.
https://images.unsplash.com/photo-1474979266404-7eaacbcd87c5?w=500&auto=format&fit=crop&q=80,Organic Tattva Toor Dal 1kg (Pack of 2),GRO-0412,Organic Tattva,Grocery,Yellow,420,361,246,Chemical free organic arhar dal.
https://images.unsplash.com/photo-1588854337221-4cf9fa96059c?w=500&auto=format&fit=crop&q=80,Organic Tattva Toor Dal 1kg (Pack of 3),GRO-0413,Organic Tattva,Grocery,Yellow,630,532,230,Chemical free organic arhar dal.
https://images.unsplash.com/photo-1606787366850-de6330128bfc?w=500&auto=format&fit=crop&q=80,Organic Tattva Toor Dal 1kg (Pack of 4),GRO-0414,Organic Tattva,Grocery,Yellow,840,703,95,Chemical free organic arhar dal.
https://images.unsplash.com/photo-1587049352846-4a222e784d38?w=500&auto=format&fit=crop&q=80,Organic Tattva Toor Dal 1kg (Family Pack of 6),GRO-0415,Organic Tattva,Grocery,Yellow,1260,1026,217,Chemical free organic arhar dal.
https://images.unsplash.com/photo-1506368249639-73a05d6f6488?w=500&auto=format&fit=crop&q=80,Organic Tattva Rajma Red 500g,GRO-0416,Organic Tattva,Grocery,Maroon,110,98,214,Organic red kidney beans from Himalayan foothills.
https://images.unsplash.com/photo-1586201375761-83865001e31c?w=500&auto=format&fit=crop&q=80,Organic Tattva Rajma Red 500g (Pack of 2),GRO-0417,Organic Tattva,Grocery,Maroon,220,186,217,Organic red kidney beans from Himalayan foothills.
https://images.unsplash.com/photo-1574323347407-f5e1ad6d020b?w=500&auto=format&fit=crop&q=80,Organic Tattva Rajma Red 500g (Pack of 3),GRO-0418,Organic Tattva,Grocery,Maroon,330,274,66,Organic red kidney beans from Himalayan foothills.
https://images.unsplash.com/photo-1515543904379-3d757afe72e4?w=500&auto=format&fit=crop&q=80,Organic Tattva Rajma Red 500g (Pack of 4),GRO-0419,Organic Tattva,Grocery,Maroon,440,363,157,Organic red kidney beans from Himalayan foothills.
https://images.unsplash.com/photo-1474979266404-7eaacbcd87c5?w=500&auto=format&fit=crop&q=80,Organic Tattva Rajma Red 500g (Family Pack of 6),GRO-0420,Organic Tattva,Grocery,Maroon,660,529,399,Organic red kidney beans from Himalayan foothills.
https://images.unsplash.com/photo-1588854337221-4cf9fa96059c?w=500&auto=format&fit=crop&q=80,Organic Tattva Urad Dal 500g,GRO-0421,Organic Tattva,Grocery,White,105,94,216,Organic split black gram dal.
https://images.unsplash.com/photo-1606787366850-de6330128bfc?w=500&auto=format&fit=crop&q=80,Organic Tattva Urad Dal 500g (Pack of 2),GRO-0422,Organic Tattva,Grocery,White,210,179,250,Organic split black gram dal.
https://images.unsplash.com/photo-1587049352846-4a222e784d38?w=500&auto=format&fit=crop&q=80,Organic Tattva Urad Dal 500g (Pack of 3),GRO-0423,Organic Tattva,Grocery,White,315,263,143,Organic split black gram dal.
https://images.unsplash.com/photo-1506368249639-73a05d6f6488?w=500&auto=format&fit=crop&q=80,Organic Tattva Urad Dal 500g (Pack of 4),GRO-0424,Organic Tattva,Grocery,White,420,348,363,Organic split black gram dal.
https://images.unsplash.com/photo-1586201375761-83865001e31c?w=500&auto=format&fit=crop&q=80,Organic Tattva Urad Dal 500g (Family Pack of 6),GRO-0425,Organic Tattva,Grocery,White,630,508,389,Organic split black gram dal.
https://images.unsplash.com/photo-1574323347407-f5e1ad6d020b?w=500&auto=format&fit=crop&q=80,Tata Sampann Moongfali Dana 500g,GRO-0426,Tata Sampann,Grocery,Reddish,85,76,80,Raw groundnut kernels for snacking & oil.
https://images.unsplash.com/photo-1515543904379-3d757afe72e4?w=500&auto=format&fit=crop&q=80,Tata Sampann Moongfali Dana 500g (Pack of 2),GRO-0427,Tata Sampann,Grocery,Reddish,170,144,396,Raw groundnut kernels for snacking & oil.
https://images.unsplash.com/photo-1474979266404-7eaacbcd87c5?w=500&auto=format&fit=crop&q=80,Tata Sampann Moongfali Dana 500g (Pack of 3),GRO-0428,Tata Sampann,Grocery,Reddish,255,213,294,Raw groundnut kernels for snacking & oil.
https://images.unsplash.com/photo-1588854337221-4cf9fa96059c?w=500&auto=format&fit=crop&q=80,Tata Sampann Moongfali Dana 500g (Pack of 4),GRO-0429,Tata Sampann,Grocery,Reddish,340,281,293,Raw groundnut kernels for snacking & oil.
https://images.unsplash.com/photo-1606787366850-de6330128bfc?w=500&auto=format&fit=crop&q=80,Tata Sampann Moongfali Dana 500g (Family Pack of 6),GRO-0430,Tata Sampann,Grocery,Reddish,510,410,208,Raw groundnut kernels for snacking & oil.
https://images.unsplash.com/photo-1587049352846-4a222e784d38?w=500&auto=format&fit=crop&q=80,Fortune Sunlite Sunflower Oil 1L,GRO-0431,Fortune,Grocery,Yellow,155,142,389,Light and healthy refined sunflower cooking oil.
https://images.unsplash.com/photo-1506368249639-73a05d6f6488?w=500&auto=format&fit=crop&q=80,Fortune Sunlite Sunflower Oil 1L (Pack of 2),GRO-0432,Fortune,Grocery,Yellow,310,270,82,Light and healthy refined sunflower cooking oil.
https://images.unsplash.com/photo-1586201375761-83865001e31c?w=500&auto=format&fit=crop&q=80,Fortune Sunlite Sunflower Oil 1L (Pack of 3),GRO-0433,Fortune,Grocery,Yellow,465,398,323,Light and healthy refined sunflower cooking oil.
https://images.unsplash.com/photo-1574323347407-f5e1ad6d020b?w=500&auto=format&fit=crop&q=80,Fortune Sunlite Sunflower Oil 1L (Pack of 4),GRO-0434,Fortune,Grocery,Yellow,620,525,117,Light and healthy refined sunflower cooking oil.
https://images.unsplash.com/photo-1515543904379-3d757afe72e4?w=500&auto=format&fit=crop&q=80,Fortune Sunlite Sunflower Oil 1L (Family Pack of 6),GRO-0435,Fortune,Grocery,Yellow,930,767,128,Light and healthy refined sunflower cooking oil.
https://images.unsplash.com/photo-1474979266404-7eaacbcd87c5?w=500&auto=format&fit=crop&q=80,Fortune Sunlite Sunflower Oil 2L,GRO-0436,Fortune,Grocery,Yellow,300,275,361,Light and healthy refined sunflower cooking oil.
https://images.unsplash.com/photo-1588854337221-4cf9fa96059c?w=500&auto=format&fit=crop&q=80,Fortune Sunlite Sunflower Oil 2L (Pack of 2),GRO-0437,Fortune,Grocery,Yellow,600,522,315,Light and healthy refined sunflower cooking oil.
https://images.unsplash.com/photo-1606787366850-de6330128bfc?w=500&auto=format&fit=crop&q=80,Fortune Sunlite Sunflower Oil 2L (Pack of 3),GRO-0438,Fortune,Grocery,Yellow,900,770,231,Light and healthy refined sunflower cooking oil.
https://images.unsplash.com/photo-1587049352846-4a222e784d38?w=500&auto=format&fit=crop&q=80,Fortune Sunlite Sunflower Oil 2L (Pack of 4),GRO-0439,Fortune,Grocery,Yellow,1200,1018,171,Light and healthy refined sunflower cooking oil.
https://images.unsplash.com/photo-1506368249639-73a05d6f6488?w=500&auto=format&fit=crop&q=80,Fortune Sunlite Sunflower Oil 2L (Family Pack of 6),GRO-0440,Fortune,Grocery,Yellow,1800,1485,90,Light and healthy refined sunflower cooking oil.
https://images.unsplash.com/photo-1586201375761-83865001e31c?w=500&auto=format&fit=crop&q=80,Fortune Sunlite Sunflower Oil 5L,GRO-0441,Fortune,Grocery,Yellow,740,685,62,Light and healthy refined sunflower cooking oil.
https://images.unsplash.com/photo-1574323347407-f5e1ad6d020b?w=500&auto=format&fit=crop&q=80,Fortune Sunlite Sunflower Oil 5L (Pack of 2),GRO-0442,Fortune,Grocery,Yellow,1480,1302,258,Light and healthy refined sunflower cooking oil.
https://images.unsplash.com/photo-1515543904379-3d757afe72e4?w=500&auto=format&fit=crop&q=80,Fortune Sunlite Sunflower Oil 5L (Pack of 3),GRO-0443,Fortune,Grocery,Yellow,2220,1918,387,Light and healthy refined sunflower cooking oil.
https://images.unsplash.com/photo-1474979266404-7eaacbcd87c5?w=500&auto=format&fit=crop&q=80,Fortune Sunlite Sunflower Oil 5L (Pack of 4),GRO-0444,Fortune,Grocery,Yellow,2960,2534,249,Light and healthy refined sunflower cooking oil.
https://images.unsplash.com/photo-1588854337221-4cf9fa96059c?w=500&auto=format&fit=crop&q=80,Fortune Sunlite Sunflower Oil 5L (Family Pack of 6),GRO-0445,Fortune,Grocery,Yellow,4440,3699,267,Light and healthy refined sunflower cooking oil.
https://images.unsplash.com/photo-1606787366850-de6330128bfc?w=500&auto=format&fit=crop&q=80,Fortune Refined Soyabean Oil 1L,GRO-0446,Fortune,Grocery,Golden,150,138,241,Cholesterol free refined soyabean oil for daily cooking.
https://images.unsplash.com/photo-1587049352846-4a222e784d38?w=500&auto=format&fit=crop&q=80,Fortune Refined Soyabean Oil 1L (Pack of 2),GRO-0447,Fortune,Grocery,Golden,300,262,241,Cholesterol free refined soyabean oil for daily cooking.
https://images.unsplash.com/photo-1506368249639-73a05d6f6488?w=500&auto=format&fit=crop&q=80,Fortune Refined Soyabean Oil 1L (Pack of 3),GRO-0448,Fortune,Grocery,Golden,450,386,290,Cholesterol free refined soyabean oil for daily cooking.
https://images.unsplash.com/photo-1586201375761-83865001e31c?w=500&auto=format&fit=crop&q=80,Fortune Refined Soyabean Oil 1L (Pack of 4),GRO-0449,Fortune,Grocery,Golden,600,511,253,Cholesterol free refined soyabean oil for daily cooking.
https://images.unsplash.com/photo-1574323347407-f5e1ad6d020b?w=500&auto=format&fit=crop&q=80,Fortune Refined Soyabean Oil 1L (Family Pack of 6),GRO-0450,Fortune,Grocery,Golden,900,745,242,Cholesterol free refined soyabean oil for daily cooking.
https://images.unsplash.com/photo-1515543904379-3d757afe72e4?w=500&auto=format&fit=crop&q=80,Fortune Refined Soyabean Oil 5L,GRO-0451,Fortune,Grocery,Golden,720,665,244,Cholesterol free refined soyabean oil for daily cooking.
https://images.unsplash.com/photo-1474979266404-7eaacbcd87c5?w=500&auto=format&fit=crop&q=80,Fortune Refined Soyabean Oil 5L (Pack of 2),GRO-0452,Fortune,Grocery,Golden,1440,1264,234,Cholesterol free refined soyabean oil for daily cooking.
https://images.unsplash.com/photo-1588854337221-4cf9fa96059c?w=500&auto=format&fit=crop&q=80,Fortune Refined Soyabean Oil 5L (Pack of 3),GRO-0453,Fortune,Grocery,Golden,2160,1862,131,Cholesterol free refined soyabean oil for daily cooking.
https://images.unsplash.com/photo-1606787366850-de6330128bfc?w=500&auto=format&fit=crop&q=80,Fortune Refined Soyabean Oil 5L (Pack of 4),GRO-0454,Fortune,Grocery,Golden,2880,2460,67,Cholesterol free refined soyabean oil for daily cooking.
https://images.unsplash.com/photo-1587049352846-4a222e784d38?w=500&auto=format&fit=crop&q=80,Fortune Refined Soyabean Oil 5L (Family Pack of 6),GRO-0455,Fortune,Grocery,Golden,4320,3591,92,Cholesterol free refined soyabean oil for daily cooking.
https://images.unsplash.com/photo-1506368249639-73a05d6f6488?w=500&auto=format&fit=crop&q=80,Fortune Kachi Ghani Pure Mustard Oil 1L,GRO-0456,Fortune,Grocery,Dark Yellow,172,158,186,Cold pressed pungent mustard oil for authentic taste.
https://images.unsplash.com/photo-1586201375761-83865001e31c?w=500&auto=format&fit=crop&q=80,Fortune Kachi Ghani Pure Mustard Oil 1L (Pack of 2),GRO-0457,Fortune,Grocery,Dark Yellow,344,300,177,Cold pressed pungent mustard oil for authentic taste.
https://images.unsplash.com/photo-1574323347407-f5e1ad6d020b?w=500&auto=format&fit=crop&q=80,Fortune Kachi Ghani Pure Mustard Oil 1L (Pack of 3),GRO-0458,Fortune,Grocery,Dark Yellow,516,442,392,Cold pressed pungent mustard oil for authentic taste.
https://images.unsplash.com/photo-1515543904379-3d757afe72e4?w=500&auto=format&fit=crop&q=80,Fortune Kachi Ghani Pure Mustard Oil 1L (Pack of 4),GRO-0459,Fortune,Grocery,Dark Yellow,688,585,122,Cold pressed pungent mustard oil for authentic taste.
https://images.unsplash.com/photo-1474979266404-7eaacbcd87c5?w=500&auto=format&fit=crop&q=80,Fortune Kachi Ghani Pure Mustard Oil 1L (Family Pack of 6),GRO-0460,Fortune,Grocery,Dark Yellow,1032,853,382,Cold pressed pungent mustard oil for authentic taste.
https://images.unsplash.com/photo-1588854337221-4cf9fa96059c?w=500&auto=format&fit=crop&q=80,Fortune Kachi Ghani Pure Mustard Oil 5L,GRO-0461,Fortune,Grocery,Dark Yellow,825,765,221,Cold pressed pungent mustard oil for authentic taste.
https://images.unsplash.com/photo-1606787366850-de6330128bfc?w=500&auto=format&fit=crop&q=80,Fortune Kachi Ghani Pure Mustard Oil 5L (Pack of 2),GRO-0462,Fortune,Grocery,Dark Yellow,1650,1454,112,Cold pressed pungent mustard oil for authentic taste.
https://images.unsplash.com/photo-1587049352846-4a222e784d38?w=500&auto=format&fit=crop&q=80,Fortune Kachi Ghani Pure Mustard Oil 5L (Pack of 3),GRO-0463,Fortune,Grocery,Dark Yellow,2475,2142,65,Cold pressed pungent mustard oil for authentic taste.
https://images.unsplash.com/photo-1506368249639-73a05d6f6488?w=500&auto=format&fit=crop&q=80,Fortune Kachi Ghani Pure Mustard Oil 5L (Pack of 4),GRO-0464,Fortune,Grocery,Dark Yellow,3300,2830,161,Cold pressed pungent mustard oil for authentic taste.
https://images.unsplash.com/photo-1586201375761-83865001e31c?w=500&auto=format&fit=crop&q=80,Fortune Kachi Ghani Pure Mustard Oil 5L (Family Pack of 6),GRO-0465,Fortune,Grocery,Dark Yellow,4950,4131,81,Cold pressed pungent mustard oil for authentic taste.
https://images.unsplash.com/photo-1574323347407-f5e1ad6d020b?w=500&auto=format&fit=crop&q=80,Fortune Rice Bran Oil 1L,GRO-0466,Fortune,Grocery,Golden,185,168,199,Heart friendly refined rice bran oil rich in oryzanol.
https://images.unsplash.com/photo-1515543904379-3d757afe72e4?w=500&auto=format&fit=crop&q=80,Fortune Rice Bran Oil 1L (Pack of 2),GRO-0467,Fortune,Grocery,Golden,370,319,67,Heart friendly refined rice bran oil rich in oryzanol.
https://images.unsplash.com/photo-1474979266404-7eaacbcd87c5?w=500&auto=format&fit=crop&q=80,Fortune Rice Bran Oil 1L (Pack of 3),GRO-0468,Fortune,Grocery,Golden,555,470,236,Heart friendly refined rice bran oil rich in oryzanol.
https://images.unsplash.com/photo-1588854337221-4cf9fa96059c?w=500&auto=format&fit=crop&q=80,Fortune Rice Bran Oil 1L (Pack of 4),GRO-0469,Fortune,Grocery,Golden,740,622,272,Heart friendly refined rice bran oil rich in oryzanol.
https://images.unsplash.com/photo-1606787366850-de6330128bfc?w=500&auto=format&fit=crop&q=80,Fortune Rice Bran Oil 1L (Family Pack of 6),GRO-0470,Fortune,Grocery,Golden,1110,907,95,Heart friendly refined rice bran oil rich in oryzanol.
https://images.unsplash.com/photo-1587049352846-4a222e784d38?w=500&auto=format&fit=crop&q=80,Fortune Rice Bran Oil 5L,GRO-0471,Fortune,Grocery,Golden,890,825,101,Heart friendly refined rice bran oil rich in oryzanol.
https://images.unsplash.com/photo-1506368249639-73a05d6f6488?w=500&auto=format&fit=crop&q=80,Fortune Rice Bran Oil 5L (Pack of 2),GRO-0472,Fortune,Grocery,Golden,1780,1568,326,Heart friendly refined rice bran oil rich in oryzanol.
https://images.unsplash.com/photo-1586201375761-83865001e31c?w=500&auto=format&fit=crop&q=80,Fortune Rice Bran Oil 5L (Pack of 3),GRO-0473,Fortune,Grocery,Golden,2670,2310,337,Heart friendly refined rice bran oil rich in oryzanol.
https://images.unsplash.com/photo-1574323347407-f5e1ad6d020b?w=500&auto=format&fit=crop&q=80,Fortune Rice Bran Oil 5L (Pack of 4),GRO-0474,Fortune,Grocery,Golden,3560,3052,185,Heart friendly refined rice bran oil rich in oryzanol.
https://images.unsplash.com/photo-1515543904379-3d757afe72e4?w=500&auto=format&fit=crop&q=80,Fortune Rice Bran Oil 5L (Family Pack of 6),GRO-0475,Fortune,Grocery,Golden,5340,4455,149,Heart friendly refined rice bran oil rich in oryzanol.
https://images.unsplash.com/photo-1474979266404-7eaacbcd87c5?w=500&auto=format&fit=crop&q=80,Fortune Groundnut Oil 1L,GRO-0476,Fortune,Grocery,Amber,210,192,265,Filtered peanut oil with rich nutty aroma.
https://images.unsplash.com/photo-1588854337221-4cf9fa96059c?w=500&auto=format&fit=crop&q=80,Fortune Groundnut Oil 1L (Pack of 2),GRO-0477,Fortune,Grocery,Amber,420,365,351,Filtered peanut oil with rich nutty aroma.
https://images.unsplash.com/photo-1606787366850-de6330128bfc?w=500&auto=format&fit=crop&q=80,Fortune Groundnut Oil 1L (Pack of 3),GRO-0478,Fortune,Grocery,Amber,630,538,235,Filtered peanut oil with rich nutty aroma.
https://images.unsplash.com/photo-1587049352846-4a222e784d38?w=500&auto=format&fit=crop&q=80,Fortune Groundnut Oil 1L (Pack of 4),GRO-0479,Fortune,Grocery,Amber,840,710,151,Filtered peanut oil with rich nutty aroma.
https://images.unsplash.com/photo-1506368249639-73a05d6f6488?w=500&auto=format&fit=crop&q=80,Fortune Groundnut Oil 1L (Family Pack of 6),GRO-0480,Fortune,Grocery,Amber,1260,1037,211,Filtered peanut oil with rich nutty aroma.
https://images.unsplash.com/photo-1586201375761-83865001e31c?w=500&auto=format&fit=crop&q=80,Fortune Groundnut Oil 5L,GRO-0481,Fortune,Grocery,Amber,995,925,287,Filtered peanut oil with rich nutty aroma.
https://images.unsplash.com/photo-1574323347407-f5e1ad6d020b?w=500&auto=format&fit=crop&q=80,Fortune Groundnut Oil 5L (Pack of 2),GRO-0482,Fortune,Grocery,Amber,1990,1758,372,Filtered peanut oil with rich nutty aroma.
https://images.unsplash.com/photo-1515543904379-3d757afe72e4?w=500&auto=format&fit=crop&q=80,Fortune Groundnut Oil 5L (Pack of 3),GRO-0483,Fortune,Grocery,Amber,2985,2590,200,Filtered peanut oil with rich nutty aroma.
https://images.unsplash.com/photo-1474979266404-7eaacbcd87c5?w=500&auto=format&fit=crop&q=80,Fortune Groundnut Oil 5L (Pack of 4),GRO-0484,Fortune,Grocery,Amber,3980,3422,259,Filtered peanut oil with rich nutty aroma.
https://images.unsplash.com/photo-1588854337221-4cf9fa96059c?w=500&auto=format&fit=crop&q=80,Fortune Groundnut Oil 5L (Family Pack of 6),GRO-0485,Fortune,Grocery,Amber,5970,4995,67,Filtered peanut oil with rich nutty aroma.
https://images.unsplash.com/photo-1606787366850-de6330128bfc?w=500&auto=format&fit=crop&q=80,Saffola Gold Pro Healthy Lifestyle Oil 1L,GRO-0486,Saffola,Grocery,Golden,195,175,91,Blended edible cooking oil good for heart health.
https://images.unsplash.com/photo-1587049352846-4a222e784d38?w=500&auto=format&fit=crop&q=80,Saffola Gold Pro Healthy Lifestyle Oil 1L (Pack of 2),GRO-0487,Saffola,Grocery,Golden,390,332,381,Blended edible cooking oil good for heart health.
https://images.unsplash.com/photo-1506368249639-73a05d6f6488?w=500&auto=format&fit=crop&q=80,Saffola Gold Pro Healthy Lifestyle Oil 1L (Pack of 3),GRO-0488,Saffola,Grocery,Golden,585,490,109,Blended edible cooking oil good for heart health.
https://images.unsplash.com/photo-1586201375761-83865001e31c?w=500&auto=format&fit=crop&q=80,Saffola Gold Pro Healthy Lifestyle Oil 1L (Pack of 4),GRO-0489,Saffola,Grocery,Golden,780,648,208,Blended edible cooking oil good for heart health.
https://images.unsplash.com/photo-1574323347407-f5e1ad6d020b?w=500&auto=format&fit=crop&q=80,Saffola Gold Pro Healthy Lifestyle Oil 1L (Family Pack of 6),GRO-0490,Saffola,Grocery,Golden,1170,945,137,Blended edible cooking oil good for heart health.
https://images.unsplash.com/photo-1515543904379-3d757afe72e4?w=500&auto=format&fit=crop&q=80,Saffola Gold Pro Healthy Lifestyle Oil 2L,GRO-0491,Saffola,Grocery,Golden,380,345,336,Blended edible cooking oil good for heart health.
https://images.unsplash.com/photo-1474979266404-7eaacbcd87c5?w=500&auto=format&fit=crop&q=80,Saffola Gold Pro Healthy Lifestyle Oil 2L (Pack of 2),GRO-0492,Saffola,Grocery,Golden,760,656,390,Blended edible cooking oil good for heart health.
https://images.unsplash.com/photo-1588854337221-4cf9fa96059c?w=500&auto=format&fit=crop&q=80,Saffola Gold Pro Healthy Lifestyle Oil 2L (Pack of 3),GRO-0493,Saffola,Grocery,Golden,1140,966,375,Blended edible cooking oil good for heart health.
https://images.unsplash.com/photo-1606787366850-de6330128bfc?w=500&auto=format&fit=crop&q=80,Saffola Gold Pro Healthy Lifestyle Oil 2L (Pack of 4),GRO-0494,Saffola,Grocery,Golden,1520,1276,138,Blended edible cooking oil good for heart health.
https://images.unsplash.com/photo-1587049352846-4a222e784d38?w=500&auto=format&fit=crop&q=80,Saffola Gold Pro Healthy Lifestyle Oil 2L (Family Pack of 6),GRO-0495,Saffola,Grocery,Golden,2280,1863,183,Blended edible cooking oil good for heart health.
https://images.unsplash.com/photo-1506368249639-73a05d6f6488?w=500&auto=format&fit=crop&q=80,Saffola Gold Pro Healthy Lifestyle Oil 5L,GRO-0496,Saffola,Grocery,Golden,925,855,66,Blended edible cooking oil good for heart health.
https://images.unsplash.com/photo-1586201375761-83865001e31c?w=500&auto=format&fit=crop&q=80,Saffola Gold Pro Healthy Lifestyle Oil 5L (Pack of 2),GRO-0497,Saffola,Grocery,Golden,1850,1624,294,Blended edible cooking oil good for heart health.
https://images.unsplash.com/photo-1574323347407-f5e1ad6d020b?w=500&auto=format&fit=crop&q=80,Saffola Gold Pro Healthy Lifestyle Oil 5L (Pack of 3),GRO-0498,Saffola,Grocery,Golden,2775,2394,178,Blended edible cooking oil good for heart health.
https://images.unsplash.com/photo-1515543904379-3d757afe72e4?w=500&auto=format&fit=crop&q=80,Saffola Gold Pro Healthy Lifestyle Oil 5L (Pack of 4),GRO-0499,Saffola,Grocery,Golden,3700,3164,339,Blended edible cooking oil good for heart health.
https://images.unsplash.com/photo-1474979266404-7eaacbcd87c5?w=500&auto=format&fit=crop&q=80,Saffola Gold Pro Healthy Lifestyle Oil 5L (Family Pack of 6),GRO-0500,Saffola,Grocery,Golden,5550,4617,281,Blended edible cooking oil good for heart health.
https://images.unsplash.com/photo-1588854337221-4cf9fa96059c?w=500&auto=format&fit=crop&q=80,Saffola Total Pro Weight Watchers Oil 1L,GRO-0501,Saffola,Grocery,Golden,215,195,308,Low absorption blended oil for healthy cooking.
https://images.unsplash.com/photo-1606787366850-de6330128bfc?w=500&auto=format&fit=crop&q=80,Saffola Total Pro Weight Watchers Oil 1L (Pack of 2),GRO-0502,Saffola,Grocery,Golden,430,370,84,Low absorption blended oil for healthy cooking.
https://images.unsplash.com/photo-1587049352846-4a222e784d38?w=500&auto=format&fit=crop&q=80,Saffola Total Pro Weight Watchers Oil 1L (Pack of 3),GRO-0503,Saffola,Grocery,Golden,645,546,325,Low absorption blended oil for healthy cooking.
https://images.unsplash.com/photo-1506368249639-73a05d6f6488?w=500&auto=format&fit=crop&q=80,Saffola Total Pro Weight Watchers Oil 1L (Pack of 4),GRO-0504,Saffola,Grocery,Golden,860,722,180,Low absorption blended oil for healthy cooking.
https://images.unsplash.com/photo-1586201375761-83865001e31c?w=500&auto=format&fit=crop&q=80,Saffola Total Pro Weight Watchers Oil 1L (Family Pack of 6),GRO-0505,Saffola,Grocery,Golden,1290,1053,66,Low absorption blended oil for healthy cooking.
https://images.unsplash.com/photo-1574323347407-f5e1ad6d020b?w=500&auto=format&fit=crop&q=80,Saffola Tasty Refined Oil 1L,GRO-0506,Saffola,Grocery,Golden,165,150,198,Everyday multi-use refined cooking oil.
https://images.unsplash.com/photo-1515543904379-3d757afe72e4?w=500&auto=format&fit=crop&q=80,Saffola Tasty Refined Oil 1L (Pack of 2),GRO-0507,Saffola,Grocery,Golden,330,285,256,Everyday multi-use refined cooking oil.
https://images.unsplash.com/photo-1474979266404-7eaacbcd87c5?w=500&auto=format&fit=crop&q=80,Saffola Tasty Refined Oil 1L (Pack of 3),GRO-0508,Saffola,Grocery,Golden,495,420,203,Everyday multi-use refined cooking oil.
https://images.unsplash.com/photo-1588854337221-4cf9fa96059c?w=500&auto=format&fit=crop&q=80,Saffola Tasty Refined Oil 1L (Pack of 4),GRO-0509,Saffola,Grocery,Golden,660,555,345,Everyday multi-use refined cooking oil.
https://images.unsplash.com/photo-1606787366850-de6330128bfc?w=500&auto=format&fit=crop&q=80,Saffola Tasty Refined Oil 1L (Family Pack of 6),GRO-0510,Saffola,Grocery,Golden,990,810,290,Everyday multi-use refined cooking oil.
https://images.unsplash.com/photo-1587049352846-4a222e784d38?w=500&auto=format&fit=crop&q=80,Saffola Tasty Refined Oil 5L,GRO-0511,Saffola,Grocery,Golden,795,735,396,Everyday multi-use refined cooking oil.
https://images.unsplash.com/photo-1506368249639-73a05d6f6488?w=500&auto=format&fit=crop&q=80,Saffola Tasty Refined Oil 5L (Pack of 2),GRO-0512,Saffola,Grocery,Golden,1590,1396,294,Everyday multi-use refined cooking oil.
https://images.unsplash.com/photo-1586201375761-83865001e31c?w=500&auto=format&fit=crop&q=80,Saffola Tasty Refined Oil 5L (Pack of 3),GRO-0513,Saffola,Grocery,Golden,2385,2058,166,Everyday multi-use refined cooking oil.
https://images.unsplash.com/photo-1574323347407-f5e1ad6d020b?w=500&auto=format&fit=crop&q=80,Saffola Tasty Refined Oil 5L (Pack of 4),GRO-0514,Saffola,Grocery,Golden,3180,2720,302,Everyday multi-use refined cooking oil.
https://images.unsplash.com/photo-1515543904379-3d757afe72e4?w=500&auto=format&fit=crop&q=80,Saffola Tasty Refined Oil 5L (Family Pack of 6),GRO-0515,Saffola,Grocery,Golden,4770,3969,380,Everyday multi-use refined cooking oil.
https://images.unsplash.com/photo-1474979266404-7eaacbcd87c5?w=500&auto=format&fit=crop&q=80,Patanjali Kachi Ghani Mustard Oil 1L,GRO-0516,Patanjali,Grocery,Dark Yellow,165,150,105,Traditional wood pressed mustard oil.
https://images.unsplash.com/photo-1588854337221-4cf9fa96059c?w=500&auto=format&fit=crop&q=80,Patanjali Kachi Ghani Mustard Oil 1L (Pack of 2),GRO-0517,Patanjali,Grocery,Dark Yellow,330,285,162,Traditional wood pressed mustard oil.
https://images.unsplash.com/photo-1606787366850-de6330128bfc?w=500&auto=format&fit=crop&q=80,Patanjali Kachi Ghani Mustard Oil 1L (Pack of 3),GRO-0518,Patanjali,Grocery,Dark Yellow,495,420,68,Traditional wood pressed mustard oil.
https://images.unsplash.com/photo-1587049352846-4a222e784d38?w=500&auto=format&fit=crop&q=80,Patanjali Kachi Ghani Mustard Oil 1L (Pack of 4),GRO-0519,Patanjali,Grocery,Dark Yellow,660,555,166,Traditional wood pressed mustard oil.
https://images.unsplash.com/photo-1506368249639-73a05d6f6488?w=500&auto=format&fit=crop&q=80,Patanjali Kachi Ghani Mustard Oil 1L (Family Pack of 6),GRO-0520,Patanjali,Grocery,Dark Yellow,990,810,210,Traditional wood pressed mustard oil.
https://images.unsplash.com/photo-1586201375761-83865001e31c?w=500&auto=format&fit=crop&q=80,Patanjali Kachi Ghani Mustard Oil 5L,GRO-0521,Patanjali,Grocery,Dark Yellow,790,730,131,Traditional wood pressed mustard oil.
https://images.unsplash.com/photo-1574323347407-f5e1ad6d020b?w=500&auto=format&fit=crop&q=80,Patanjali Kachi Ghani Mustard Oil 5L (Pack of 2),GRO-0522,Patanjali,Grocery,Dark Yellow,1580,1387,384,Traditional wood pressed mustard oil.
https://images.unsplash.com/photo-1515543904379-3d757afe72e4?w=500&auto=format&fit=crop&q=80,Patanjali Kachi Ghani Mustard Oil 5L (Pack of 3),GRO-0523,Patanjali,Grocery,Dark Yellow,2370,2044,86,Traditional wood pressed mustard oil.
https://images.unsplash.com/photo-1474979266404-7eaacbcd87c5?w=500&auto=format&fit=crop&q=80,Patanjali Kachi Ghani Mustard Oil 5L (Pack of 4),GRO-0524,Patanjali,Grocery,Dark Yellow,3160,2701,200,Traditional wood pressed mustard oil.
https://images.unsplash.com/photo-1527661591475-527312dd65f5?w=500&auto=format&fit=crop&q=80,Bisleri Packaged Drinking Water 250ml,BEV-0001,Bisleri,Beverages,Clear,10,10,460,Purified water with added minerals for hydration.
https://images.unsplash.com/photo-1622483767028-3f66f32aef97?w=500&auto=format&fit=crop&q=80,Bisleri Packaged Drinking Water 250ml (Pack of 2),BEV-0002,Bisleri,Beverages,Clear,20,19,355,Purified water with added minerals for hydration.
https://images.unsplash.com/photo-1544787219-7f47ccb76574?w=500&auto=format&fit=crop&q=80,Bisleri Packaged Drinking Water 250ml (Pack of 3),BEV-0003,Bisleri,Beverages,Clear,30,28,433,Purified water with added minerals for hydration.
https://images.unsplash.com/photo-1551024709-8f23befc6f87?w=500&auto=format&fit=crop&q=80,Bisleri Packaged Drinking Water 250ml (Pack of 4),BEV-0004,Bisleri,Beverages,Clear,40,37,160,Purified water with added minerals for hydration.
https://images.unsplash.com/photo-1513558161293-cdaf765ed2fd?w=500&auto=format&fit=crop&q=80,Bisleri Packaged Drinking Water 250ml (Family Pack of 6),BEV-0005,Bisleri,Beverages,Clear,60,54,151,Purified water with added minerals for hydration.
https://images.unsplash.com/photo-1571091718767-18b5b1457add?w=500&auto=format&fit=crop&q=80,Bisleri Packaged Drinking Water 500ml,BEV-0006,Bisleri,Beverages,Clear,14,14,82,Purified water with added minerals for hydration.
https://images.unsplash.com/photo-1554866585-cd94860890b7?w=500&auto=format&fit=crop&q=80,Bisleri Packaged Drinking Water 500ml (Pack of 2),BEV-0007,Bisleri,Beverages,Clear,28,27,152,Purified water with added minerals for hydration.
https://images.unsplash.com/photo-1437418747212-8d9709afab22?w=500&auto=format&fit=crop&q=80,Bisleri Packaged Drinking Water 500ml (Pack of 3),BEV-0008,Bisleri,Beverages,Clear,42,39,288,Purified water with added minerals for hydration.
https://images.unsplash.com/photo-1544145945-f90425340c7e?w=500&auto=format&fit=crop&q=80,Bisleri Packaged Drinking Water 500ml (Pack of 4),BEV-0009,Bisleri,Beverages,Clear,56,52,345,Purified water with added minerals for hydration.
https://images.unsplash.com/photo-1517487881594-2787fef5ebf7?w=500&auto=format&fit=crop&q=80,Bisleri Packaged Drinking Water 500ml (Family Pack of 6),BEV-0010,Bisleri,Beverages,Clear,84,76,117,Purified water with added minerals for hydration.
https://images.unsplash.com/photo-1576092768241-dec231879fc3?w=500&auto=format&fit=crop&q=80,Bisleri Packaged Drinking Water 1L,BEV-0011,Bisleri,Beverages,Clear,20,20,354,Purified water with added minerals for hydration.
https://images.unsplash.com/photo-1527661591475-527312dd65f5?w=500&auto=format&fit=crop&q=80,Bisleri Packaged Drinking Water 1L (Pack of 2),BEV-0012,Bisleri,Beverages,Clear,40,38,91,Purified water with added minerals for hydration.
https://images.unsplash.com/photo-1622483767028-3f66f32aef97?w=500&auto=format&fit=crop&q=80,Bisleri Packaged Drinking Water 1L (Pack of 3),BEV-0013,Bisleri,Beverages,Clear,60,56,314,Purified water with added minerals for hydration.
https://images.unsplash.com/photo-1544787219-7f47ccb76574?w=500&auto=format&fit=crop&q=80,Bisleri Packaged Drinking Water 1L (Pack of 4),BEV-0014,Bisleri,Beverages,Clear,80,74,340,Purified water with added minerals for hydration.
https://images.unsplash.com/photo-1551024709-8f23befc6f87?w=500&auto=format&fit=crop&q=80,Bisleri Packaged Drinking Water 1L (Family Pack of 6),BEV-0015,Bisleri,Beverages,Clear,120,108,299,Purified water with added minerals for hydration.
https://images.unsplash.com/photo-1513558161293-cdaf765ed2fd?w=500&auto=format&fit=crop&q=80,Bisleri Packaged Drinking Water 2L,BEV-0016,Bisleri,Beverages,Clear,30,28,346,Purified water with added minerals for hydration.
https://images.unsplash.com/photo-1571091718767-18b5b1457add?w=500&auto=format&fit=crop&q=80,Bisleri Packaged Drinking Water 2L (Pack of 2),BEV-0017,Bisleri,Beverages,Clear,60,53,89,Purified water with added minerals for hydration.
https://images.unsplash.com/photo-1554866585-cd94860890b7?w=500&auto=format&fit=crop&q=80,Bisleri Packaged Drinking Water 2L (Pack of 3),BEV-0018,Bisleri,Beverages,Clear,90,78,156,Purified water with added minerals for hydration.
https://images.unsplash.com/photo-1437418747212-8d9709afab22?w=500&auto=format&fit=crop&q=80,Bisleri Packaged Drinking Water 2L (Pack of 4),BEV-0019,Bisleri,Beverages,Clear,120,104,341,Purified water with added minerals for hydration.
https://images.unsplash.com/photo-1544145945-f90425340c7e?w=500&auto=format&fit=crop&q=80,Bisleri Packaged Drinking Water 2L (Family Pack of 6),BEV-0020,Bisleri,Beverages,Clear,180,151,288,Purified water with added minerals for hydration.
https://images.unsplash.com/photo-1517487881594-2787fef5ebf7?w=500&auto=format&fit=crop&q=80,Bisleri Water Can 10L,BEV-0021,Bisleri,Beverages,Clear,75,70,156,Sealed mineral water can for home & office.
https://images.unsplash.com/photo-1576092768241-dec231879fc3?w=500&auto=format&fit=crop&q=80,Bisleri Water Can 10L (Pack of 2),BEV-0022,Bisleri,Beverages,Clear,150,133,415,Sealed mineral water can for home & office.
https://images.unsplash.com/photo-1527661591475-527312dd65f5?w=500&auto=format&fit=crop&q=80,Bisleri Water Can 10L (Pack of 3),BEV-0023,Bisleri,Beverages,Clear,225,196,387,Sealed mineral water can for home & office.
https://images.unsplash.com/photo-1622483767028-3f66f32aef97?w=500&auto=format&fit=crop&q=80,Bisleri Water Can 10L (Pack of 4),BEV-0024,Bisleri,Beverages,Clear,300,259,476,Sealed mineral water can for home & office.
https://images.unsplash.com/photo-1544787219-7f47ccb76574?w=500&auto=format&fit=crop&q=80,Bisleri Water Can 10L (Family Pack of 6),BEV-0025,Bisleri,Beverages,Clear,450,378,121,Sealed mineral water can for home & office.
https://images.unsplash.com/photo-1551024709-8f23befc6f87?w=500&auto=format&fit=crop&q=80,Bisleri Water Can 20L,BEV-0026,Bisleri,Beverages,Clear,95,88,231,Sealed mineral water can for home & office.
https://images.unsplash.com/photo-1513558161293-cdaf765ed2fd?w=500&auto=format&fit=crop&q=80,Bisleri Water Can 20L (Pack of 2),BEV-0027,Bisleri,Beverages,Clear,190,167,394,Sealed mineral water can for home & office.
https://images.unsplash.com/photo-1571091718767-18b5b1457add?w=500&auto=format&fit=crop&q=80,Bisleri Water Can 20L (Pack of 3),BEV-0028,Bisleri,Beverages,Clear,285,246,377,Sealed mineral water can for home & office.
https://images.unsplash.com/photo-1554866585-cd94860890b7?w=500&auto=format&fit=crop&q=80,Bisleri Water Can 20L (Pack of 4),BEV-0029,Bisleri,Beverages,Clear,380,326,108,Sealed mineral water can for home & office.
https://images.unsplash.com/photo-1437418747212-8d9709afab22?w=500&auto=format&fit=crop&q=80,Bisleri Water Can 20L (Family Pack of 6),BEV-0030,Bisleri,Beverages,Clear,570,475,444,Sealed mineral water can for home & office.
https://images.unsplash.com/photo-1544145945-f90425340c7e?w=500&auto=format&fit=crop&q=80,Kinley Packaged Drinking Water 500ml,BEV-0031,Kinley,Beverages,Clear,14,14,183,Mineral water with balanced minerals taste.
https://images.unsplash.com/photo-1517487881594-2787fef5ebf7?w=500&auto=format&fit=crop&q=80,Kinley Packaged Drinking Water 500ml (Pack of 2),BEV-0032,Kinley,Beverages,Clear,28,27,150,Mineral water with balanced minerals taste.
https://images.unsplash.com/photo-1576092768241-dec231879fc3?w=500&auto=format&fit=crop&q=80,Kinley Packaged Drinking Water 500ml (Pack of 3),BEV-0033,Kinley,Beverages,Clear,42,39,271,Mineral water with balanced minerals taste.
https://images.unsplash.com/photo-1527661591475-527312dd65f5?w=500&auto=format&fit=crop&q=80,Kinley Packaged Drinking Water 500ml (Pack of 4),BEV-0034,Kinley,Beverages,Clear,56,52,91,Mineral water with balanced minerals taste.
https://images.unsplash.com/photo-1622483767028-3f66f32aef97?w=500&auto=format&fit=crop&q=80,Kinley Packaged Drinking Water 500ml (Family Pack of 6),BEV-0035,Kinley,Beverages,Clear,84,76,357,Mineral water with balanced minerals taste.
https://images.unsplash.com/photo-1544787219-7f47ccb76574?w=500&auto=format&fit=crop&q=80,Kinley Packaged Drinking Water 1L,BEV-0036,Kinley,Beverages,Clear,20,20,88,Mineral water with balanced minerals taste.
https://images.unsplash.com/photo-1551024709-8f23befc6f87?w=500&auto=format&fit=crop&q=80,Kinley Packaged Drinking Water 1L (Pack of 2),BEV-0037,Kinley,Beverages,Clear,40,38,387,Mineral water with balanced minerals taste.
https://images.unsplash.com/photo-1513558161293-cdaf765ed2fd?w=500&auto=format&fit=crop&q=80,Kinley Packaged Drinking Water 1L (Pack of 3),BEV-0038,Kinley,Beverages,Clear,60,56,311,Mineral water with balanced minerals taste.
https://images.unsplash.com/photo-1571091718767-18b5b1457add?w=500&auto=format&fit=crop&q=80,Kinley Packaged Drinking Water 1L (Pack of 4),BEV-0039,Kinley,Beverages,Clear,80,74,490,Mineral water with balanced minerals taste.
https://images.unsplash.com/photo-1554866585-cd94860890b7?w=500&auto=format&fit=crop&q=80,Kinley Packaged Drinking Water 1L (Family Pack of 6),BEV-0040,Kinley,Beverages,Clear,120,108,121,Mineral water with balanced minerals taste.
https://images.unsplash.com/photo-1437418747212-8d9709afab22?w=500&auto=format&fit=crop&q=80,Kinley Packaged Drinking Water 2L,BEV-0041,Kinley,Beverages,Clear,32,30,105,Mineral water with balanced minerals taste.
https://images.unsplash.com/photo-1544145945-f90425340c7e?w=500&auto=format&fit=crop&q=80,Kinley Packaged Drinking Water 2L (Pack of 2),BEV-0042,Kinley,Beverages,Clear,64,57,92,Mineral water with balanced minerals taste.
https://images.unsplash.com/photo-1517487881594-2787fef5ebf7?w=500&auto=format&fit=crop&q=80,Kinley Packaged Drinking Water 2L (Pack of 3),BEV-0043,Kinley,Beverages,Clear,96,84,162,Mineral water with balanced minerals taste.
https://images.unsplash.com/photo-1576092768241-dec231879fc3?w=500&auto=format&fit=crop&q=80,Kinley Packaged Drinking Water 2L (Pack of 4),BEV-0044,Kinley,Beverages,Clear,128,111,329,Mineral water with balanced minerals taste.
https://images.unsplash.com/photo-1527661591475-527312dd65f5?w=500&auto=format&fit=crop&q=80,Kinley Packaged Drinking Water 2L (Family Pack of 6),BEV-0045,Kinley,Beverages,Clear,192,162,196,Mineral water with balanced minerals taste.
https://images.unsplash.com/photo-1622483767028-3f66f32aef97?w=500&auto=format&fit=crop&q=80,Aquafina Packaged Drinking Water 500ml,BEV-0046,Aquafina,Beverages,Clear,14,14,343,Pure crisp mineral drinking water.
https://images.unsplash.com/photo-1544787219-7f47ccb76574?w=500&auto=format&fit=crop&q=80,Aquafina Packaged Drinking Water 500ml (Pack of 2),BEV-0047,Aquafina,Beverages,Clear,28,27,168,Pure crisp mineral drinking water.
https://images.unsplash.com/photo-1551024709-8f23befc6f87?w=500&auto=format&fit=crop&q=80,Aquafina Packaged Drinking Water 500ml (Pack of 3),BEV-0048,Aquafina,Beverages,Clear,42,39,188,Pure crisp mineral drinking water.
https://images.unsplash.com/photo-1513558161293-cdaf765ed2fd?w=500&auto=format&fit=crop&q=80,Aquafina Packaged Drinking Water 500ml (Pack of 4),BEV-0049,Aquafina,Beverages,Clear,56,52,435,Pure crisp mineral drinking water.
https://images.unsplash.com/photo-1571091718767-18b5b1457add?w=500&auto=format&fit=crop&q=80,Aquafina Packaged Drinking Water 500ml (Family Pack of 6),BEV-0050,Aquafina,Beverages,Clear,84,76,138,Pure crisp mineral drinking water.
https://images.unsplash.com/photo-1554866585-cd94860890b7?w=500&auto=format&fit=crop&q=80,Aquafina Packaged Drinking Water 1L,BEV-0051,Aquafina,Beverages,Clear,20,20,195,Pure crisp mineral drinking water.
https://images.unsplash.com/photo-1437418747212-8d9709afab22?w=500&auto=format&fit=crop&q=80,Aquafina Packaged Drinking Water 1L (Pack of 2),BEV-0052,Aquafina,Beverages,Clear,40,38,210,Pure crisp mineral drinking water.
https://images.unsplash.com/photo-1544145945-f90425340c7e?w=500&auto=format&fit=crop&q=80,Aquafina Packaged Drinking Water 1L (Pack of 3),BEV-0053,Aquafina,Beverages,Clear,60,56,481,Pure crisp mineral drinking water.
https://images.unsplash.com/photo-1517487881594-2787fef5ebf7?w=500&auto=format&fit=crop&q=80,Aquafina Packaged Drinking Water 1L (Pack of 4),BEV-0054,Aquafina,Beverages,Clear,80,74,222,Pure crisp mineral drinking water.
https://images.unsplash.com/photo-1576092768241-dec231879fc3?w=500&auto=format&fit=crop&q=80,Aquafina Packaged Drinking Water 1L (Family Pack of 6),BEV-0055,Aquafina,Beverages,Clear,120,108,453,Pure crisp mineral drinking water.
https://images.unsplash.com/photo-1527661591475-527312dd65f5?w=500&auto=format&fit=crop&q=80,Himalayan Natural Mineral Water 500ml,BEV-0056,Himalayan,Beverages,Clear,25,23,430,Naturally alkaline premium mineral water.
https://images.unsplash.com/photo-1622483767028-3f66f32aef97?w=500&auto=format&fit=crop&q=80,Himalayan Natural Mineral Water 500ml (Pack of 2),BEV-0057,Himalayan,Beverages,Clear,50,44,328,Naturally alkaline premium mineral water.
https://images.unsplash.com/photo-1544787219-7f47ccb76574?w=500&auto=format&fit=crop&q=80,Himalayan Natural Mineral Water 500ml (Pack of 3),BEV-0058,Himalayan,Beverages,Clear,75,64,82,Naturally alkaline premium mineral water.
https://images.unsplash.com/photo-1551024709-8f23befc6f87?w=500&auto=format&fit=crop&q=80,Himalayan Natural Mineral Water 500ml (Pack of 4),BEV-0059,Himalayan,Beverages,Clear,100,85,167,Naturally alkaline premium mineral water.
https://images.unsplash.com/photo-1513558161293-cdaf765ed2fd?w=500&auto=format&fit=crop&q=80,Himalayan Natural Mineral Water 500ml (Family Pack of 6),BEV-0060,Himalayan,Beverages,Clear,150,124,362,Naturally alkaline premium mineral water.
https://images.unsplash.com/photo-1571091718767-18b5b1457add?w=500&auto=format&fit=crop&q=80,Himalayan Natural Mineral Water 1L,BEV-0061,Himalayan,Beverages,Clear,35,32,353,Naturally alkaline premium mineral water.
https://images.unsplash.com/photo-1554866585-cd94860890b7?w=500&auto=format&fit=crop&q=80,Himalayan Natural Mineral Water 1L (Pack of 2),BEV-0062,Himalayan,Beverages,Clear,70,61,131,Naturally alkaline premium mineral water.
https://images.unsplash.com/photo-1437418747212-8d9709afab22?w=500&auto=format&fit=crop&q=80,Himalayan Natural Mineral Water 1L (Pack of 3),BEV-0063,Himalayan,Beverages,Clear,105,90,327,Naturally alkaline premium mineral water.
https://images.unsplash.com/photo-1544145945-f90425340c7e?w=500&auto=format&fit=crop&q=80,Himalayan Natural Mineral Water 1L (Pack of 4),BEV-0064,Himalayan,Beverages,Clear,140,118,220,Naturally alkaline premium mineral water.
https://images.unsplash.com/photo-1517487881594-2787fef5ebf7?w=500&auto=format&fit=crop&q=80,Himalayan Natural Mineral Water 1L (Family Pack of 6),BEV-0065,Himalayan,Beverages,Clear,210,173,435,Naturally alkaline premium mineral water.
https://images.unsplash.com/photo-1576092768241-dec231879fc3?w=500&auto=format&fit=crop&q=80,Bailley Packaged Drinking Water 500ml,BEV-0066,Bailley,Beverages,Clear,13,13,410,Pure mineral enriched packaged water.
https://images.unsplash.com/photo-1527661591475-527312dd65f5?w=500&auto=format&fit=crop&q=80,Bailley Packaged Drinking Water 500ml (Pack of 2),BEV-0067,Bailley,Beverages,Clear,26,25,285,Pure mineral enriched packaged water.
https://images.unsplash.com/photo-1622483767028-3f66f32aef97?w=500&auto=format&fit=crop&q=80,Bailley Packaged Drinking Water 500ml (Pack of 3),BEV-0068,Bailley,Beverages,Clear,39,36,385,Pure mineral enriched packaged water.
https://images.unsplash.com/photo-1544787219-7f47ccb76574?w=500&auto=format&fit=crop&q=80,Bailley Packaged Drinking Water 500ml (Pack of 4),BEV-0069,Bailley,Beverages,Clear,52,48,279,Pure mineral enriched packaged water.
https://images.unsplash.com/photo-1551024709-8f23befc6f87?w=500&auto=format&fit=crop&q=80,Bailley Packaged Drinking Water 500ml (Family Pack of 6),BEV-0070,Bailley,Beverages,Clear,78,70,246,Pure mineral enriched packaged water.
https://images.unsplash.com/photo-1513558161293-cdaf765ed2fd?w=500&auto=format&fit=crop&q=80,Bailley Packaged Drinking Water 1L,BEV-0071,Bailley,Beverages,Clear,18,18,301,Pure mineral enriched packaged water.
https://images.unsplash.com/photo-1571091718767-18b5b1457add?w=500&auto=format&fit=crop&q=80,Bailley Packaged Drinking Water 1L (Pack of 2),BEV-0072,Bailley,Beverages,Clear,36,34,187,Pure mineral enriched packaged water.
https://images.unsplash.com/photo-1554866585-cd94860890b7?w=500&auto=format&fit=crop&q=80,Bailley Packaged Drinking Water 1L (Pack of 3),BEV-0073,Bailley,Beverages,Clear,54,50,435,Pure mineral enriched packaged water.
https://images.unsplash.com/photo-1437418747212-8d9709afab22?w=500&auto=format&fit=crop&q=80,Bailley Packaged Drinking Water 1L (Pack of 4),BEV-0074,Bailley,Beverages,Clear,72,67,226,Pure mineral enriched packaged water.
https://images.unsplash.com/photo-1544145945-f90425340c7e?w=500&auto=format&fit=crop&q=80,Bailley Packaged Drinking Water 1L (Family Pack of 6),BEV-0075,Bailley,Beverages,Clear,108,97,118,Pure mineral enriched packaged water.
https://images.unsplash.com/photo-1517487881594-2787fef5ebf7?w=500&auto=format&fit=crop&q=80,Coca-Cola Original Taste Soft Drink 300ml,BEV-0076,Coca-Cola,Beverages,Black,25,24,181,Classic carbonated soft drink for refreshing moments.
https://images.unsplash.com/photo-1576092768241-dec231879fc3?w=500&auto=format&fit=crop&q=80,Coca-Cola Original Taste Soft Drink 300ml (Pack of 2),BEV-0077,Coca-Cola,Beverages,Black,50,46,265,Classic carbonated soft drink for refreshing moments.
https://images.unsplash.com/photo-1527661591475-527312dd65f5?w=500&auto=format&fit=crop&q=80,Coca-Cola Original Taste Soft Drink 300ml (Pack of 3),BEV-0078,Coca-Cola,Beverages,Black,75,67,303,Classic carbonated soft drink for refreshing moments.
https://images.unsplash.com/photo-1622483767028-3f66f32aef97?w=500&auto=format&fit=crop&q=80,Coca-Cola Original Taste Soft Drink 300ml (Pack of 4),BEV-0079,Coca-Cola,Beverages,Black,100,89,257,Classic carbonated soft drink for refreshing moments.
https://images.unsplash.com/photo-1544787219-7f47ccb76574?w=500&auto=format&fit=crop&q=80,Coca-Cola Original Taste Soft Drink 300ml (Family Pack of 6),BEV-0080,Coca-Cola,Beverages,Black,150,130,85,Classic carbonated soft drink for refreshing moments.
https://images.unsplash.com/photo-1551024709-8f23befc6f87?w=500&auto=format&fit=crop&q=80,Coca-Cola Original Taste Soft Drink 750ml,BEV-0081,Coca-Cola,Beverages,Black,40,38,442,Classic carbonated soft drink for refreshing moments.
https://images.unsplash.com/photo-1513558161293-cdaf765ed2fd?w=500&auto=format&fit=crop&q=80,Coca-Cola Original Taste Soft Drink 750ml (Pack of 2),BEV-0082,Coca-Cola,Beverages,Black,80,72,182,Classic carbonated soft drink for refreshing moments.
https://images.unsplash.com/photo-1571091718767-18b5b1457add?w=500&auto=format&fit=crop&q=80,Coca-Cola Original Taste Soft Drink 750ml (Pack of 3),BEV-0083,Coca-Cola,Beverages,Black,120,106,334,Classic carbonated soft drink for refreshing moments.
https://images.unsplash.com/photo-1554866585-cd94860890b7?w=500&auto=format&fit=crop&q=80,Coca-Cola Original Taste Soft Drink 750ml (Pack of 4),BEV-0084,Coca-Cola,Beverages,Black,160,141,500,Classic carbonated soft drink for refreshing moments.
https://images.unsplash.com/photo-1437418747212-8d9709afab22?w=500&auto=format&fit=crop&q=80,Coca-Cola Original Taste Soft Drink 750ml (Family Pack of 6),BEV-0085,Coca-Cola,Beverages,Black,240,205,281,Classic carbonated soft drink for refreshing moments.
https://images.unsplash.com/photo-1544145945-f90425340c7e?w=500&auto=format&fit=crop&q=80,Coca-Cola Original Taste Soft Drink 1.25L,BEV-0086,Coca-Cola,Beverages,Black,55,52,306,Classic carbonated soft drink for refreshing moments.
https://images.unsplash.com/photo-1517487881594-2787fef5ebf7?w=500&auto=format&fit=crop&q=80,Coca-Cola Original Taste Soft Drink 1.25L (Pack of 2),BEV-0087,Coca-Cola,Beverages,Black,110,99,261,Classic carbonated soft drink for refreshing moments.
https://images.unsplash.com/photo-1576092768241-dec231879fc3?w=500&auto=format&fit=crop&q=80,Coca-Cola Original Taste Soft Drink 1.25L (Pack of 3),BEV-0088,Coca-Cola,Beverages,Black,165,146,109,Classic carbonated soft drink for refreshing moments.
https://images.unsplash.com/photo-1527661591475-527312dd65f5?w=500&auto=format&fit=crop&q=80,Coca-Cola Original Taste Soft Drink 1.25L (Pack of 4),BEV-0089,Coca-Cola,Beverages,Black,220,192,404,Classic carbonated soft drink for refreshing moments.
https://images.unsplash.com/photo-1622483767028-3f66f32aef97?w=500&auto=format&fit=crop&q=80,Coca-Cola Original Taste Soft Drink 1.25L (Family Pack of 6),BEV-0090,Coca-Cola,Beverages,Black,330,281,342,Classic carbonated soft drink for refreshing moments.
https://images.unsplash.com/photo-1544787219-7f47ccb76574?w=500&auto=format&fit=crop&q=80,Coca-Cola Original Taste Soft Drink 2.25L,BEV-0091,Coca-Cola,Beverages,Black,85,80,212,Classic carbonated soft drink for refreshing moments.
https://images.unsplash.com/photo-1551024709-8f23befc6f87?w=500&auto=format&fit=crop&q=80,Coca-Cola Original Taste Soft Drink 2.25L (Pack of 2),BEV-0092,Coca-Cola,Beverages,Black,170,152,476,Classic carbonated soft drink for refreshing moments.
https://images.unsplash.com/photo-1513558161293-cdaf765ed2fd?w=500&auto=format&fit=crop&q=80,Coca-Cola Original Taste Soft Drink 2.25L (Pack of 3),BEV-0093,Coca-Cola,Beverages,Black,255,224,158,Classic carbonated soft drink for refreshing moments.
https://images.unsplash.com/photo-1571091718767-18b5b1457add?w=500&auto=format&fit=crop&q=80,Coca-Cola Original Taste Soft Drink 2.25L (Pack of 4),BEV-0094,Coca-Cola,Beverages,Black,340,296,152,Classic carbonated soft drink for refreshing moments.
https://images.unsplash.com/photo-1554866585-cd94860890b7?w=500&auto=format&fit=crop&q=80,Coca-Cola Original Taste Soft Drink 2.25L (Family Pack of 6),BEV-0095,Coca-Cola,Beverages,Black,510,432,275,Classic carbonated soft drink for refreshing moments.
https://images.unsplash.com/photo-1437418747212-8d9709afab22?w=500&auto=format&fit=crop&q=80,Thums Up Soft Drink 300ml,BEV-0096,Thums Up,Beverages,Dark Brown,25,24,496,Strong fizzy cola drink with refreshing punch.
https://images.unsplash.com/photo-1544145945-f90425340c7e?w=500&auto=format&fit=crop&q=80,Thums Up Soft Drink 300ml (Pack of 2),BEV-0097,Thums Up,Beverages,Dark Brown,50,46,179,Strong fizzy cola drink with refreshing punch.
https://images.unsplash.com/photo-1517487881594-2787fef5ebf7?w=500&auto=format&fit=crop&q=80,Thums Up Soft Drink 300ml (Pack of 3),BEV-0098,Thums Up,Beverages,Dark Brown,75,67,179,Strong fizzy cola drink with refreshing punch.
https://images.unsplash.com/photo-1576092768241-dec231879fc3?w=500&auto=format&fit=crop&q=80,Thums Up Soft Drink 300ml (Pack of 4),BEV-0099,Thums Up,Beverages,Dark Brown,100,89,399,Strong fizzy cola drink with refreshing punch.
https://images.unsplash.com/photo-1527661591475-527312dd65f5?w=500&auto=format&fit=crop&q=80,Thums Up Soft Drink 300ml (Family Pack of 6),BEV-0100,Thums Up,Beverages,Dark Brown,150,130,238,Strong fizzy cola drink with refreshing punch.
https://images.unsplash.com/photo-1622483767028-3f66f32aef97?w=500&auto=format&fit=crop&q=80,Thums Up Soft Drink 750ml,BEV-0101,Thums Up,Beverages,Dark Brown,42,40,485,Strong fizzy cola drink with refreshing punch.
https://images.unsplash.com/photo-1544787219-7f47ccb76574?w=500&auto=format&fit=crop&q=80,Thums Up Soft Drink 750ml (Pack of 2),BEV-0102,Thums Up,Beverages,Dark Brown,84,76,90,Strong fizzy cola drink with refreshing punch.
https://images.unsplash.com/photo-1551024709-8f23befc6f87?w=500&auto=format&fit=crop&q=80,Thums Up Soft Drink 750ml (Pack of 3),BEV-0103,Thums Up,Beverages,Dark Brown,126,112,387,Strong fizzy cola drink with refreshing punch.
https://images.unsplash.com/photo-1513558161293-cdaf765ed2fd?w=500&auto=format&fit=crop&q=80,Thums Up Soft Drink 750ml (Pack of 4),BEV-0104,Thums Up,Beverages,Dark Brown,168,148,192,Strong fizzy cola drink with refreshing punch.
https://images.unsplash.com/photo-1571091718767-18b5b1457add?w=500&auto=format&fit=crop&q=80,Thums Up Soft Drink 750ml (Family Pack of 6),BEV-0105,Thums Up,Beverages,Dark Brown,252,216,250,Strong fizzy cola drink with refreshing punch.
https://images.unsplash.com/photo-1554866585-cd94860890b7?w=500&auto=format&fit=crop&q=80,Thums Up Soft Drink 1.25L,BEV-0106,Thums Up,Beverages,Dark Brown,65,60,374,Strong fizzy cola drink with refreshing punch.
https://images.unsplash.com/photo-1437418747212-8d9709afab22?w=500&auto=format&fit=crop&q=80,Thums Up Soft Drink 1.25L (Pack of 2),BEV-0107,Thums Up,Beverages,Dark Brown,130,114,169,Strong fizzy cola drink with refreshing punch.
https://images.unsplash.com/photo-1544145945-f90425340c7e?w=500&auto=format&fit=crop&q=80,Thums Up Soft Drink 1.25L (Pack of 3),BEV-0108,Thums Up,Beverages,Dark Brown,195,168,470,Strong fizzy cola drink with refreshing punch.
https://images.unsplash.com/photo-1517487881594-2787fef5ebf7?w=500&auto=format&fit=crop&q=80,Thums Up Soft Drink 1.25L (Pack of 4),BEV-0109,Thums Up,Beverages,Dark Brown,260,222,289,Strong fizzy cola drink with refreshing punch.
https://images.unsplash.com/photo-1576092768241-dec231879fc3?w=500&auto=format&fit=crop&q=80,Thums Up Soft Drink 1.25L (Family Pack of 6),BEV-0110,Thums Up,Beverages,Dark Brown,390,324,333,Strong fizzy cola drink with refreshing punch.
https://images.unsplash.com/photo-1527661591475-527312dd65f5?w=500&auto=format&fit=crop&q=80,Thums Up Soft Drink 2.25L,BEV-0111,Thums Up,Beverages,Dark Brown,90,85,401,Strong fizzy cola drink with refreshing punch.
https://images.unsplash.com/photo-1622483767028-3f66f32aef97?w=500&auto=format&fit=crop&q=80,Thums Up Soft Drink 2.25L (Pack of 2),BEV-0112,Thums Up,Beverages,Dark Brown,180,162,220,Strong fizzy cola drink with refreshing punch.
https://images.unsplash.com/photo-1544787219-7f47ccb76574?w=500&auto=format&fit=crop&q=80,Thums Up Soft Drink 2.25L (Pack of 3),BEV-0113,Thums Up,Beverages,Dark Brown,270,238,175,Strong fizzy cola drink with refreshing punch.
https://images.unsplash.com/photo-1551024709-8f23befc6f87?w=500&auto=format&fit=crop&q=80,Thums Up Soft Drink 2.25L (Pack of 4),BEV-0114,Thums Up,Beverages,Dark Brown,360,314,102,Strong fizzy cola drink with refreshing punch.
https://images.unsplash.com/photo-1513558161293-cdaf765ed2fd?w=500&auto=format&fit=crop&q=80,Thums Up Soft Drink 2.25L (Family Pack of 6),BEV-0115,Thums Up,Beverages,Dark Brown,540,459,265,Strong fizzy cola drink with refreshing punch.
https://images.unsplash.com/photo-1571091718767-18b5b1457add?w=500&auto=format&fit=crop&q=80,Sprite Lemon-Lime Soft Drink 300ml,BEV-0116,Sprite,Beverages,Clear,25,24,357,Crisp lemon lime flavoured sparkling soft drink.
https://images.unsplash.com/photo-1554866585-cd94860890b7?w=500&auto=format&fit=crop&q=80,Sprite Lemon-Lime Soft Drink 300ml (Pack of 2),BEV-0117,Sprite,Beverages,Clear,50,46,208,Crisp lemon lime flavoured sparkling soft drink.
https://images.unsplash.com/photo-1437418747212-8d9709afab22?w=500&auto=format&fit=crop&q=80,Sprite Lemon-Lime Soft Drink 300ml (Pack of 3),BEV-0118,Sprite,Beverages,Clear,75,67,240,Crisp lemon lime flavoured sparkling soft drink.
https://images.unsplash.com/photo-1544145945-f90425340c7e?w=500&auto=format&fit=crop&q=80,Sprite Lemon-Lime Soft Drink 300ml (Pack of 4),BEV-0119,Sprite,Beverages,Clear,100,89,265,Crisp lemon lime flavoured sparkling soft drink.
https://images.unsplash.com/photo-1517487881594-2787fef5ebf7?w=500&auto=format&fit=crop&q=80,Sprite Lemon-Lime Soft Drink 300ml (Family Pack of 6),BEV-0120,Sprite,Beverages,Clear,150,130,463,Crisp lemon lime flavoured sparkling soft drink.
https://images.unsplash.com/photo-1576092768241-dec231879fc3?w=500&auto=format&fit=crop&q=80,Sprite Lemon-Lime Soft Drink 750ml,BEV-0121,Sprite,Beverages,Clear,40,38,108,Crisp lemon lime flavoured sparkling soft drink.
https://images.unsplash.com/photo-1527661591475-527312dd65f5?w=500&auto=format&fit=crop&q=80,Sprite Lemon-Lime Soft Drink 750ml (Pack of 2),BEV-0122,Sprite,Beverages,Clear,80,72,391,Crisp lemon lime flavoured sparkling soft drink.
https://images.unsplash.com/photo-1622483767028-3f66f32aef97?w=500&auto=format&fit=crop&q=80,Sprite Lemon-Lime Soft Drink 750ml (Pack of 3),BEV-0123,Sprite,Beverages,Clear,120,106,94,Crisp lemon lime flavoured sparkling soft drink.
https://images.unsplash.com/photo-1544787219-7f47ccb76574?w=500&auto=format&fit=crop&q=80,Sprite Lemon-Lime Soft Drink 750ml (Pack of 4),BEV-0124,Sprite,Beverages,Clear,160,141,164,Crisp lemon lime flavoured sparkling soft drink.
https://images.unsplash.com/photo-1551024709-8f23befc6f87?w=500&auto=format&fit=crop&q=80,Sprite Lemon-Lime Soft Drink 750ml (Family Pack of 6),BEV-0125,Sprite,Beverages,Clear,240,205,83,Crisp lemon lime flavoured sparkling soft drink.
https://images.unsplash.com/photo-1513558161293-cdaf765ed2fd?w=500&auto=format&fit=crop&q=80,Sprite Lemon-Lime Soft Drink 1.25L,BEV-0126,Sprite,Beverages,Clear,55,52,225,Crisp lemon lime flavoured sparkling soft drink.
https://images.unsplash.com/photo-1571091718767-18b5b1457add?w=500&auto=format&fit=crop&q=80,Sprite Lemon-Lime Soft Drink 1.25L (Pack of 2),BEV-0127,Sprite,Beverages,Clear,110,99,466,Crisp lemon lime flavoured sparkling soft drink.
https://images.unsplash.com/photo-1554866585-cd94860890b7?w=500&auto=format&fit=crop&q=80,Sprite Lemon-Lime Soft Drink 1.25L (Pack of 3),BEV-0128,Sprite,Beverages,Clear,165,146,313,Crisp lemon lime flavoured sparkling soft drink.
https://images.unsplash.com/photo-1437418747212-8d9709afab22?w=500&auto=format&fit=crop&q=80,Sprite Lemon-Lime Soft Drink 1.25L (Pack of 4),BEV-0129,Sprite,Beverages,Clear,220,192,217,Crisp lemon lime flavoured sparkling soft drink.
https://images.unsplash.com/photo-1544145945-f90425340c7e?w=500&auto=format&fit=crop&q=80,Sprite Lemon-Lime Soft Drink 1.25L (Family Pack of 6),BEV-0130,Sprite,Beverages,Clear,330,281,163,Crisp lemon lime flavoured sparkling soft drink.
https://images.unsplash.com/photo-1517487881594-2787fef5ebf7?w=500&auto=format&fit=crop&q=80,Sprite Lemon-Lime Soft Drink 2.25L,BEV-0131,Sprite,Beverages,Clear,85,80,244,Crisp lemon lime flavoured sparkling soft drink.
https://images.unsplash.com/photo-1576092768241-dec231879fc3?w=500&auto=format&fit=crop&q=80,Sprite Lemon-Lime Soft Drink 2.25L (Pack of 2),BEV-0132,Sprite,Beverages,Clear,170,152,373,Crisp lemon lime flavoured sparkling soft drink.
https://images.unsplash.com/photo-1527661591475-527312dd65f5?w=500&auto=format&fit=crop&q=80,Sprite Lemon-Lime Soft Drink 2.25L (Pack of 3),BEV-0133,Sprite,Beverages,Clear,255,224,465,Crisp lemon lime flavoured sparkling soft drink.
https://images.unsplash.com/photo-1622483767028-3f66f32aef97?w=500&auto=format&fit=crop&q=80,Sprite Lemon-Lime Soft Drink 2.25L (Pack of 4),BEV-0134,Sprite,Beverages,Clear,340,296,263,Crisp lemon lime flavoured sparkling soft drink.
https://images.unsplash.com/photo-1544787219-7f47ccb76574?w=500&auto=format&fit=crop&q=80,Sprite Lemon-Lime Soft Drink 2.25L (Family Pack of 6),BEV-0135,Sprite,Beverages,Clear,510,432,466,Crisp lemon lime flavoured sparkling soft drink.
https://images.unsplash.com/photo-1551024709-8f23befc6f87?w=500&auto=format&fit=crop&q=80,Fanta Orange Flavoured Soft Drink 300ml,BEV-0136,Fanta,Beverages,Orange,25,24,161,Bubbly zesty orange soft drink.
https://images.unsplash.com/photo-1513558161293-cdaf765ed2fd?w=500&auto=format&fit=crop&q=80,Fanta Orange Flavoured Soft Drink 300ml (Pack of 2),BEV-0137,Fanta,Beverages,Orange,50,46,178,Bubbly zesty orange soft drink.
https://images.unsplash.com/photo-1571091718767-18b5b1457add?w=500&auto=format&fit=crop&q=80,Fanta Orange Flavoured Soft Drink 300ml (Pack of 3),BEV-0138,Fanta,Beverages,Orange,75,67,262,Bubbly zesty orange soft drink.
https://images.unsplash.com/photo-1554866585-cd94860890b7?w=500&auto=format&fit=crop&q=80,Fanta Orange Flavoured Soft Drink 300ml (Pack of 4),BEV-0139,Fanta,Beverages,Orange,100,89,473,Bubbly zesty orange soft drink.
https://images.unsplash.com/photo-1437418747212-8d9709afab22?w=500&auto=format&fit=crop&q=80,Fanta Orange Flavoured Soft Drink 300ml (Family Pack of 6),BEV-0140,Fanta,Beverages,Orange,150,130,208,Bubbly zesty orange soft drink.
https://images.unsplash.com/photo-1544145945-f90425340c7e?w=500&auto=format&fit=crop&q=80,Fanta Orange Flavoured Soft Drink 750ml,BEV-0141,Fanta,Beverages,Orange,42,40,387,Bubbly zesty orange soft drink.
https://images.unsplash.com/photo-1517487881594-2787fef5ebf7?w=500&auto=format&fit=crop&q=80,Fanta Orange Flavoured Soft Drink 750ml (Pack of 2),BEV-0142,Fanta,Beverages,Orange,84,76,436,Bubbly zesty orange soft drink.
https://images.unsplash.com/photo-1576092768241-dec231879fc3?w=500&auto=format&fit=crop&q=80,Fanta Orange Flavoured Soft Drink 750ml (Pack of 3),BEV-0143,Fanta,Beverages,Orange,126,112,104,Bubbly zesty orange soft drink.
https://images.unsplash.com/photo-1527661591475-527312dd65f5?w=500&auto=format&fit=crop&q=80,Fanta Orange Flavoured Soft Drink 750ml (Pack of 4),BEV-0144,Fanta,Beverages,Orange,168,148,247,Bubbly zesty orange soft drink.
https://images.unsplash.com/photo-1622483767028-3f66f32aef97?w=500&auto=format&fit=crop&q=80,Fanta Orange Flavoured Soft Drink 750ml (Family Pack of 6),BEV-0145,Fanta,Beverages,Orange,252,216,102,Bubbly zesty orange soft drink.
https://images.unsplash.com/photo-1544787219-7f47ccb76574?w=500&auto=format&fit=crop&q=80,Fanta Orange Flavoured Soft Drink 1.25L,BEV-0146,Fanta,Beverages,Orange,55,52,292,Bubbly zesty orange soft drink.
https://images.unsplash.com/photo-1551024709-8f23befc6f87?w=500&auto=format&fit=crop&q=80,Fanta Orange Flavoured Soft Drink 1.25L (Pack of 2),BEV-0147,Fanta,Beverages,Orange,110,99,485,Bubbly zesty orange soft drink.
https://images.unsplash.com/photo-1513558161293-cdaf765ed2fd?w=500&auto=format&fit=crop&q=80,Fanta Orange Flavoured Soft Drink 1.25L (Pack of 3),BEV-0148,Fanta,Beverages,Orange,165,146,427,Bubbly zesty orange soft drink.
https://images.unsplash.com/photo-1571091718767-18b5b1457add?w=500&auto=format&fit=crop&q=80,Fanta Orange Flavoured Soft Drink 1.25L (Pack of 4),BEV-0149,Fanta,Beverages,Orange,220,192,160,Bubbly zesty orange soft drink.
https://images.unsplash.com/photo-1554866585-cd94860890b7?w=500&auto=format&fit=crop&q=80,Fanta Orange Flavoured Soft Drink 1.25L (Family Pack of 6),BEV-0150,Fanta,Beverages,Orange,330,281,317,Bubbly zesty orange soft drink.
https://images.unsplash.com/photo-1437418747212-8d9709afab22?w=500&auto=format&fit=crop&q=80,Limca Lemon Soft Drink 300ml,BEV-0151,Limca,Beverages,Green,25,24,83,Refreshingly tangy lemon-lime fizzy drink.
https://images.unsplash.com/photo-1544145945-f90425340c7e?w=500&auto=format&fit=crop&q=80,Limca Lemon Soft Drink 300ml (Pack of 2),BEV-0152,Limca,Beverages,Green,50,46,81,Refreshingly tangy lemon-lime fizzy drink.
https://images.unsplash.com/photo-1517487881594-2787fef5ebf7?w=500&auto=format&fit=crop&q=80,Limca Lemon Soft Drink 300ml (Pack of 3),BEV-0153,Limca,Beverages,Green,75,67,140,Refreshingly tangy lemon-lime fizzy drink.
https://images.unsplash.com/photo-1576092768241-dec231879fc3?w=500&auto=format&fit=crop&q=80,Limca Lemon Soft Drink 300ml (Pack of 4),BEV-0154,Limca,Beverages,Green,100,89,255,Refreshingly tangy lemon-lime fizzy drink.
https://images.unsplash.com/photo-1527661591475-527312dd65f5?w=500&auto=format&fit=crop&q=80,Limca Lemon Soft Drink 300ml (Family Pack of 6),BEV-0155,Limca,Beverages,Green,150,130,213,Refreshingly tangy lemon-lime fizzy drink.
https://images.unsplash.com/photo-1622483767028-3f66f32aef97?w=500&auto=format&fit=crop&q=80,Limca Lemon Soft Drink 750ml,BEV-0156,Limca,Beverages,Green,42,40,181,Refreshingly tangy lemon-lime fizzy drink.
https://images.unsplash.com/photo-1544787219-7f47ccb76574?w=500&auto=format&fit=crop&q=80,Limca Lemon Soft Drink 750ml (Pack of 2),BEV-0157,Limca,Beverages,Green,84,76,106,Refreshingly tangy lemon-lime fizzy drink.
https://images.unsplash.com/photo-1551024709-8f23befc6f87?w=500&auto=format&fit=crop&q=80,Limca Lemon Soft Drink 750ml (Pack of 3),BEV-0158,Limca,Beverages,Green,126,112,337,Refreshingly tangy lemon-lime fizzy drink.
https://images.unsplash.com/photo-1513558161293-cdaf765ed2fd?w=500&auto=format&fit=crop&q=80,Limca Lemon Soft Drink 750ml (Pack of 4),BEV-0159,Limca,Beverages,Green,168,148,428,Refreshingly tangy lemon-lime fizzy drink.
https://images.unsplash.com/photo-1571091718767-18b5b1457add?w=500&auto=format&fit=crop&q=80,Limca Lemon Soft Drink 750ml (Family Pack of 6),BEV-0160,Limca,Beverages,Green,252,216,259,Refreshingly tangy lemon-lime fizzy drink.
https://images.unsplash.com/photo-1554866585-cd94860890b7?w=500&auto=format&fit=crop&q=80,Limca Lemon Soft Drink 1.25L,BEV-0161,Limca,Beverages,Green,55,52,165,Refreshingly tangy lemon-lime fizzy drink.
https://images.unsplash.com/photo-1437418747212-8d9709afab22?w=500&auto=format&fit=crop&q=80,Limca Lemon Soft Drink 1.25L (Pack of 2),BEV-0162,Limca,Beverages,Green,110,99,160,Refreshingly tangy lemon-lime fizzy drink.
https://images.unsplash.com/photo-1544145945-f90425340c7e?w=500&auto=format&fit=crop&q=80,Limca Lemon Soft Drink 1.25L (Pack of 3),BEV-0163,Limca,Beverages,Green,165,146,434,Refreshingly tangy lemon-lime fizzy drink.
https://images.unsplash.com/photo-1517487881594-2787fef5ebf7?w=500&auto=format&fit=crop&q=80,Limca Lemon Soft Drink 1.25L (Pack of 4),BEV-0164,Limca,Beverages,Green,220,192,334,Refreshingly tangy lemon-lime fizzy drink.
https://images.unsplash.com/photo-1576092768241-dec231879fc3?w=500&auto=format&fit=crop&q=80,Limca Lemon Soft Drink 1.25L (Family Pack of 6),BEV-0165,Limca,Beverages,Green,330,281,121,Refreshingly tangy lemon-lime fizzy drink.
https://images.unsplash.com/photo-1527661591475-527312dd65f5?w=500&auto=format&fit=crop&q=80,Maaza Mango Drink 250ml,BEV-0166,Maaza,Beverages,Yellow,30,28,173,Real mango pulp thick juicy mango drink.
https://images.unsplash.com/photo-1622483767028-3f66f32aef97?w=500&auto=format&fit=crop&q=80,Maaza Mango Drink 250ml (Pack of 2),BEV-0167,Maaza,Beverages,Yellow,60,53,141,Real mango pulp thick juicy mango drink.
https://images.unsplash.com/photo-1544787219-7f47ccb76574?w=500&auto=format&fit=crop&q=80,Maaza Mango Drink 250ml (Pack of 3),BEV-0168,Maaza,Beverages,Yellow,90,78,124,Real mango pulp thick juicy mango drink.
https://images.unsplash.com/photo-1551024709-8f23befc6f87?w=500&auto=format&fit=crop&q=80,Maaza Mango Drink 250ml (Pack of 4),BEV-0169,Maaza,Beverages,Yellow,120,104,419,Real mango pulp thick juicy mango drink.
https://images.unsplash.com/photo-1513558161293-cdaf765ed2fd?w=500&auto=format&fit=crop&q=80,Maaza Mango Drink 250ml (Family Pack of 6),BEV-0170,Maaza,Beverages,Yellow,180,151,246,Real mango pulp thick juicy mango drink.
https://images.unsplash.com/photo-1571091718767-18b5b1457add?w=500&auto=format&fit=crop&q=80,Maaza Mango Drink 600ml,BEV-0171,Maaza,Beverages,Yellow,45,42,232,Real mango pulp thick juicy mango drink.
https://images.unsplash.com/photo-1554866585-cd94860890b7?w=500&auto=format&fit=crop&q=80,Maaza Mango Drink 600ml (Pack of 2),BEV-0172,Maaza,Beverages,Yellow,90,80,301,Real mango pulp thick juicy mango drink.
https://images.unsplash.com/photo-1437418747212-8d9709afab22?w=500&auto=format&fit=crop&q=80,Maaza Mango Drink 600ml (Pack of 3),BEV-0173,Maaza,Beverages,Yellow,135,118,342,Real mango pulp thick juicy mango drink.
https://images.unsplash.com/photo-1544145945-f90425340c7e?w=500&auto=format&fit=crop&q=80,Maaza Mango Drink 600ml (Pack of 4),BEV-0174,Maaza,Beverages,Yellow,180,155,175,Real mango pulp thick juicy mango drink.
https://images.unsplash.com/photo-1517487881594-2787fef5ebf7?w=500&auto=format&fit=crop&q=80,Maaza Mango Drink 600ml (Family Pack of 6),BEV-0175,Maaza,Beverages,Yellow,270,227,418,Real mango pulp thick juicy mango drink.
https://images.unsplash.com/photo-1576092768241-dec231879fc3?w=500&auto=format&fit=crop&q=80,Maaza Mango Drink 1.2L,BEV-0176,Maaza,Beverages,Yellow,75,70,364,Real mango pulp thick juicy mango drink.
https://images.unsplash.com/photo-1527661591475-527312dd65f5?w=500&auto=format&fit=crop&q=80,Maaza Mango Drink 1.2L (Pack of 2),BEV-0177,Maaza,Beverages,Yellow,150,133,456,Real mango pulp thick juicy mango drink.
https://images.unsplash.com/photo-1622483767028-3f66f32aef97?w=500&auto=format&fit=crop&q=80,Maaza Mango Drink 1.2L (Pack of 3),BEV-0178,Maaza,Beverages,Yellow,225,196,122,Real mango pulp thick juicy mango drink.
https://images.unsplash.com/photo-1544787219-7f47ccb76574?w=500&auto=format&fit=crop&q=80,Maaza Mango Drink 1.2L (Pack of 4),BEV-0179,Maaza,Beverages,Yellow,300,259,350,Real mango pulp thick juicy mango drink.
https://images.unsplash.com/photo-1551024709-8f23befc6f87?w=500&auto=format&fit=crop&q=80,Maaza Mango Drink 1.2L (Family Pack of 6),BEV-0180,Maaza,Beverages,Yellow,450,378,499,Real mango pulp thick juicy mango drink.
https://images.unsplash.com/photo-1513558161293-cdaf765ed2fd?w=500&auto=format&fit=crop&q=80,Frooti Mango Drink 200ml Tetra,BEV-0181,Frooti,Beverages,Yellow,20,20,205,Refreshing mango fruit juice drink made with ripe mangoes.
https://images.unsplash.com/photo-1571091718767-18b5b1457add?w=500&auto=format&fit=crop&q=80,Frooti Mango Drink 200ml Tetra (Pack of 2),BEV-0182,Frooti,Beverages,Yellow,40,38,231,Refreshing mango fruit juice drink made with ripe mangoes.
https://images.unsplash.com/photo-1554866585-cd94860890b7?w=500&auto=format&fit=crop&q=80,Frooti Mango Drink 200ml Tetra (Pack of 3),BEV-0183,Frooti,Beverages,Yellow,60,56,256,Refreshing mango fruit juice drink made with ripe mangoes.
https://images.unsplash.com/photo-1437418747212-8d9709afab22?w=500&auto=format&fit=crop&q=80,Frooti Mango Drink 200ml Tetra (Pack of 4),BEV-0184,Frooti,Beverages,Yellow,80,74,408,Refreshing mango fruit juice drink made with ripe mangoes.
https://images.unsplash.com/photo-1544145945-f90425340c7e?w=500&auto=format&fit=crop&q=80,Frooti Mango Drink 200ml Tetra (Family Pack of 6),BEV-0185,Frooti,Beverages,Yellow,120,108,239,Refreshing mango fruit juice drink made with ripe mangoes.
https://images.unsplash.com/photo-1517487881594-2787fef5ebf7?w=500&auto=format&fit=crop&q=80,Frooti Mango Drink 1L,BEV-0186,Frooti,Beverages,Yellow,55,52,432,Refreshing mango fruit juice drink made with ripe mangoes.
https://images.unsplash.com/photo-1576092768241-dec231879fc3?w=500&auto=format&fit=crop&q=80,Frooti Mango Drink 1L (Pack of 2),BEV-0187,Frooti,Beverages,Yellow,110,99,473,Refreshing mango fruit juice drink made with ripe mangoes.
https://images.unsplash.com/photo-1527661591475-527312dd65f5?w=500&auto=format&fit=crop&q=80,Frooti Mango Drink 1L (Pack of 3),BEV-0188,Frooti,Beverages,Yellow,165,146,195,Refreshing mango fruit juice drink made with ripe mangoes.
https://images.unsplash.com/photo-1622483767028-3f66f32aef97?w=500&auto=format&fit=crop&q=80,Frooti Mango Drink 1L (Pack of 4),BEV-0189,Frooti,Beverages,Yellow,220,192,454,Refreshing mango fruit juice drink made with ripe mangoes.
https://images.unsplash.com/photo-1544787219-7f47ccb76574?w=500&auto=format&fit=crop&q=80,Frooti Mango Drink 1L (Family Pack of 6),BEV-0190,Frooti,Beverages,Yellow,330,281,192,Refreshing mango fruit juice drink made with ripe mangoes.
https://images.unsplash.com/photo-1551024709-8f23befc6f87?w=500&auto=format&fit=crop&q=80,Frooti Mango Drink 1.2L,BEV-0191,Frooti,Beverages,Yellow,70,65,343,Refreshing mango fruit juice drink made with ripe mangoes.
https://images.unsplash.com/photo-1513558161293-cdaf765ed2fd?w=500&auto=format&fit=crop&q=80,Frooti Mango Drink 1.2L (Pack of 2),BEV-0192,Frooti,Beverages,Yellow,140,124,133,Refreshing mango fruit juice drink made with ripe mangoes.
https://images.unsplash.com/photo-1571091718767-18b5b1457add?w=500&auto=format&fit=crop&q=80,Frooti Mango Drink 1.2L (Pack of 3),BEV-0193,Frooti,Beverages,Yellow,210,182,234,Refreshing mango fruit juice drink made with ripe mangoes.
https://images.unsplash.com/photo-1554866585-cd94860890b7?w=500&auto=format&fit=crop&q=80,Frooti Mango Drink 1.2L (Pack of 4),BEV-0194,Frooti,Beverages,Yellow,280,240,126,Refreshing mango fruit juice drink made with ripe mangoes.
https://images.unsplash.com/photo-1437418747212-8d9709afab22?w=500&auto=format&fit=crop&q=80,Frooti Mango Drink 1.2L (Family Pack of 6),BEV-0195,Frooti,Beverages,Yellow,420,351,231,Refreshing mango fruit juice drink made with ripe mangoes.
https://images.unsplash.com/photo-1544145945-f90425340c7e?w=500&auto=format&fit=crop&q=80,Appy Fizz Sparkling Apple Drink 300ml,BEV-0196,Appy Fizz,Beverages,Golden,35,32,396,Fizzy crisp sparkling apple juice drink.
https://images.unsplash.com/photo-1517487881594-2787fef5ebf7?w=500&auto=format&fit=crop&q=80,Appy Fizz Sparkling Apple Drink 300ml (Pack of 2),BEV-0197,Appy Fizz,Beverages,Golden,70,61,399,Fizzy crisp sparkling apple juice drink.
https://images.unsplash.com/photo-1576092768241-dec231879fc3?w=500&auto=format&fit=crop&q=80,Appy Fizz Sparkling Apple Drink 300ml (Pack of 3),BEV-0198,Appy Fizz,Beverages,Golden,105,90,272,Fizzy crisp sparkling apple juice drink.
https://images.unsplash.com/photo-1527661591475-527312dd65f5?w=500&auto=format&fit=crop&q=80,Appy Fizz Sparkling Apple Drink 300ml (Pack of 4),BEV-0199,Appy Fizz,Beverages,Golden,140,118,332,Fizzy crisp sparkling apple juice drink.
https://images.unsplash.com/photo-1622483767028-3f66f32aef97?w=500&auto=format&fit=crop&q=80,Appy Fizz Sparkling Apple Drink 300ml (Family Pack of 6),BEV-0200,Appy Fizz,Beverages,Golden,210,173,247,Fizzy crisp sparkling apple juice drink.
https://images.unsplash.com/photo-1544787219-7f47ccb76574?w=500&auto=format&fit=crop&q=80,Appy Fizz Sparkling Apple Drink 500ml,BEV-0201,Appy Fizz,Beverages,Golden,45,42,95,Fizzy crisp sparkling apple juice drink.
https://images.unsplash.com/photo-1551024709-8f23befc6f87?w=500&auto=format&fit=crop&q=80,Appy Fizz Sparkling Apple Drink 500ml (Pack of 2),BEV-0202,Appy Fizz,Beverages,Golden,90,80,138,Fizzy crisp sparkling apple juice drink.
https://images.unsplash.com/photo-1513558161293-cdaf765ed2fd?w=500&auto=format&fit=crop&q=80,Appy Fizz Sparkling Apple Drink 500ml (Pack of 3),BEV-0203,Appy Fizz,Beverages,Golden,135,118,424,Fizzy crisp sparkling apple juice drink.
https://images.unsplash.com/photo-1571091718767-18b5b1457add?w=500&auto=format&fit=crop&q=80,Appy Fizz Sparkling Apple Drink 500ml (Pack of 4),BEV-0204,Appy Fizz,Beverages,Golden,180,155,228,Fizzy crisp sparkling apple juice drink.
https://images.unsplash.com/photo-1554866585-cd94860890b7?w=500&auto=format&fit=crop&q=80,Appy Fizz Sparkling Apple Drink 500ml (Family Pack of 6),BEV-0205,Appy Fizz,Beverages,Golden,270,227,139,Fizzy crisp sparkling apple juice drink.
https://images.unsplash.com/photo-1437418747212-8d9709afab22?w=500&auto=format&fit=crop&q=80,Appy Fizz Sparkling Apple Drink 1L,BEV-0206,Appy Fizz,Beverages,Golden,75,70,169,Fizzy crisp sparkling apple juice drink.
https://images.unsplash.com/photo-1544145945-f90425340c7e?w=500&auto=format&fit=crop&q=80,Appy Fizz Sparkling Apple Drink 1L (Pack of 2),BEV-0207,Appy Fizz,Beverages,Golden,150,133,263,Fizzy crisp sparkling apple juice drink.
https://images.unsplash.com/photo-1517487881594-2787fef5ebf7?w=500&auto=format&fit=crop&q=80,Appy Fizz Sparkling Apple Drink 1L (Pack of 3),BEV-0208,Appy Fizz,Beverages,Golden,225,196,404,Fizzy crisp sparkling apple juice drink.
https://images.unsplash.com/photo-1576092768241-dec231879fc3?w=500&auto=format&fit=crop&q=80,Appy Fizz Sparkling Apple Drink 1L (Pack of 4),BEV-0209,Appy Fizz,Beverages,Golden,300,259,265,Fizzy crisp sparkling apple juice drink.
https://images.unsplash.com/photo-1527661591475-527312dd65f5?w=500&auto=format&fit=crop&q=80,Appy Fizz Sparkling Apple Drink 1L (Family Pack of 6),BEV-0210,Appy Fizz,Beverages,Golden,450,378,373,Fizzy crisp sparkling apple juice drink.
https://images.unsplash.com/photo-1622483767028-3f66f32aef97?w=500&auto=format&fit=crop&q=80,Slice Mango Drink 250ml,BEV-0211,Slice,Beverages,Yellow,30,28,99,Thick creamy mango juice drink with pulp.
https://images.unsplash.com/photo-1544787219-7f47ccb76574?w=500&auto=format&fit=crop&q=80,Slice Mango Drink 250ml (Pack of 2),BEV-0212,Slice,Beverages,Yellow,60,53,99,Thick creamy mango juice drink with pulp.
https://images.unsplash.com/photo-1551024709-8f23befc6f87?w=500&auto=format&fit=crop&q=80,Slice Mango Drink 250ml (Pack of 3),BEV-0213,Slice,Beverages,Yellow,90,78,182,Thick creamy mango juice drink with pulp.
https://images.unsplash.com/photo-1513558161293-cdaf765ed2fd?w=500&auto=format&fit=crop&q=80,Slice Mango Drink 250ml (Pack of 4),BEV-0214,Slice,Beverages,Yellow,120,104,116,Thick creamy mango juice drink with pulp.
https://images.unsplash.com/photo-1571091718767-18b5b1457add?w=500&auto=format&fit=crop&q=80,Slice Mango Drink 250ml (Family Pack of 6),BEV-0215,Slice,Beverages,Yellow,180,151,325,Thick creamy mango juice drink with pulp.
https://images.unsplash.com/photo-1554866585-cd94860890b7?w=500&auto=format&fit=crop&q=80,Slice Mango Drink 600ml,BEV-0216,Slice,Beverages,Yellow,45,42,118,Thick creamy mango juice drink with pulp.
https://images.unsplash.com/photo-1437418747212-8d9709afab22?w=500&auto=format&fit=crop&q=80,Slice Mango Drink 600ml (Pack of 2),BEV-0217,Slice,Beverages,Yellow,90,80,255,Thick creamy mango juice drink with pulp.
https://images.unsplash.com/photo-1544145945-f90425340c7e?w=500&auto=format&fit=crop&q=80,Slice Mango Drink 600ml (Pack of 3),BEV-0218,Slice,Beverages,Yellow,135,118,304,Thick creamy mango juice drink with pulp.
https://images.unsplash.com/photo-1517487881594-2787fef5ebf7?w=500&auto=format&fit=crop&q=80,Slice Mango Drink 600ml (Pack of 4),BEV-0219,Slice,Beverages,Yellow,180,155,106,Thick creamy mango juice drink with pulp.
https://images.unsplash.com/photo-1576092768241-dec231879fc3?w=500&auto=format&fit=crop&q=80,Slice Mango Drink 600ml (Family Pack of 6),BEV-0220,Slice,Beverages,Yellow,270,227,346,Thick creamy mango juice drink with pulp.
https://images.unsplash.com/photo-1527661591475-527312dd65f5?w=500&auto=format&fit=crop&q=80,Slice Mango Drink 1.2L,BEV-0221,Slice,Beverages,Yellow,72,68,397,Thick creamy mango juice drink with pulp.
https://images.unsplash.com/photo-1622483767028-3f66f32aef97?w=500&auto=format&fit=crop&q=80,Slice Mango Drink 1.2L (Pack of 2),BEV-0222,Slice,Beverages,Yellow,144,129,312,Thick creamy mango juice drink with pulp.
https://images.unsplash.com/photo-1544787219-7f47ccb76574?w=500&auto=format&fit=crop&q=80,Slice Mango Drink 1.2L (Pack of 3),BEV-0223,Slice,Beverages,Yellow,216,190,414,Thick creamy mango juice drink with pulp.
https://images.unsplash.com/photo-1551024709-8f23befc6f87?w=500&auto=format&fit=crop&q=80,Slice Mango Drink 1.2L (Pack of 4),BEV-0224,Slice,Beverages,Yellow,288,252,373,Thick creamy mango juice drink with pulp.
https://images.unsplash.com/photo-1513558161293-cdaf765ed2fd?w=500&auto=format&fit=crop&q=80,Slice Mango Drink 1.2L (Family Pack of 6),BEV-0225,Slice,Beverages,Yellow,432,367,454,Thick creamy mango juice drink with pulp.
https://images.unsplash.com/photo-1571091718767-18b5b1457add?w=500&auto=format&fit=crop&q=80,Real Fruit Power Mixed Fruit Juice 500ml,BEV-0226,Real,Beverages,Orange,75,68,481,Nutritious mixed fruit juice with natural vitamins.
https://images.unsplash.com/photo-1554866585-cd94860890b7?w=500&auto=format&fit=crop&q=80,Real Fruit Power Mixed Fruit Juice 500ml (Pack of 2),BEV-0227,Real,Beverages,Orange,150,129,302,Nutritious mixed fruit juice with natural vitamins.
https://images.unsplash.com/photo-1437418747212-8d9709afab22?w=500&auto=format&fit=crop&q=80,Real Fruit Power Mixed Fruit Juice 500ml (Pack of 3),BEV-0228,Real,Beverages,Orange,225,190,358,Nutritious mixed fruit juice with natural vitamins.
https://images.unsplash.com/photo-1544145945-f90425340c7e?w=500&auto=format&fit=crop&q=80,Real Fruit Power Mixed Fruit Juice 500ml (Pack of 4),BEV-0229,Real,Beverages,Orange,300,252,188,Nutritious mixed fruit juice with natural vitamins.
https://images.unsplash.com/photo-1517487881594-2787fef5ebf7?w=500&auto=format&fit=crop&q=80,Real Fruit Power Mixed Fruit Juice 500ml (Family Pack of 6),BEV-0230,Real,Beverages,Orange,450,367,498,Nutritious mixed fruit juice with natural vitamins.
https://images.unsplash.com/photo-1576092768241-dec231879fc3?w=500&auto=format&fit=crop&q=80,Real Fruit Power Mixed Fruit Juice 1L,BEV-0231,Real,Beverages,Orange,130,115,402,Nutritious mixed fruit juice with natural vitamins.
https://images.unsplash.com/photo-1527661591475-527312dd65f5?w=500&auto=format&fit=crop&q=80,Real Fruit Power Mixed Fruit Juice 1L (Pack of 2),BEV-0232,Real,Beverages,Orange,260,218,133,Nutritious mixed fruit juice with natural vitamins.
https://images.unsplash.com/photo-1622483767028-3f66f32aef97?w=500&auto=format&fit=crop&q=80,Real Fruit Power Mixed Fruit Juice 1L (Pack of 3),BEV-0233,Real,Beverages,Orange,390,322,340,Nutritious mixed fruit juice with natural vitamins.
https://images.unsplash.com/photo-1544787219-7f47ccb76574?w=500&auto=format&fit=crop&q=80,Real Fruit Power Mixed Fruit Juice 1L (Pack of 4),BEV-0234,Real,Beverages,Orange,520,426,240,Nutritious mixed fruit juice with natural vitamins.
https://images.unsplash.com/photo-1551024709-8f23befc6f87?w=500&auto=format&fit=crop&q=80,Real Fruit Power Mixed Fruit Juice 1L (Family Pack of 6),BEV-0235,Real,Beverages,Orange,780,621,378,Nutritious mixed fruit juice with natural vitamins.
https://images.unsplash.com/photo-1513558161293-cdaf765ed2fd?w=500&auto=format&fit=crop&q=80,Real Fruit Power Grape Juice 500ml,BEV-0236,Real,Beverages,Purple,80,72,91,100% fruit juice from sweet black grapes.
https://images.unsplash.com/photo-1571091718767-18b5b1457add?w=500&auto=format&fit=crop&q=80,Real Fruit Power Grape Juice 500ml (Pack of 2),BEV-0237,Real,Beverages,Purple,160,137,258,100% fruit juice from sweet black grapes.
https://images.unsplash.com/photo-1554866585-cd94860890b7?w=500&auto=format&fit=crop&q=80,Real Fruit Power Grape Juice 500ml (Pack of 3),BEV-0238,Real,Beverages,Purple,240,202,410,100% fruit juice from sweet black grapes.
https://images.unsplash.com/photo-1437418747212-8d9709afab22?w=500&auto=format&fit=crop&q=80,Real Fruit Power Grape Juice 500ml (Pack of 4),BEV-0239,Real,Beverages,Purple,320,266,230,100% fruit juice from sweet black grapes.
https://images.unsplash.com/photo-1544145945-f90425340c7e?w=500&auto=format&fit=crop&q=80,Real Fruit Power Grape Juice 500ml (Family Pack of 6),BEV-0240,Real,Beverages,Purple,480,389,169,100% fruit juice from sweet black grapes.
https://images.unsplash.com/photo-1517487881594-2787fef5ebf7?w=500&auto=format&fit=crop&q=80,Real Fruit Power Grape Juice 1L,BEV-0241,Real,Beverages,Purple,135,120,173,100% fruit juice from sweet black grapes.
https://images.unsplash.com/photo-1576092768241-dec231879fc3?w=500&auto=format&fit=crop&q=80,Real Fruit Power Grape Juice 1L (Pack of 2),BEV-0242,Real,Beverages,Purple,270,228,424,100% fruit juice from sweet black grapes.
https://images.unsplash.com/photo-1527661591475-527312dd65f5?w=500&auto=format&fit=crop&q=80,Real Fruit Power Grape Juice 1L (Pack of 3),BEV-0243,Real,Beverages,Purple,405,336,307,100% fruit juice from sweet black grapes.
https://images.unsplash.com/photo-1622483767028-3f66f32aef97?w=500&auto=format&fit=crop&q=80,Real Fruit Power Grape Juice 1L (Pack of 4),BEV-0244,Real,Beverages,Purple,540,444,462,100% fruit juice from sweet black grapes.
https://images.unsplash.com/photo-1544787219-7f47ccb76574?w=500&auto=format&fit=crop&q=80,Real Fruit Power Grape Juice 1L (Family Pack of 6),BEV-0245,Real,Beverages,Purple,810,648,143,100% fruit juice from sweet black grapes.
https://images.unsplash.com/photo-1551024709-8f23befc6f87?w=500&auto=format&fit=crop&q=80,Real Fruit Power Guava Juice 1L,BEV-0246,Real,Beverages,Green,130,115,409,Refreshing pink guava fruit juice.
https://images.unsplash.com/photo-1513558161293-cdaf765ed2fd?w=500&auto=format&fit=crop&q=80,Real Fruit Power Guava Juice 1L (Pack of 2),BEV-0247,Real,Beverages,Green,260,218,441,Refreshing pink guava fruit juice.
https://images.unsplash.com/photo-1571091718767-18b5b1457add?w=500&auto=format&fit=crop&q=80,Real Fruit Power Guava Juice 1L (Pack of 3),BEV-0248,Real,Beverages,Green,390,322,83,Refreshing pink guava fruit juice.
https://images.unsplash.com/photo-1554866585-cd94860890b7?w=500&auto=format&fit=crop&q=80,Real Fruit Power Guava Juice 1L (Pack of 4),BEV-0249,Real,Beverages,Green,520,426,212,Refreshing pink guava fruit juice.
https://images.unsplash.com/photo-1437418747212-8d9709afab22?w=500&auto=format&fit=crop&q=80,Real Fruit Power Guava Juice 1L (Family Pack of 6),BEV-0250,Real,Beverages,Green,780,621,426,Refreshing pink guava fruit juice.
https://images.unsplash.com/photo-1544145945-f90425340c7e?w=500&auto=format&fit=crop&q=80,Real Fruit Power Pineapple Juice 1L,BEV-0251,Real,Beverages,Yellow,130,115,305,Tropical pineapple juice with vitamin C.
https://images.unsplash.com/photo-1517487881594-2787fef5ebf7?w=500&auto=format&fit=crop&q=80,Real Fruit Power Pineapple Juice 1L (Pack of 2),BEV-0252,Real,Beverages,Yellow,260,218,354,Tropical pineapple juice with vitamin C.
https://images.unsplash.com/photo-1576092768241-dec231879fc3?w=500&auto=format&fit=crop&q=80,Real Fruit Power Pineapple Juice 1L (Pack of 3),BEV-0253,Real,Beverages,Yellow,390,322,458,Tropical pineapple juice with vitamin C.
https://images.unsplash.com/photo-1527661591475-527312dd65f5?w=500&auto=format&fit=crop&q=80,Real Fruit Power Pineapple Juice 1L (Pack of 4),BEV-0254,Real,Beverages,Yellow,520,426,456,Tropical pineapple juice with vitamin C.
https://images.unsplash.com/photo-1622483767028-3f66f32aef97?w=500&auto=format&fit=crop&q=80,Real Fruit Power Pineapple Juice 1L (Family Pack of 6),BEV-0255,Real,Beverages,Yellow,780,621,154,Tropical pineapple juice with vitamin C.
https://images.unsplash.com/photo-1544787219-7f47ccb76574?w=500&auto=format&fit=crop&q=80,Real Cranberry Juice 750ml,BEV-0256,Real,Beverages,Red,150,135,196,Tangy real cranberry fruit juice.
https://images.unsplash.com/photo-1551024709-8f23befc6f87?w=500&auto=format&fit=crop&q=80,Real Cranberry Juice 750ml (Pack of 2),BEV-0257,Real,Beverages,Red,300,256,154,Tangy real cranberry fruit juice.
https://images.unsplash.com/photo-1513558161293-cdaf765ed2fd?w=500&auto=format&fit=crop&q=80,Real Cranberry Juice 750ml (Pack of 3),BEV-0258,Real,Beverages,Red,450,378,152,Tangy real cranberry fruit juice.
https://images.unsplash.com/photo-1571091718767-18b5b1457add?w=500&auto=format&fit=crop&q=80,Real Cranberry Juice 750ml (Pack of 4),BEV-0259,Real,Beverages,Red,600,500,149,Tangy real cranberry fruit juice.
https://images.unsplash.com/photo-1554866585-cd94860890b7?w=500&auto=format&fit=crop&q=80,Real Cranberry Juice 750ml (Family Pack of 6),BEV-0260,Real,Beverages,Red,900,729,309,Tangy real cranberry fruit juice.
https://images.unsplash.com/photo-1437418747212-8d9709afab22?w=500&auto=format&fit=crop&q=80,Tropicana Mixed Fruit 100% Juice 500ml,BEV-0261,Tropicana,Beverages,Orange,85,78,367,100% premium mixed fruit juice.
https://images.unsplash.com/photo-1544145945-f90425340c7e?w=500&auto=format&fit=crop&q=80,Tropicana Mixed Fruit 100% Juice 500ml (Pack of 2),BEV-0262,Tropicana,Beverages,Orange,170,148,484,100% premium mixed fruit juice.
https://images.unsplash.com/photo-1517487881594-2787fef5ebf7?w=500&auto=format&fit=crop&q=80,Tropicana Mixed Fruit 100% Juice 500ml (Pack of 3),BEV-0263,Tropicana,Beverages,Orange,255,218,297,100% premium mixed fruit juice.
https://images.unsplash.com/photo-1576092768241-dec231879fc3?w=500&auto=format&fit=crop&q=80,Tropicana Mixed Fruit 100% Juice 500ml (Pack of 4),BEV-0264,Tropicana,Beverages,Orange,340,289,176,100% premium mixed fruit juice.
https://images.unsplash.com/photo-1527661591475-527312dd65f5?w=500&auto=format&fit=crop&q=80,Tropicana Mixed Fruit 100% Juice 500ml (Family Pack of 6),BEV-0265,Tropicana,Beverages,Orange,510,421,138,100% premium mixed fruit juice.
https://images.unsplash.com/photo-1622483767028-3f66f32aef97?w=500&auto=format&fit=crop&q=80,Tropicana Mixed Fruit 100% Juice 1L,BEV-0266,Tropicana,Beverages,Orange,145,130,485,100% premium mixed fruit juice.
https://images.unsplash.com/photo-1544787219-7f47ccb76574?w=500&auto=format&fit=crop&q=80,Tropicana Mixed Fruit 100% Juice 1L (Pack of 2),BEV-0267,Tropicana,Beverages,Orange,290,247,470,100% premium mixed fruit juice.
https://images.unsplash.com/photo-1551024709-8f23befc6f87?w=500&auto=format&fit=crop&q=80,Tropicana Mixed Fruit 100% Juice 1L (Pack of 3),BEV-0268,Tropicana,Beverages,Orange,435,364,95,100% premium mixed fruit juice.
https://images.unsplash.com/photo-1513558161293-cdaf765ed2fd?w=500&auto=format&fit=crop&q=80,Tropicana Mixed Fruit 100% Juice 1L (Pack of 4),BEV-0269,Tropicana,Beverages,Orange,580,481,355,100% premium mixed fruit juice.
https://images.unsplash.com/photo-1571091718767-18b5b1457add?w=500&auto=format&fit=crop&q=80,Tropicana Mixed Fruit 100% Juice 1L (Family Pack of 6),BEV-0270,Tropicana,Beverages,Orange,870,702,397,100% premium mixed fruit juice.
https://images.unsplash.com/photo-1554866585-cd94860890b7?w=500&auto=format&fit=crop&q=80,Tropicana Orange 100% Juice 500ml,BEV-0271,Tropicana,Beverages,Orange,85,78,81,Not from concentrate sweet orange juice.
https://images.unsplash.com/photo-1437418747212-8d9709afab22?w=500&auto=format&fit=crop&q=80,Tropicana Orange 100% Juice 500ml (Pack of 2),BEV-0272,Tropicana,Beverages,Orange,170,148,428,Not from concentrate sweet orange juice.
https://images.unsplash.com/photo-1544145945-f90425340c7e?w=500&auto=format&fit=crop&q=80,Tropicana Orange 100% Juice 500ml (Pack of 3),BEV-0273,Tropicana,Beverages,Orange,255,218,353,Not from concentrate sweet orange juice.
https://images.unsplash.com/photo-1517487881594-2787fef5ebf7?w=500&auto=format&fit=crop&q=80,Tropicana Orange 100% Juice 500ml (Pack of 4),BEV-0274,Tropicana,Beverages,Orange,340,289,349,Not from concentrate sweet orange juice.
https://images.unsplash.com/photo-1576092768241-dec231879fc3?w=500&auto=format&fit=crop&q=80,Tropicana Orange 100% Juice 500ml (Family Pack of 6),BEV-0275,Tropicana,Beverages,Orange,510,421,231,Not from concentrate sweet orange juice.
https://images.unsplash.com/photo-1527661591475-527312dd65f5?w=500&auto=format&fit=crop&q=80,Tropicana Orange 100% Juice 1L,BEV-0276,Tropicana,Beverages,Orange,145,130,235,Not from concentrate sweet orange juice.
https://images.unsplash.com/photo-1622483767028-3f66f32aef97?w=500&auto=format&fit=crop&q=80,Tropicana Orange 100% Juice 1L (Pack of 2),BEV-0277,Tropicana,Beverages,Orange,290,247,395,Not from concentrate sweet orange juice.
https://images.unsplash.com/photo-1544787219-7f47ccb76574?w=500&auto=format&fit=crop&q=80,Tropicana Orange 100% Juice 1L (Pack of 3),BEV-0278,Tropicana,Beverages,Orange,435,364,316,Not from concentrate sweet orange juice.
https://images.unsplash.com/photo-1551024709-8f23befc6f87?w=500&auto=format&fit=crop&q=80,Tropicana Orange 100% Juice 1L (Pack of 4),BEV-0279,Tropicana,Beverages,Orange,580,481,167,Not from concentrate sweet orange juice.
https://images.unsplash.com/photo-1513558161293-cdaf765ed2fd?w=500&auto=format&fit=crop&q=80,Tropicana Orange 100% Juice 1L (Family Pack of 6),BEV-0280,Tropicana,Beverages,Orange,870,702,416,Not from concentrate sweet orange juice.
https://images.unsplash.com/photo-1571091718767-18b5b1457add?w=500&auto=format&fit=crop&q=80,Tropicana Apple 100% Juice 1L,BEV-0281,Tropicana,Beverages,Cream,145,130,241,Crisp 100% pure apple juice.
https://images.unsplash.com/photo-1554866585-cd94860890b7?w=500&auto=format&fit=crop&q=80,Tropicana Apple 100% Juice 1L (Pack of 2),BEV-0282,Tropicana,Beverages,Cream,290,247,365,Crisp 100% pure apple juice.
https://images.unsplash.com/photo-1437418747212-8d9709afab22?w=500&auto=format&fit=crop&q=80,Tropicana Apple 100% Juice 1L (Pack of 3),BEV-0283,Tropicana,Beverages,Cream,435,364,215,Crisp 100% pure apple juice.
https://images.unsplash.com/photo-1544145945-f90425340c7e?w=500&auto=format&fit=crop&q=80,Tropicana Apple 100% Juice 1L (Pack of 4),BEV-0284,Tropicana,Beverages,Cream,580,481,209,Crisp 100% pure apple juice.
https://images.unsplash.com/photo-1517487881594-2787fef5ebf7?w=500&auto=format&fit=crop&q=80,Tropicana Apple 100% Juice 1L (Family Pack of 6),BEV-0285,Tropicana,Beverages,Cream,870,702,93,Crisp 100% pure apple juice.
https://images.unsplash.com/photo-1576092768241-dec231879fc3?w=500&auto=format&fit=crop&q=80,Tropicana Litchi Delight Juice 1L,BEV-0286,Tropicana,Beverages,Pink,135,120,357,Sweet litchi fruit delight juice.
https://images.unsplash.com/photo-1527661591475-527312dd65f5?w=500&auto=format&fit=crop&q=80,Tropicana Litchi Delight Juice 1L (Pack of 2),BEV-0287,Tropicana,Beverages,Pink,270,228,216,Sweet litchi fruit delight juice.
https://images.unsplash.com/photo-1622483767028-3f66f32aef97?w=500&auto=format&fit=crop&q=80,Tropicana Litchi Delight Juice 1L (Pack of 3),BEV-0288,Tropicana,Beverages,Pink,405,336,195,Sweet litchi fruit delight juice.
https://images.unsplash.com/photo-1544787219-7f47ccb76574?w=500&auto=format&fit=crop&q=80,Tropicana Litchi Delight Juice 1L (Pack of 4),BEV-0289,Tropicana,Beverages,Pink,540,444,184,Sweet litchi fruit delight juice.
https://images.unsplash.com/photo-1551024709-8f23befc6f87?w=500&auto=format&fit=crop&q=80,Tropicana Litchi Delight Juice 1L (Family Pack of 6),BEV-0290,Tropicana,Beverages,Pink,810,648,150,Sweet litchi fruit delight juice.
https://images.unsplash.com/photo-1513558161293-cdaf765ed2fd?w=500&auto=format&fit=crop&q=80,Paper Boat Aamras Juice 250ml,BEV-0291,Paper Boat,Beverages,Yellow,35,32,95,Traditional thick mango aamras drink.
https://images.unsplash.com/photo-1571091718767-18b5b1457add?w=500&auto=format&fit=crop&q=80,Paper Boat Aamras Juice 250ml (Pack of 2),BEV-0292,Paper Boat,Beverages,Yellow,70,61,84,Traditional thick mango aamras drink.
https://images.unsplash.com/photo-1554866585-cd94860890b7?w=500&auto=format&fit=crop&q=80,Paper Boat Aamras Juice 250ml (Pack of 3),BEV-0293,Paper Boat,Beverages,Yellow,105,90,366,Traditional thick mango aamras drink.
https://images.unsplash.com/photo-1437418747212-8d9709afab22?w=500&auto=format&fit=crop&q=80,Paper Boat Aamras Juice 250ml (Pack of 4),BEV-0294,Paper Boat,Beverages,Yellow,140,118,253,Traditional thick mango aamras drink.
https://images.unsplash.com/photo-1544145945-f90425340c7e?w=500&auto=format&fit=crop&q=80,Paper Boat Aamras Juice 250ml (Family Pack of 6),BEV-0295,Paper Boat,Beverages,Yellow,210,173,82,Traditional thick mango aamras drink.
https://images.unsplash.com/photo-1517487881594-2787fef5ebf7?w=500&auto=format&fit=crop&q=80,Paper Boat Aamras Juice 1L,BEV-0296,Paper Boat,Beverages,Yellow,120,110,268,Traditional thick mango aamras drink.
https://images.unsplash.com/photo-1576092768241-dec231879fc3?w=500&auto=format&fit=crop&q=80,Paper Boat Aamras Juice 1L (Pack of 2),BEV-0297,Paper Boat,Beverages,Yellow,240,209,397,Traditional thick mango aamras drink.
https://images.unsplash.com/photo-1527661591475-527312dd65f5?w=500&auto=format&fit=crop&q=80,Paper Boat Aamras Juice 1L (Pack of 3),BEV-0298,Paper Boat,Beverages,Yellow,360,308,179,Traditional thick mango aamras drink.
https://images.unsplash.com/photo-1622483767028-3f66f32aef97?w=500&auto=format&fit=crop&q=80,Paper Boat Aamras Juice 1L (Pack of 4),BEV-0299,Paper Boat,Beverages,Yellow,480,407,363,Traditional thick mango aamras drink.
https://images.unsplash.com/photo-1544787219-7f47ccb76574?w=500&auto=format&fit=crop&q=80,Paper Boat Aamras Juice 1L (Family Pack of 6),BEV-0300,Paper Boat,Beverages,Yellow,720,594,157,Traditional thick mango aamras drink.
https://images.unsplash.com/photo-1551024709-8f23befc6f87?w=500&auto=format&fit=crop&q=80,Paper Boat Jaljeera Drink 250ml,BEV-0301,Paper Boat,Beverages,Green,35,32,246,Spiced tangy traditional jaljeera drink.
https://images.unsplash.com/photo-1513558161293-cdaf765ed2fd?w=500&auto=format&fit=crop&q=80,Paper Boat Jaljeera Drink 250ml (Pack of 2),BEV-0302,Paper Boat,Beverages,Green,70,61,84,Spiced tangy traditional jaljeera drink.
https://images.unsplash.com/photo-1571091718767-18b5b1457add?w=500&auto=format&fit=crop&q=80,Paper Boat Jaljeera Drink 250ml (Pack of 3),BEV-0303,Paper Boat,Beverages,Green,105,90,498,Spiced tangy traditional jaljeera drink.
https://images.unsplash.com/photo-1554866585-cd94860890b7?w=500&auto=format&fit=crop&q=80,Paper Boat Jaljeera Drink 250ml (Pack of 4),BEV-0304,Paper Boat,Beverages,Green,140,118,90,Spiced tangy traditional jaljeera drink.
https://images.unsplash.com/photo-1437418747212-8d9709afab22?w=500&auto=format&fit=crop&q=80,Paper Boat Jaljeera Drink 250ml (Family Pack of 6),BEV-0305,Paper Boat,Beverages,Green,210,173,379,Spiced tangy traditional jaljeera drink.
https://images.unsplash.com/photo-1544145945-f90425340c7e?w=500&auto=format&fit=crop&q=80,Paper Boat Aam Panna 250ml,BEV-0306,Paper Boat,Beverages,Green,35,32,478,Raw mango summer cooler with roasted cumin.
https://images.unsplash.com/photo-1517487881594-2787fef5ebf7?w=500&auto=format&fit=crop&q=80,Paper Boat Aam Panna 250ml (Pack of 2),BEV-0307,Paper Boat,Beverages,Green,70,61,415,Raw mango summer cooler with roasted cumin.
https://images.unsplash.com/photo-1576092768241-dec231879fc3?w=500&auto=format&fit=crop&q=80,Paper Boat Aam Panna 250ml (Pack of 3),BEV-0308,Paper Boat,Beverages,Green,105,90,128,Raw mango summer cooler with roasted cumin.
https://images.unsplash.com/photo-1527661591475-527312dd65f5?w=500&auto=format&fit=crop&q=80,Paper Boat Aam Panna 250ml (Pack of 4),BEV-0309,Paper Boat,Beverages,Green,140,118,411,Raw mango summer cooler with roasted cumin.
https://images.unsplash.com/photo-1622483767028-3f66f32aef97?w=500&auto=format&fit=crop&q=80,Paper Boat Aam Panna 250ml (Family Pack of 6),BEV-0310,Paper Boat,Beverages,Green,210,173,403,Raw mango summer cooler with roasted cumin.
https://images.unsplash.com/photo-1544787219-7f47ccb76574?w=500&auto=format&fit=crop&q=80,Paper Boat Lychee Ras Juice 250ml,BEV-0311,Paper Boat,Beverages,Pink,35,32,336,Sweet juicy litchi fruit drink.
https://images.unsplash.com/photo-1551024709-8f23befc6f87?w=500&auto=format&fit=crop&q=80,Paper Boat Lychee Ras Juice 250ml (Pack of 2),BEV-0312,Paper Boat,Beverages,Pink,70,61,423,Sweet juicy litchi fruit drink.
https://images.unsplash.com/photo-1513558161293-cdaf765ed2fd?w=500&auto=format&fit=crop&q=80,Paper Boat Lychee Ras Juice 250ml (Pack of 3),BEV-0313,Paper Boat,Beverages,Pink,105,90,108,Sweet juicy litchi fruit drink.
https://images.unsplash.com/photo-1571091718767-18b5b1457add?w=500&auto=format&fit=crop&q=80,Paper Boat Lychee Ras Juice 250ml (Pack of 4),BEV-0314,Paper Boat,Beverages,Pink,140,118,129,Sweet juicy litchi fruit drink.
https://images.unsplash.com/photo-1554866585-cd94860890b7?w=500&auto=format&fit=crop&q=80,Paper Boat Lychee Ras Juice 250ml (Family Pack of 6),BEV-0315,Paper Boat,Beverages,Pink,210,173,277,Sweet juicy litchi fruit drink.
https://images.unsplash.com/photo-1437418747212-8d9709afab22?w=500&auto=format&fit=crop&q=80,Minute Maid Pulpy Orange Juice 400ml,BEV-0316,Minute Maid,Beverages,Orange,40,37,167,Orange juice with real juicy pulp.
https://images.unsplash.com/photo-1544145945-f90425340c7e?w=500&auto=format&fit=crop&q=80,Minute Maid Pulpy Orange Juice 400ml (Pack of 2),BEV-0317,Minute Maid,Beverages,Orange,80,70,146,Orange juice with real juicy pulp.
https://images.unsplash.com/photo-1517487881594-2787fef5ebf7?w=500&auto=format&fit=crop&q=80,Minute Maid Pulpy Orange Juice 400ml (Pack of 3),BEV-0318,Minute Maid,Beverages,Orange,120,104,457,Orange juice with real juicy pulp.
https://images.unsplash.com/photo-1576092768241-dec231879fc3?w=500&auto=format&fit=crop&q=80,Minute Maid Pulpy Orange Juice 400ml (Pack of 4),BEV-0319,Minute Maid,Beverages,Orange,160,137,457,Orange juice with real juicy pulp.
https://images.unsplash.com/photo-1527661591475-527312dd65f5?w=500&auto=format&fit=crop&q=80,Minute Maid Pulpy Orange Juice 400ml (Family Pack of 6),BEV-0320,Minute Maid,Beverages,Orange,240,200,382,Orange juice with real juicy pulp.
https://images.unsplash.com/photo-1622483767028-3f66f32aef97?w=500&auto=format&fit=crop&q=80,Minute Maid Pulpy Orange Juice 1L,BEV-0321,Minute Maid,Beverages,Orange,75,68,332,Orange juice with real juicy pulp.
https://images.unsplash.com/photo-1544787219-7f47ccb76574?w=500&auto=format&fit=crop&q=80,Minute Maid Pulpy Orange Juice 1L (Pack of 2),BEV-0322,Minute Maid,Beverages,Orange,150,129,415,Orange juice with real juicy pulp.
https://images.unsplash.com/photo-1551024709-8f23befc6f87?w=500&auto=format&fit=crop&q=80,Minute Maid Pulpy Orange Juice 1L (Pack of 3),BEV-0323,Minute Maid,Beverages,Orange,225,190,481,Orange juice with real juicy pulp.
https://images.unsplash.com/photo-1513558161293-cdaf765ed2fd?w=500&auto=format&fit=crop&q=80,Minute Maid Pulpy Orange Juice 1L (Pack of 4),BEV-0324,Minute Maid,Beverages,Orange,300,252,151,Orange juice with real juicy pulp.
https://images.unsplash.com/photo-1571091718767-18b5b1457add?w=500&auto=format&fit=crop&q=80,Minute Maid Pulpy Orange Juice 1L (Family Pack of 6),BEV-0325,Minute Maid,Beverages,Orange,450,367,180,Orange juice with real juicy pulp.
https://images.unsplash.com/photo-1554866585-cd94860890b7?w=500&auto=format&fit=crop&q=80,Minute Maid Mixed Fruit Juice 1L,BEV-0326,Minute Maid,Beverages,Multi,75,68,453,Mixed fruit juice with a pulpy twist.
https://images.unsplash.com/photo-1437418747212-8d9709afab22?w=500&auto=format&fit=crop&q=80,Minute Maid Mixed Fruit Juice 1L (Pack of 2),BEV-0327,Minute Maid,Beverages,Multi,150,129,301,Mixed fruit juice with a pulpy twist.
https://images.unsplash.com/photo-1544145945-f90425340c7e?w=500&auto=format&fit=crop&q=80,Minute Maid Mixed Fruit Juice 1L (Pack of 3),BEV-0328,Minute Maid,Beverages,Multi,225,190,490,Mixed fruit juice with a pulpy twist.
https://images.unsplash.com/photo-1517487881594-2787fef5ebf7?w=500&auto=format&fit=crop&q=80,Minute Maid Mixed Fruit Juice 1L (Pack of 4),BEV-0329,Minute Maid,Beverages,Multi,300,252,202,Mixed fruit juice with a pulpy twist.
https://images.unsplash.com/photo-1576092768241-dec231879fc3?w=500&auto=format&fit=crop&q=80,Minute Maid Mixed Fruit Juice 1L (Family Pack of 6),BEV-0330,Minute Maid,Beverages,Multi,450,367,342,Mixed fruit juice with a pulpy twist.
https://images.unsplash.com/photo-1527661591475-527312dd65f5?w=500&auto=format&fit=crop&q=80,Real Fruit Power Litchi Juice 1L,BEV-0331,Real,Beverages,Pink,130,115,83,Delicate sweet litchi fruit juice.
https://images.unsplash.com/photo-1622483767028-3f66f32aef97?w=500&auto=format&fit=crop&q=80,Real Fruit Power Litchi Juice 1L (Pack of 2),BEV-0332,Real,Beverages,Pink,260,218,450,Delicate sweet litchi fruit juice.
https://images.unsplash.com/photo-1544787219-7f47ccb76574?w=500&auto=format&fit=crop&q=80,Real Fruit Power Litchi Juice 1L (Pack of 3),BEV-0333,Real,Beverages,Pink,390,322,417,Delicate sweet litchi fruit juice.
https://images.unsplash.com/photo-1551024709-8f23befc6f87?w=500&auto=format&fit=crop&q=80,Real Fruit Power Litchi Juice 1L (Pack of 4),BEV-0334,Real,Beverages,Pink,520,426,105,Delicate sweet litchi fruit juice.
https://images.unsplash.com/photo-1513558161293-cdaf765ed2fd?w=500&auto=format&fit=crop&q=80,Real Fruit Power Litchi Juice 1L (Family Pack of 6),BEV-0335,Real,Beverages,Pink,780,621,104,Delicate sweet litchi fruit juice.
https://images.unsplash.com/photo-1571091718767-18b5b1457add?w=500&auto=format&fit=crop&q=80,Campa Cola Soft Drink 300ml,BEV-0336,Campa,Beverages,Dark Brown,25,23,381,The legendary Campa cola with bold fizz.
https://images.unsplash.com/photo-1554866585-cd94860890b7?w=500&auto=format&fit=crop&q=80,Campa Cola Soft Drink 300ml (Pack of 2),BEV-0337,Campa,Beverages,Dark Brown,50,44,159,The legendary Campa cola with bold fizz.
https://images.unsplash.com/photo-1437418747212-8d9709afab22?w=500&auto=format&fit=crop&q=80,Campa Cola Soft Drink 300ml (Pack of 3),BEV-0338,Campa,Beverages,Dark Brown,75,64,337,The legendary Campa cola with bold fizz.
https://images.unsplash.com/photo-1544145945-f90425340c7e?w=500&auto=format&fit=crop&q=80,Campa Cola Soft Drink 300ml (Pack of 4),BEV-0339,Campa,Beverages,Dark Brown,100,85,182,The legendary Campa cola with bold fizz.
https://images.unsplash.com/photo-1517487881594-2787fef5ebf7?w=500&auto=format&fit=crop&q=80,Campa Cola Soft Drink 300ml (Family Pack of 6),BEV-0340,Campa,Beverages,Dark Brown,150,124,237,The legendary Campa cola with bold fizz.
https://images.unsplash.com/photo-1576092768241-dec231879fc3?w=500&auto=format&fit=crop&q=80,Campa Cola Soft Drink 750ml,BEV-0341,Campa,Beverages,Dark Brown,42,39,291,The legendary Campa cola with bold fizz.
https://images.unsplash.com/photo-1527661591475-527312dd65f5?w=500&auto=format&fit=crop&q=80,Campa Cola Soft Drink 750ml (Pack of 2),BEV-0342,Campa,Beverages,Dark Brown,84,74,463,The legendary Campa cola with bold fizz.
https://images.unsplash.com/photo-1622483767028-3f66f32aef97?w=500&auto=format&fit=crop&q=80,Campa Cola Soft Drink 750ml (Pack of 3),BEV-0343,Campa,Beverages,Dark Brown,126,109,431,The legendary Campa cola with bold fizz.
https://images.unsplash.com/photo-1544787219-7f47ccb76574?w=500&auto=format&fit=crop&q=80,Campa Cola Soft Drink 750ml (Pack of 4),BEV-0344,Campa,Beverages,Dark Brown,168,144,316,The legendary Campa cola with bold fizz.
https://images.unsplash.com/photo-1551024709-8f23befc6f87?w=500&auto=format&fit=crop&q=80,Campa Cola Soft Drink 750ml (Family Pack of 6),BEV-0345,Campa,Beverages,Dark Brown,252,211,413,The legendary Campa cola with bold fizz.
https://images.unsplash.com/photo-1513558161293-cdaf765ed2fd?w=500&auto=format&fit=crop&q=80,Campa Cola Soft Drink 1.25L,BEV-0346,Campa,Beverages,Dark Brown,65,60,131,The legendary Campa cola with bold fizz.
https://images.unsplash.com/photo-1571091718767-18b5b1457add?w=500&auto=format&fit=crop&q=80,Campa Cola Soft Drink 1.25L (Pack of 2),BEV-0347,Campa,Beverages,Dark Brown,130,114,346,The legendary Campa cola with bold fizz.
https://images.unsplash.com/photo-1554866585-cd94860890b7?w=500&auto=format&fit=crop&q=80,Campa Cola Soft Drink 1.25L (Pack of 3),BEV-0348,Campa,Beverages,Dark Brown,195,168,365,The legendary Campa cola with bold fizz.
https://images.unsplash.com/photo-1437418747212-8d9709afab22?w=500&auto=format&fit=crop&q=80,Campa Cola Soft Drink 1.25L (Pack of 4),BEV-0349,Campa,Beverages,Dark Brown,260,222,432,The legendary Campa cola with bold fizz.
https://images.unsplash.com/photo-1544145945-f90425340c7e?w=500&auto=format&fit=crop&q=80,Campa Cola Soft Drink 1.25L (Family Pack of 6),BEV-0350,Campa,Beverages,Dark Brown,390,324,471,The legendary Campa cola with bold fizz.
https://images.unsplash.com/photo-1517487881594-2787fef5ebf7?w=500&auto=format&fit=crop&q=80,Campa Orange Soft Drink 300ml,BEV-0351,Campa,Beverages,Orange,25,23,498,Zesty orange flavoured Campa drink.
https://images.unsplash.com/photo-1576092768241-dec231879fc3?w=500&auto=format&fit=crop&q=80,Campa Orange Soft Drink 300ml (Pack of 2),BEV-0352,Campa,Beverages,Orange,50,44,303,Zesty orange flavoured Campa drink.
https://images.unsplash.com/photo-1527661591475-527312dd65f5?w=500&auto=format&fit=crop&q=80,Campa Orange Soft Drink 300ml (Pack of 3),BEV-0353,Campa,Beverages,Orange,75,64,99,Zesty orange flavoured Campa drink.
https://images.unsplash.com/photo-1566478989037-eec170784d0b?w=500&auto=format&fit=crop&q=80,Lays Potato Chips India's Magic Masala 30g,SNK-0001,Lays,Snacks,Blue,10,10,172,Crispy potato chips coated in spicy Indian spices.
https://images.unsplash.com/photo-1621939514649-280e2ee25f60?w=500&auto=format&fit=crop&q=80,Lays Potato Chips India's Magic Masala 30g (Pack of 2),SNK-0002,Lays,Snacks,Blue,20,19,152,Crispy potato chips coated in spicy Indian spices.
https://images.unsplash.com/photo-1600271886742-f049cd451bba?w=500&auto=format&fit=crop&q=80,Lays Potato Chips India's Magic Masala 30g (Pack of 3),SNK-0003,Lays,Snacks,Blue,30,28,340,Crispy potato chips coated in spicy Indian spices.
https://images.unsplash.com/photo-1558961363-fa8fdf82db35?w=500&auto=format&fit=crop&q=80,Lays Potato Chips India's Magic Masala 30g (Pack of 4),SNK-0004,Lays,Snacks,Blue,40,37,411,Crispy potato chips coated in spicy Indian spices.
https://images.unsplash.com/photo-1578849278619-e73505e9610f?w=500&auto=format&fit=crop&q=80,Lays Potato Chips India's Magic Masala 30g (Family Pack of 6),SNK-0005,Lays,Snacks,Blue,60,54,319,Crispy potato chips coated in spicy Indian spices.
https://images.unsplash.com/photo-1599490659213-e2b9527bd087?w=500&auto=format&fit=crop&q=80,Lays Potato Chips India's Magic Masala 52g,SNK-0006,Lays,Snacks,Blue,20,20,369,Crispy potato chips coated in spicy Indian spices.
https://images.unsplash.com/photo-1613919113640-25732ec5e61f?w=500&auto=format&fit=crop&q=80,Lays Potato Chips India's Magic Masala 52g (Pack of 2),SNK-0007,Lays,Snacks,Blue,40,38,241,Crispy potato chips coated in spicy Indian spices.
https://images.unsplash.com/photo-1566478989037-eec170784d0b?w=500&auto=format&fit=crop&q=80,Lays Potato Chips India's Magic Masala 52g (Pack of 3),SNK-0008,Lays,Snacks,Blue,60,56,337,Crispy potato chips coated in spicy Indian spices.
https://images.unsplash.com/photo-1621939514649-280e2ee25f60?w=500&auto=format&fit=crop&q=80,Lays Potato Chips India's Magic Masala 52g (Pack of 4),SNK-0009,Lays,Snacks,Blue,80,74,261,Crispy potato chips coated in spicy Indian spices.
https://images.unsplash.com/photo-1600271886742-f049cd451bba?w=500&auto=format&fit=crop&q=80,Lays Potato Chips India's Magic Masala 52g (Family Pack of 6),SNK-0010,Lays,Snacks,Blue,120,108,291,Crispy potato chips coated in spicy Indian spices.
https://images.unsplash.com/photo-1558961363-fa8fdf82db35?w=500&auto=format&fit=crop&q=80,Lays Potato Chips India's Magic Masala 80g,SNK-0011,Lays,Snacks,Blue,30,28,396,Crispy potato chips coated in spicy Indian spices.
https://images.unsplash.com/photo-1578849278619-e73505e9610f?w=500&auto=format&fit=crop&q=80,Lays Potato Chips India's Magic Masala 80g (Pack of 2),SNK-0012,Lays,Snacks,Blue,60,53,215,Crispy potato chips coated in spicy Indian spices.
https://images.unsplash.com/photo-1599490659213-e2b9527bd087?w=500&auto=format&fit=crop&q=80,Lays Potato Chips India's Magic Masala 80g (Pack of 3),SNK-0013,Lays,Snacks,Blue,90,78,269,Crispy potato chips coated in spicy Indian spices.
https://images.unsplash.com/photo-1613919113640-25732ec5e61f?w=500&auto=format&fit=crop&q=80,Lays Potato Chips India's Magic Masala 80g (Pack of 4),SNK-0014,Lays,Snacks,Blue,120,104,138,Crispy potato chips coated in spicy Indian spices.
https://images.unsplash.com/photo-1566478989037-eec170784d0b?w=500&auto=format&fit=crop&q=80,Lays Potato Chips India's Magic Masala 80g (Family Pack of 6),SNK-0015,Lays,Snacks,Blue,180,151,397,Crispy potato chips coated in spicy Indian spices.
https://images.unsplash.com/photo-1621939514649-280e2ee25f60?w=500&auto=format&fit=crop&q=80,Lays Potato Chips American Style Cream & Onion 30g,SNK-0016,Lays,Snacks,Green,10,10,109,Crispy potato chips seasoned with cream & onion flavor.
https://images.unsplash.com/photo-1600271886742-f049cd451bba?w=500&auto=format&fit=crop&q=80,Lays Potato Chips American Style Cream & Onion 30g (Pack of 2),SNK-0017,Lays,Snacks,Green,20,19,448,Crispy potato chips seasoned with cream & onion flavor.
https://images.unsplash.com/photo-1558961363-fa8fdf82db35?w=500&auto=format&fit=crop&q=80,Lays Potato Chips American Style Cream & Onion 30g (Pack of 3),SNK-0018,Lays,Snacks,Green,30,28,397,Crispy potato chips seasoned with cream & onion flavor.
https://images.unsplash.com/photo-1578849278619-e73505e9610f?w=500&auto=format&fit=crop&q=80,Lays Potato Chips American Style Cream & Onion 30g (Pack of 4),SNK-0019,Lays,Snacks,Green,40,37,396,Crispy potato chips seasoned with cream & onion flavor.
https://images.unsplash.com/photo-1599490659213-e2b9527bd087?w=500&auto=format&fit=crop&q=80,Lays Potato Chips American Style Cream & Onion 30g (Family Pack of 6),SNK-0020,Lays,Snacks,Green,60,54,141,Crispy potato chips seasoned with cream & onion flavor.
https://images.unsplash.com/photo-1613919113640-25732ec5e61f?w=500&auto=format&fit=crop&q=80,Lays Potato Chips American Style Cream & Onion 52g,SNK-0021,Lays,Snacks,Green,20,20,170,Crispy potato chips seasoned with cream & onion flavor.
https://images.unsplash.com/photo-1566478989037-eec170784d0b?w=500&auto=format&fit=crop&q=80,Lays Potato Chips American Style Cream & Onion 52g (Pack of 2),SNK-0022,Lays,Snacks,Green,40,38,440,Crispy potato chips seasoned with cream & onion flavor.
https://images.unsplash.com/photo-1621939514649-280e2ee25f60?w=500&auto=format&fit=crop&q=80,Lays Potato Chips American Style Cream & Onion 52g (Pack of 3),SNK-0023,Lays,Snacks,Green,60,56,299,Crispy potato chips seasoned with cream & onion flavor.
https://images.unsplash.com/photo-1600271886742-f049cd451bba?w=500&auto=format&fit=crop&q=80,Lays Potato Chips American Style Cream & Onion 52g (Pack of 4),SNK-0024,Lays,Snacks,Green,80,74,169,Crispy potato chips seasoned with cream & onion flavor.
https://images.unsplash.com/photo-1558961363-fa8fdf82db35?w=500&auto=format&fit=crop&q=80,Lays Potato Chips American Style Cream & Onion 52g (Family Pack of 6),SNK-0025,Lays,Snacks,Green,120,108,310,Crispy potato chips seasoned with cream & onion flavor.
https://images.unsplash.com/photo-1578849278619-e73505e9610f?w=500&auto=format&fit=crop&q=80,Lays Potato Chips American Style Cream & Onion 80g,SNK-0026,Lays,Snacks,Green,30,28,447,Crispy potato chips seasoned with cream & onion flavor.
https://images.unsplash.com/photo-1599490659213-e2b9527bd087?w=500&auto=format&fit=crop&q=80,Lays Potato Chips American Style Cream & Onion 80g (Pack of 2),SNK-0027,Lays,Snacks,Green,60,53,352,Crispy potato chips seasoned with cream & onion flavor.
https://images.unsplash.com/photo-1613919113640-25732ec5e61f?w=500&auto=format&fit=crop&q=80,Lays Potato Chips American Style Cream & Onion 80g (Pack of 3),SNK-0028,Lays,Snacks,Green,90,78,372,Crispy potato chips seasoned with cream & onion flavor.
https://images.unsplash.com/photo-1566478989037-eec170784d0b?w=500&auto=format&fit=crop&q=80,Lays Potato Chips American Style Cream & Onion 80g (Pack of 4),SNK-0029,Lays,Snacks,Green,120,104,153,Crispy potato chips seasoned with cream & onion flavor.
https://images.unsplash.com/photo-1621939514649-280e2ee25f60?w=500&auto=format&fit=crop&q=80,Lays Potato Chips American Style Cream & Onion 80g (Family Pack of 6),SNK-0030,Lays,Snacks,Green,180,151,435,Crispy potato chips seasoned with cream & onion flavor.
https://images.unsplash.com/photo-1600271886742-f049cd451bba?w=500&auto=format&fit=crop&q=80,Lays Potato Chips Classic Salted 30g,SNK-0031,Lays,Snacks,Golden,10,10,431,Perfectly salted classic crispy potato chips.
https://images.unsplash.com/photo-1558961363-fa8fdf82db35?w=500&auto=format&fit=crop&q=80,Lays Potato Chips Classic Salted 30g (Pack of 2),SNK-0032,Lays,Snacks,Golden,20,19,178,Perfectly salted classic crispy potato chips.
https://images.unsplash.com/photo-1578849278619-e73505e9610f?w=500&auto=format&fit=crop&q=80,Lays Potato Chips Classic Salted 30g (Pack of 3),SNK-0033,Lays,Snacks,Golden,30,28,407,Perfectly salted classic crispy potato chips.
https://images.unsplash.com/photo-1599490659213-e2b9527bd087?w=500&auto=format&fit=crop&q=80,Lays Potato Chips Classic Salted 30g (Pack of 4),SNK-0034,Lays,Snacks,Golden,40,37,264,Perfectly salted classic crispy potato chips.
https://images.unsplash.com/photo-1613919113640-25732ec5e61f?w=500&auto=format&fit=crop&q=80,Lays Potato Chips Classic Salted 30g (Family Pack of 6),SNK-0035,Lays,Snacks,Golden,60,54,223,Perfectly salted classic crispy potato chips.
https://images.unsplash.com/photo-1566478989037-eec170784d0b?w=500&auto=format&fit=crop&q=80,Lays Potato Chips Classic Salted 52g,SNK-0036,Lays,Snacks,Golden,20,20,349,Perfectly salted classic crispy potato chips.
https://images.unsplash.com/photo-1621939514649-280e2ee25f60?w=500&auto=format&fit=crop&q=80,Lays Potato Chips Classic Salted 52g (Pack of 2),SNK-0037,Lays,Snacks,Golden,40,38,92,Perfectly salted classic crispy potato chips.
https://images.unsplash.com/photo-1600271886742-f049cd451bba?w=500&auto=format&fit=crop&q=80,Lays Potato Chips Classic Salted 52g (Pack of 3),SNK-0038,Lays,Snacks,Golden,60,56,160,Perfectly salted classic crispy potato chips.
https://images.unsplash.com/photo-1558961363-fa8fdf82db35?w=500&auto=format&fit=crop&q=80,Lays Potato Chips Classic Salted 52g (Pack of 4),SNK-0039,Lays,Snacks,Golden,80,74,424,Perfectly salted classic crispy potato chips.
https://images.unsplash.com/photo-1578849278619-e73505e9610f?w=500&auto=format&fit=crop&q=80,Lays Potato Chips Classic Salted 52g (Family Pack of 6),SNK-0040,Lays,Snacks,Golden,120,108,336,Perfectly salted classic crispy potato chips.
https://images.unsplash.com/photo-1599490659213-e2b9527bd087?w=500&auto=format&fit=crop&q=80,Lays Potato Chips Classic Salted 80g,SNK-0041,Lays,Snacks,Golden,30,28,180,Perfectly salted classic crispy potato chips.
https://images.unsplash.com/photo-1613919113640-25732ec5e61f?w=500&auto=format&fit=crop&q=80,Lays Potato Chips Classic Salted 80g (Pack of 2),SNK-0042,Lays,Snacks,Golden,60,53,162,Perfectly salted classic crispy potato chips.
https://images.unsplash.com/photo-1566478989037-eec170784d0b?w=500&auto=format&fit=crop&q=80,Lays Potato Chips Classic Salted 80g (Pack of 3),SNK-0043,Lays,Snacks,Golden,90,78,284,Perfectly salted classic crispy potato chips.
https://images.unsplash.com/photo-1621939514649-280e2ee25f60?w=500&auto=format&fit=crop&q=80,Lays Potato Chips Classic Salted 80g (Pack of 4),SNK-0044,Lays,Snacks,Golden,120,104,360,Perfectly salted classic crispy potato chips.
https://images.unsplash.com/photo-1600271886742-f049cd451bba?w=500&auto=format&fit=crop&q=80,Lays Potato Chips Classic Salted 80g (Family Pack of 6),SNK-0045,Lays,Snacks,Golden,180,151,215,Perfectly salted classic crispy potato chips.
https://images.unsplash.com/photo-1558961363-fa8fdf82db35?w=500&auto=format&fit=crop&q=80,Lays Wavy Potato Chips Chatpata Masala 40g,SNK-0046,Lays,Snacks,Yellow,15,15,113,Wavy ridged chips with chatpata masala.
https://images.unsplash.com/photo-1578849278619-e73505e9610f?w=500&auto=format&fit=crop&q=80,Lays Wavy Potato Chips Chatpata Masala 40g (Pack of 2),SNK-0047,Lays,Snacks,Yellow,30,28,117,Wavy ridged chips with chatpata masala.
https://images.unsplash.com/photo-1599490659213-e2b9527bd087?w=500&auto=format&fit=crop&q=80,Lays Wavy Potato Chips Chatpata Masala 40g (Pack of 3),SNK-0048,Lays,Snacks,Yellow,45,42,228,Wavy ridged chips with chatpata masala.
https://images.unsplash.com/photo-1613919113640-25732ec5e61f?w=500&auto=format&fit=crop&q=80,Lays Wavy Potato Chips Chatpata Masala 40g (Pack of 4),SNK-0049,Lays,Snacks,Yellow,60,56,144,Wavy ridged chips with chatpata masala.
https://images.unsplash.com/photo-1566478989037-eec170784d0b?w=500&auto=format&fit=crop&q=80,Lays Wavy Potato Chips Chatpata Masala 40g (Family Pack of 6),SNK-0050,Lays,Snacks,Yellow,90,81,248,Wavy ridged chips with chatpata masala.
https://images.unsplash.com/photo-1621939514649-280e2ee25f60?w=500&auto=format&fit=crop&q=80,Lays Wavy Potato Chips Chatpata Masala 90g,SNK-0051,Lays,Snacks,Yellow,35,32,318,Wavy ridged chips with chatpata masala.
https://images.unsplash.com/photo-1600271886742-f049cd451bba?w=500&auto=format&fit=crop&q=80,Lays Wavy Potato Chips Chatpata Masala 90g (Pack of 2),SNK-0052,Lays,Snacks,Yellow,70,61,376,Wavy ridged chips with chatpata masala.
https://images.unsplash.com/photo-1558961363-fa8fdf82db35?w=500&auto=format&fit=crop&q=80,Lays Wavy Potato Chips Chatpata Masala 90g (Pack of 3),SNK-0053,Lays,Snacks,Yellow,105,90,405,Wavy ridged chips with chatpata masala.
https://images.unsplash.com/photo-1578849278619-e73505e9610f?w=500&auto=format&fit=crop&q=80,Lays Wavy Potato Chips Chatpata Masala 90g (Pack of 4),SNK-0054,Lays,Snacks,Yellow,140,118,174,Wavy ridged chips with chatpata masala.
https://images.unsplash.com/photo-1599490659213-e2b9527bd087?w=500&auto=format&fit=crop&q=80,Lays Wavy Potato Chips Chatpata Masala 90g (Family Pack of 6),SNK-0055,Lays,Snacks,Yellow,210,173,423,Wavy ridged chips with chatpata masala.
https://images.unsplash.com/photo-1613919113640-25732ec5e61f?w=500&auto=format&fit=crop&q=80,Lays Gourmet THINS Szechuan Pepper 42g,SNK-0056,Lays,Snacks,Red,30,27,126,Thin crispy THINS with szechuan pepper kick.
https://images.unsplash.com/photo-1566478989037-eec170784d0b?w=500&auto=format&fit=crop&q=80,Lays Gourmet THINS Szechuan Pepper 42g (Pack of 2),SNK-0057,Lays,Snacks,Red,60,51,253,Thin crispy THINS with szechuan pepper kick.
https://images.unsplash.com/photo-1621939514649-280e2ee25f60?w=500&auto=format&fit=crop&q=80,Lays Gourmet THINS Szechuan Pepper 42g (Pack of 3),SNK-0058,Lays,Snacks,Red,90,76,289,Thin crispy THINS with szechuan pepper kick.
https://images.unsplash.com/photo-1600271886742-f049cd451bba?w=500&auto=format&fit=crop&q=80,Lays Gourmet THINS Szechuan Pepper 42g (Pack of 4),SNK-0059,Lays,Snacks,Red,120,100,262,Thin crispy THINS with szechuan pepper kick.
https://images.unsplash.com/photo-1558961363-fa8fdf82db35?w=500&auto=format&fit=crop&q=80,Lays Gourmet THINS Szechuan Pepper 42g (Family Pack of 6),SNK-0060,Lays,Snacks,Red,180,146,408,Thin crispy THINS with szechuan pepper kick.
https://images.unsplash.com/photo-1578849278619-e73505e9610f?w=500&auto=format&fit=crop&q=80,Doritos Nachos Cheese Flavored Tortilla Chips 82g,SNK-0061,Doritos,Snacks,Orange,50,45,143,Bold crunchy triangle tortilla chips with cheese.
https://images.unsplash.com/photo-1599490659213-e2b9527bd087?w=500&auto=format&fit=crop&q=80,Doritos Nachos Cheese Flavored Tortilla Chips 82g (Pack of 2),SNK-0062,Doritos,Snacks,Orange,100,86,155,Bold crunchy triangle tortilla chips with cheese.
https://images.unsplash.com/photo-1613919113640-25732ec5e61f?w=500&auto=format&fit=crop&q=80,Doritos Nachos Cheese Flavored Tortilla Chips 82g (Pack of 3),SNK-0063,Doritos,Snacks,Orange,150,126,271,Bold crunchy triangle tortilla chips with cheese.
https://images.unsplash.com/photo-1566478989037-eec170784d0b?w=500&auto=format&fit=crop&q=80,Doritos Nachos Cheese Flavored Tortilla Chips 82g (Pack of 4),SNK-0064,Doritos,Snacks,Orange,200,166,426,Bold crunchy triangle tortilla chips with cheese.
https://images.unsplash.com/photo-1621939514649-280e2ee25f60?w=500&auto=format&fit=crop&q=80,Doritos Nachos Cheese Flavored Tortilla Chips 82g (Family Pack of 6),SNK-0065,Doritos,Snacks,Orange,300,243,280,Bold crunchy triangle tortilla chips with cheese.
https://images.unsplash.com/photo-1600271886742-f049cd451bba?w=500&auto=format&fit=crop&q=80,Doritos Nachos Cheese Flavored Tortilla Chips 150g,SNK-0066,Doritos,Snacks,Orange,90,82,126,Bold crunchy triangle tortilla chips with cheese.
https://images.unsplash.com/photo-1558961363-fa8fdf82db35?w=500&auto=format&fit=crop&q=80,Doritos Nachos Cheese Flavored Tortilla Chips 150g (Pack of 2),SNK-0067,Doritos,Snacks,Orange,180,156,101,Bold crunchy triangle tortilla chips with cheese.
https://images.unsplash.com/photo-1578849278619-e73505e9610f?w=500&auto=format&fit=crop&q=80,Doritos Nachos Cheese Flavored Tortilla Chips 150g (Pack of 3),SNK-0068,Doritos,Snacks,Orange,270,230,161,Bold crunchy triangle tortilla chips with cheese.
https://images.unsplash.com/photo-1599490659213-e2b9527bd087?w=500&auto=format&fit=crop&q=80,Doritos Nachos Cheese Flavored Tortilla Chips 150g (Pack of 4),SNK-0069,Doritos,Snacks,Orange,360,303,163,Bold crunchy triangle tortilla chips with cheese.
https://images.unsplash.com/photo-1613919113640-25732ec5e61f?w=500&auto=format&fit=crop&q=80,Doritos Nachos Cheese Flavored Tortilla Chips 150g (Family Pack of 6),SNK-0070,Doritos,Snacks,Orange,540,443,384,Bold crunchy triangle tortilla chips with cheese.
https://images.unsplash.com/photo-1566478989037-eec170784d0b?w=500&auto=format&fit=crop&q=80,Kurkure Masala Munch 35g,SNK-0071,Kurkure,Snacks,Orange,10,10,91,Tedhe medhe spicy corn & rice crunchy snack.
https://images.unsplash.com/photo-1621939514649-280e2ee25f60?w=500&auto=format&fit=crop&q=80,Kurkure Masala Munch 35g (Pack of 2),SNK-0072,Kurkure,Snacks,Orange,20,19,362,Tedhe medhe spicy corn & rice crunchy snack.
https://images.unsplash.com/photo-1600271886742-f049cd451bba?w=500&auto=format&fit=crop&q=80,Kurkure Masala Munch 35g (Pack of 3),SNK-0073,Kurkure,Snacks,Orange,30,28,318,Tedhe medhe spicy corn & rice crunchy snack.
https://images.unsplash.com/photo-1558961363-fa8fdf82db35?w=500&auto=format&fit=crop&q=80,Kurkure Masala Munch 35g (Pack of 4),SNK-0074,Kurkure,Snacks,Orange,40,37,430,Tedhe medhe spicy corn & rice crunchy snack.
https://images.unsplash.com/photo-1578849278619-e73505e9610f?w=500&auto=format&fit=crop&q=80,Kurkure Masala Munch 35g (Family Pack of 6),SNK-0075,Kurkure,Snacks,Orange,60,54,253,Tedhe medhe spicy corn & rice crunchy snack.
https://images.unsplash.com/photo-1599490659213-e2b9527bd087?w=500&auto=format&fit=crop&q=80,Kurkure Masala Munch 90g,SNK-0076,Kurkure,Snacks,Orange,20,20,368,Tedhe medhe spicy corn & rice crunchy snack.
https://images.unsplash.com/photo-1613919113640-25732ec5e61f?w=500&auto=format&fit=crop&q=80,Kurkure Masala Munch 90g (Pack of 2),SNK-0077,Kurkure,Snacks,Orange,40,38,331,Tedhe medhe spicy corn & rice crunchy snack.
https://images.unsplash.com/photo-1566478989037-eec170784d0b?w=500&auto=format&fit=crop&q=80,Kurkure Masala Munch 90g (Pack of 3),SNK-0078,Kurkure,Snacks,Orange,60,56,159,Tedhe medhe spicy corn & rice crunchy snack.
https://images.unsplash.com/photo-1621939514649-280e2ee25f60?w=500&auto=format&fit=crop&q=80,Kurkure Masala Munch 90g (Pack of 4),SNK-0079,Kurkure,Snacks,Orange,80,74,343,Tedhe medhe spicy corn & rice crunchy snack.
https://images.unsplash.com/photo-1600271886742-f049cd451bba?w=500&auto=format&fit=crop&q=80,Kurkure Masala Munch 90g (Family Pack of 6),SNK-0080,Kurkure,Snacks,Orange,120,108,176,Tedhe medhe spicy corn & rice crunchy snack.
https://images.unsplash.com/photo-1558961363-fa8fdf82db35?w=500&auto=format&fit=crop&q=80,Kurkure Masala Munch 180g,SNK-0081,Kurkure,Snacks,Orange,45,42,142,Tedhe medhe spicy corn & rice crunchy snack.
https://images.unsplash.com/photo-1578849278619-e73505e9610f?w=500&auto=format&fit=crop&q=80,Kurkure Masala Munch 180g (Pack of 2),SNK-0082,Kurkure,Snacks,Orange,90,80,118,Tedhe medhe spicy corn & rice crunchy snack.
https://images.unsplash.com/photo-1599490659213-e2b9527bd087?w=500&auto=format&fit=crop&q=80,Kurkure Masala Munch 180g (Pack of 3),SNK-0083,Kurkure,Snacks,Orange,135,118,318,Tedhe medhe spicy corn & rice crunchy snack.
https://images.unsplash.com/photo-1613919113640-25732ec5e61f?w=500&auto=format&fit=crop&q=80,Kurkure Masala Munch 180g (Pack of 4),SNK-0084,Kurkure,Snacks,Orange,180,155,300,Tedhe medhe spicy corn & rice crunchy snack.
https://images.unsplash.com/photo-1566478989037-eec170784d0b?w=500&auto=format&fit=crop&q=80,Kurkure Masala Munch 180g (Family Pack of 6),SNK-0085,Kurkure,Snacks,Orange,270,227,442,Tedhe medhe spicy corn & rice crunchy snack.
https://images.unsplash.com/photo-1621939514649-280e2ee25f60?w=500&auto=format&fit=crop&q=80,Kurkure Chilli Chatka 35g,SNK-0086,Kurkure,Snacks,Red,10,10,102,Fiery chilli flavoured crunchy corn puffs.
https://images.unsplash.com/photo-1600271886742-f049cd451bba?w=500&auto=format&fit=crop&q=80,Kurkure Chilli Chatka 35g (Pack of 2),SNK-0087,Kurkure,Snacks,Red,20,19,138,Fiery chilli flavoured crunchy corn puffs.
https://images.unsplash.com/photo-1558961363-fa8fdf82db35?w=500&auto=format&fit=crop&q=80,Kurkure Chilli Chatka 35g (Pack of 3),SNK-0088,Kurkure,Snacks,Red,30,28,308,Fiery chilli flavoured crunchy corn puffs.
https://images.unsplash.com/photo-1578849278619-e73505e9610f?w=500&auto=format&fit=crop&q=80,Kurkure Chilli Chatka 35g (Pack of 4),SNK-0089,Kurkure,Snacks,Red,40,37,327,Fiery chilli flavoured crunchy corn puffs.
https://images.unsplash.com/photo-1599490659213-e2b9527bd087?w=500&auto=format&fit=crop&q=80,Kurkure Chilli Chatka 35g (Family Pack of 6),SNK-0090,Kurkure,Snacks,Red,60,54,160,Fiery chilli flavoured crunchy corn puffs.
https://images.unsplash.com/photo-1613919113640-25732ec5e61f?w=500&auto=format&fit=crop&q=80,Kurkure Chilli Chatka 90g,SNK-0091,Kurkure,Snacks,Red,20,20,187,Fiery chilli flavoured crunchy corn puffs.
https://images.unsplash.com/photo-1566478989037-eec170784d0b?w=500&auto=format&fit=crop&q=80,Kurkure Chilli Chatka 90g (Pack of 2),SNK-0092,Kurkure,Snacks,Red,40,38,158,Fiery chilli flavoured crunchy corn puffs.
https://images.unsplash.com/photo-1621939514649-280e2ee25f60?w=500&auto=format&fit=crop&q=80,Kurkure Chilli Chatka 90g (Pack of 3),SNK-0093,Kurkure,Snacks,Red,60,56,347,Fiery chilli flavoured crunchy corn puffs.
https://images.unsplash.com/photo-1600271886742-f049cd451bba?w=500&auto=format&fit=crop&q=80,Kurkure Chilli Chatka 90g (Pack of 4),SNK-0094,Kurkure,Snacks,Red,80,74,375,Fiery chilli flavoured crunchy corn puffs.
https://images.unsplash.com/photo-1558961363-fa8fdf82db35?w=500&auto=format&fit=crop&q=80,Kurkure Chilli Chatka 90g (Family Pack of 6),SNK-0095,Kurkure,Snacks,Red,120,108,438,Fiery chilli flavoured crunchy corn puffs.
https://images.unsplash.com/photo-1578849278619-e73505e9610f?w=500&auto=format&fit=crop&q=80,Kurkure Green Chutney Rajasthani Style 90g,SNK-0096,Kurkure,Snacks,Green,20,20,289,Green chutney flavored crispy corn snack.
https://images.unsplash.com/photo-1599490659213-e2b9527bd087?w=500&auto=format&fit=crop&q=80,Kurkure Green Chutney Rajasthani Style 90g (Pack of 2),SNK-0097,Kurkure,Snacks,Green,40,38,344,Green chutney flavored crispy corn snack.
https://images.unsplash.com/photo-1613919113640-25732ec5e61f?w=500&auto=format&fit=crop&q=80,Kurkure Green Chutney Rajasthani Style 90g (Pack of 3),SNK-0098,Kurkure,Snacks,Green,60,56,317,Green chutney flavored crispy corn snack.
https://images.unsplash.com/photo-1566478989037-eec170784d0b?w=500&auto=format&fit=crop&q=80,Kurkure Green Chutney Rajasthani Style 90g (Pack of 4),SNK-0099,Kurkure,Snacks,Green,80,74,217,Green chutney flavored crispy corn snack.
https://images.unsplash.com/photo-1621939514649-280e2ee25f60?w=500&auto=format&fit=crop&q=80,Kurkure Green Chutney Rajasthani Style 90g (Family Pack of 6),SNK-0100,Kurkure,Snacks,Green,120,108,168,Green chutney flavored crispy corn snack.
https://images.unsplash.com/photo-1600271886742-f049cd451bba?w=500&auto=format&fit=crop&q=80,Kurkure Green Chutney Rajasthani Style 180g,SNK-0101,Kurkure,Snacks,Green,45,42,269,Green chutney flavored crispy corn snack.
https://images.unsplash.com/photo-1558961363-fa8fdf82db35?w=500&auto=format&fit=crop&q=80,Kurkure Green Chutney Rajasthani Style 180g (Pack of 2),SNK-0102,Kurkure,Snacks,Green,90,80,287,Green chutney flavored crispy corn snack.
https://images.unsplash.com/photo-1578849278619-e73505e9610f?w=500&auto=format&fit=crop&q=80,Kurkure Green Chutney Rajasthani Style 180g (Pack of 3),SNK-0103,Kurkure,Snacks,Green,135,118,435,Green chutney flavored crispy corn snack.
https://images.unsplash.com/photo-1599490659213-e2b9527bd087?w=500&auto=format&fit=crop&q=80,Kurkure Green Chutney Rajasthani Style 180g (Pack of 4),SNK-0104,Kurkure,Snacks,Green,180,155,244,Green chutney flavored crispy corn snack.
https://images.unsplash.com/photo-1613919113640-25732ec5e61f?w=500&auto=format&fit=crop&q=80,Kurkure Green Chutney Rajasthani Style 180g (Family Pack of 6),SNK-0105,Kurkure,Snacks,Green,270,227,310,Green chutney flavored crispy corn snack.
https://images.unsplash.com/photo-1566478989037-eec170784d0b?w=500&auto=format&fit=crop&q=80,Kurkure Solid Makhana Cream & Onion 65g,SNK-0106,Kurkure,Snacks,Cream,30,27,434,Crunchy makhana snack with cream & onion.
https://images.unsplash.com/photo-1621939514649-280e2ee25f60?w=500&auto=format&fit=crop&q=80,Kurkure Solid Makhana Cream & Onion 65g (Pack of 2),SNK-0107,Kurkure,Snacks,Cream,60,51,305,Crunchy makhana snack with cream & onion.
https://images.unsplash.com/photo-1600271886742-f049cd451bba?w=500&auto=format&fit=crop&q=80,Kurkure Solid Makhana Cream & Onion 65g (Pack of 3),SNK-0108,Kurkure,Snacks,Cream,90,76,337,Crunchy makhana snack with cream & onion.
https://images.unsplash.com/photo-1558961363-fa8fdf82db35?w=500&auto=format&fit=crop&q=80,Kurkure Solid Makhana Cream & Onion 65g (Pack of 4),SNK-0109,Kurkure,Snacks,Cream,120,100,426,Crunchy makhana snack with cream & onion.
https://images.unsplash.com/photo-1578849278619-e73505e9610f?w=500&auto=format&fit=crop&q=80,Kurkure Solid Makhana Cream & Onion 65g (Family Pack of 6),SNK-0110,Kurkure,Snacks,Cream,180,146,327,Crunchy makhana snack with cream & onion.
https://images.unsplash.com/photo-1599490659213-e2b9527bd087?w=500&auto=format&fit=crop&q=80,Haldiram's Nagpur Aloo Bhujia 200g,SNK-0111,Haldiram's,Snacks,Yellow,72,65,330,Crunchy spicy potato & gram flour noodles namkeen.
https://images.unsplash.com/photo-1613919113640-25732ec5e61f?w=500&auto=format&fit=crop&q=80,Haldiram's Nagpur Aloo Bhujia 200g (Pack of 2),SNK-0112,Haldiram's,Snacks,Yellow,144,124,199,Crunchy spicy potato & gram flour noodles namkeen.
https://images.unsplash.com/photo-1566478989037-eec170784d0b?w=500&auto=format&fit=crop&q=80,Haldiram's Nagpur Aloo Bhujia 200g (Pack of 3),SNK-0113,Haldiram's,Snacks,Yellow,216,182,151,Crunchy spicy potato & gram flour noodles namkeen.
https://images.unsplash.com/photo-1621939514649-280e2ee25f60?w=500&auto=format&fit=crop&q=80,Haldiram's Nagpur Aloo Bhujia 200g (Pack of 4),SNK-0114,Haldiram's,Snacks,Yellow,288,240,439,Crunchy spicy potato & gram flour noodles namkeen.
https://images.unsplash.com/photo-1600271886742-f049cd451bba?w=500&auto=format&fit=crop&q=80,Haldiram's Nagpur Aloo Bhujia 200g (Family Pack of 6),SNK-0115,Haldiram's,Snacks,Yellow,432,351,121,Crunchy spicy potato & gram flour noodles namkeen.
https://images.unsplash.com/photo-1558961363-fa8fdf82db35?w=500&auto=format&fit=crop&q=80,Haldiram's Nagpur Aloo Bhujia 400g,SNK-0116,Haldiram's,Snacks,Yellow,115,105,404,Crunchy spicy potato & gram flour noodles namkeen.
https://images.unsplash.com/photo-1578849278619-e73505e9610f?w=500&auto=format&fit=crop&q=80,Haldiram's Nagpur Aloo Bhujia 400g (Pack of 2),SNK-0117,Haldiram's,Snacks,Yellow,230,200,97,Crunchy spicy potato & gram flour noodles namkeen.
https://images.unsplash.com/photo-1599490659213-e2b9527bd087?w=500&auto=format&fit=crop&q=80,Haldiram's Nagpur Aloo Bhujia 400g (Pack of 3),SNK-0118,Haldiram's,Snacks,Yellow,345,294,112,Crunchy spicy potato & gram flour noodles namkeen.
https://images.unsplash.com/photo-1613919113640-25732ec5e61f?w=500&auto=format&fit=crop&q=80,Haldiram's Nagpur Aloo Bhujia 400g (Pack of 4),SNK-0119,Haldiram's,Snacks,Yellow,460,388,302,Crunchy spicy potato & gram flour noodles namkeen.
https://images.unsplash.com/photo-1566478989037-eec170784d0b?w=500&auto=format&fit=crop&q=80,Haldiram's Nagpur Aloo Bhujia 400g (Family Pack of 6),SNK-0120,Haldiram's,Snacks,Yellow,690,567,122,Crunchy spicy potato & gram flour noodles namkeen.
https://images.unsplash.com/photo-1621939514649-280e2ee25f60?w=500&auto=format&fit=crop&q=80,Haldiram's Nagpur Aloo Bhujia 1kg,SNK-0121,Haldiram's,Snacks,Yellow,265,240,286,Crunchy spicy potato & gram flour noodles namkeen.
https://images.unsplash.com/photo-1600271886742-f049cd451bba?w=500&auto=format&fit=crop&q=80,Haldiram's Nagpur Aloo Bhujia 1kg (Pack of 2),SNK-0122,Haldiram's,Snacks,Yellow,530,456,117,Crunchy spicy potato & gram flour noodles namkeen.
https://images.unsplash.com/photo-1558961363-fa8fdf82db35?w=500&auto=format&fit=crop&q=80,Haldiram's Nagpur Aloo Bhujia 1kg (Pack of 3),SNK-0123,Haldiram's,Snacks,Yellow,795,672,315,Crunchy spicy potato & gram flour noodles namkeen.
https://images.unsplash.com/photo-1578849278619-e73505e9610f?w=500&auto=format&fit=crop&q=80,Haldiram's Nagpur Aloo Bhujia 1kg (Pack of 4),SNK-0124,Haldiram's,Snacks,Yellow,1060,888,416,Crunchy spicy potato & gram flour noodles namkeen.
https://images.unsplash.com/photo-1599490659213-e2b9527bd087?w=500&auto=format&fit=crop&q=80,Haldiram's Nagpur Aloo Bhujia 1kg (Family Pack of 6),SNK-0125,Haldiram's,Snacks,Yellow,1590,1296,446,Crunchy spicy potato & gram flour noodles namkeen.
https://images.unsplash.com/photo-1613919113640-25732ec5e61f?w=500&auto=format&fit=crop&q=80,Haldiram's Khatta Meetha 200g,SNK-0126,Haldiram's,Snacks,Green,62,56,312,"Sweet and tangy blend of rice flakes, sago & peanuts."
https://images.unsplash.com/photo-1566478989037-eec170784d0b?w=500&auto=format&fit=crop&q=80,Haldiram's Khatta Meetha 200g (Pack of 2),SNK-0127,Haldiram's,Snacks,Green,124,106,112,"Sweet and tangy blend of rice flakes, sago & peanuts."
https://images.unsplash.com/photo-1621939514649-280e2ee25f60?w=500&auto=format&fit=crop&q=80,Haldiram's Khatta Meetha 200g (Pack of 3),SNK-0128,Haldiram's,Snacks,Green,186,157,326,"Sweet and tangy blend of rice flakes, sago & peanuts."
https://images.unsplash.com/photo-1600271886742-f049cd451bba?w=500&auto=format&fit=crop&q=80,Haldiram's Khatta Meetha 200g (Pack of 4),SNK-0129,Haldiram's,Snacks,Green,248,207,193,"Sweet and tangy blend of rice flakes, sago & peanuts."
https://images.unsplash.com/photo-1558961363-fa8fdf82db35?w=500&auto=format&fit=crop&q=80,Haldiram's Khatta Meetha 200g (Family Pack of 6),SNK-0130,Haldiram's,Snacks,Green,372,302,415,"Sweet and tangy blend of rice flakes, sago & peanuts."
https://images.unsplash.com/photo-1578849278619-e73505e9610f?w=500&auto=format&fit=crop&q=80,Haldiram's Khatta Meetha 350g,SNK-0131,Haldiram's,Snacks,Green,95,88,310,"Sweet and tangy blend of rice flakes, sago & peanuts."
https://images.unsplash.com/photo-1599490659213-e2b9527bd087?w=500&auto=format&fit=crop&q=80,Haldiram's Khatta Meetha 350g (Pack of 2),SNK-0132,Haldiram's,Snacks,Green,190,167,340,"Sweet and tangy blend of rice flakes, sago & peanuts."
https://images.unsplash.com/photo-1613919113640-25732ec5e61f?w=500&auto=format&fit=crop&q=80,Haldiram's Khatta Meetha 350g (Pack of 3),SNK-0133,Haldiram's,Snacks,Green,285,246,196,"Sweet and tangy blend of rice flakes, sago & peanuts."
https://images.unsplash.com/photo-1566478989037-eec170784d0b?w=500&auto=format&fit=crop&q=80,Haldiram's Khatta Meetha 350g (Pack of 4),SNK-0134,Haldiram's,Snacks,Green,380,326,297,"Sweet and tangy blend of rice flakes, sago & peanuts."
https://images.unsplash.com/photo-1621939514649-280e2ee25f60?w=500&auto=format&fit=crop&q=80,Haldiram's Khatta Meetha 350g (Family Pack of 6),SNK-0135,Haldiram's,Snacks,Green,570,475,242,"Sweet and tangy blend of rice flakes, sago & peanuts."
https://images.unsplash.com/photo-1600271886742-f049cd451bba?w=500&auto=format&fit=crop&q=80,Haldiram's Moong Dal Namkeen 200g,SNK-0136,Haldiram's,Snacks,Yellow,78,70,381,Crispy salted fried green gram split pulse snack.
https://images.unsplash.com/photo-1558961363-fa8fdf82db35?w=500&auto=format&fit=crop&q=80,Haldiram's Moong Dal Namkeen 200g (Pack of 2),SNK-0137,Haldiram's,Snacks,Yellow,156,133,179,Crispy salted fried green gram split pulse snack.
https://images.unsplash.com/photo-1578849278619-e73505e9610f?w=500&auto=format&fit=crop&q=80,Haldiram's Moong Dal Namkeen 200g (Pack of 3),SNK-0138,Haldiram's,Snacks,Yellow,234,196,270,Crispy salted fried green gram split pulse snack.
https://images.unsplash.com/photo-1599490659213-e2b9527bd087?w=500&auto=format&fit=crop&q=80,Haldiram's Moong Dal Namkeen 200g (Pack of 4),SNK-0139,Haldiram's,Snacks,Yellow,312,259,258,Crispy salted fried green gram split pulse snack.
https://images.unsplash.com/photo-1613919113640-25732ec5e61f?w=500&auto=format&fit=crop&q=80,Haldiram's Moong Dal Namkeen 200g (Family Pack of 6),SNK-0140,Haldiram's,Snacks,Yellow,468,378,394,Crispy salted fried green gram split pulse snack.
https://images.unsplash.com/photo-1566478989037-eec170784d0b?w=500&auto=format&fit=crop&q=80,Haldiram's Moong Dal Namkeen 400g,SNK-0141,Haldiram's,Snacks,Yellow,120,110,252,Crispy salted fried green gram split pulse snack.
https://images.unsplash.com/photo-1621939514649-280e2ee25f60?w=500&auto=format&fit=crop&q=80,Haldiram's Moong Dal Namkeen 400g (Pack of 2),SNK-0142,Haldiram's,Snacks,Yellow,240,209,232,Crispy salted fried green gram split pulse snack.
https://images.unsplash.com/photo-1600271886742-f049cd451bba?w=500&auto=format&fit=crop&q=80,Haldiram's Moong Dal Namkeen 400g (Pack of 3),SNK-0143,Haldiram's,Snacks,Yellow,360,308,177,Crispy salted fried green gram split pulse snack.
https://images.unsplash.com/photo-1558961363-fa8fdf82db35?w=500&auto=format&fit=crop&q=80,Haldiram's Moong Dal Namkeen 400g (Pack of 4),SNK-0144,Haldiram's,Snacks,Yellow,480,407,336,Crispy salted fried green gram split pulse snack.
https://images.unsplash.com/photo-1578849278619-e73505e9610f?w=500&auto=format&fit=crop&q=80,Haldiram's Moong Dal Namkeen 400g (Family Pack of 6),SNK-0145,Haldiram's,Snacks,Yellow,720,594,384,Crispy salted fried green gram split pulse snack.
https://images.unsplash.com/photo-1599490659213-e2b9527bd087?w=500&auto=format&fit=crop&q=80,Haldiram's Bikaneri Bhujia 200g,SNK-0146,Haldiram's,Snacks,Yellow,68,62,127,Classic spicy bikaneri moth dal bhujia.
https://images.unsplash.com/photo-1613919113640-25732ec5e61f?w=500&auto=format&fit=crop&q=80,Haldiram's Bikaneri Bhujia 200g (Pack of 2),SNK-0147,Haldiram's,Snacks,Yellow,136,118,197,Classic spicy bikaneri moth dal bhujia.
https://images.unsplash.com/photo-1566478989037-eec170784d0b?w=500&auto=format&fit=crop&q=80,Haldiram's Bikaneri Bhujia 200g (Pack of 3),SNK-0148,Haldiram's,Snacks,Yellow,204,174,309,Classic spicy bikaneri moth dal bhujia.
https://images.unsplash.com/photo-1621939514649-280e2ee25f60?w=500&auto=format&fit=crop&q=80,Haldiram's Bikaneri Bhujia 200g (Pack of 4),SNK-0149,Haldiram's,Snacks,Yellow,272,229,110,Classic spicy bikaneri moth dal bhujia.
https://images.unsplash.com/photo-1600271886742-f049cd451bba?w=500&auto=format&fit=crop&q=80,Haldiram's Bikaneri Bhujia 200g (Family Pack of 6),SNK-0150,Haldiram's,Snacks,Yellow,408,335,444,Classic spicy bikaneri moth dal bhujia.
https://images.unsplash.com/photo-1558961363-fa8fdf82db35?w=500&auto=format&fit=crop&q=80,Haldiram's Bikaneri Bhujia 400g,SNK-0151,Haldiram's,Snacks,Yellow,112,102,381,Classic spicy bikaneri moth dal bhujia.
https://images.unsplash.com/photo-1578849278619-e73505e9610f?w=500&auto=format&fit=crop&q=80,Haldiram's Bikaneri Bhujia 400g (Pack of 2),SNK-0152,Haldiram's,Snacks,Yellow,224,194,165,Classic spicy bikaneri moth dal bhujia.
https://images.unsplash.com/photo-1599490659213-e2b9527bd087?w=500&auto=format&fit=crop&q=80,Haldiram's Bikaneri Bhujia 400g (Pack of 3),SNK-0153,Haldiram's,Snacks,Yellow,336,286,393,Classic spicy bikaneri moth dal bhujia.
https://images.unsplash.com/photo-1613919113640-25732ec5e61f?w=500&auto=format&fit=crop&q=80,Haldiram's Bikaneri Bhujia 400g (Pack of 4),SNK-0154,Haldiram's,Snacks,Yellow,448,377,351,Classic spicy bikaneri moth dal bhujia.
https://images.unsplash.com/photo-1566478989037-eec170784d0b?w=500&auto=format&fit=crop&q=80,Haldiram's Bikaneri Bhujia 400g (Family Pack of 6),SNK-0155,Haldiram's,Snacks,Yellow,672,551,300,Classic spicy bikaneri moth dal bhujia.
https://images.unsplash.com/photo-1621939514649-280e2ee25f60?w=500&auto=format&fit=crop&q=80,Haldiram's Navratan Mixture 200g,SNK-0156,Haldiram's,Snacks,Multi,78,70,122,Rich mixture of crunchy sev nuts & lentils.
https://images.unsplash.com/photo-1600271886742-f049cd451bba?w=500&auto=format&fit=crop&q=80,Haldiram's Navratan Mixture 200g (Pack of 2),SNK-0157,Haldiram's,Snacks,Multi,156,133,414,Rich mixture of crunchy sev nuts & lentils.
https://images.unsplash.com/photo-1558961363-fa8fdf82db35?w=500&auto=format&fit=crop&q=80,Haldiram's Navratan Mixture 200g (Pack of 3),SNK-0158,Haldiram's,Snacks,Multi,234,196,347,Rich mixture of crunchy sev nuts & lentils.
https://images.unsplash.com/photo-1578849278619-e73505e9610f?w=500&auto=format&fit=crop&q=80,Haldiram's Navratan Mixture 200g (Pack of 4),SNK-0159,Haldiram's,Snacks,Multi,312,259,267,Rich mixture of crunchy sev nuts & lentils.
https://images.unsplash.com/photo-1599490659213-e2b9527bd087?w=500&auto=format&fit=crop&q=80,Haldiram's Navratan Mixture 200g (Family Pack of 6),SNK-0160,Haldiram's,Snacks,Multi,468,378,127,Rich mixture of crunchy sev nuts & lentils.
https://images.unsplash.com/photo-1613919113640-25732ec5e61f?w=500&auto=format&fit=crop&q=80,Haldiram's Navratan Mixture 400g,SNK-0161,Haldiram's,Snacks,Multi,125,114,364,Rich mixture of crunchy sev nuts & lentils.
https://images.unsplash.com/photo-1566478989037-eec170784d0b?w=500&auto=format&fit=crop&q=80,Haldiram's Navratan Mixture 400g (Pack of 2),SNK-0162,Haldiram's,Snacks,Multi,250,217,403,Rich mixture of crunchy sev nuts & lentils.
https://images.unsplash.com/photo-1621939514649-280e2ee25f60?w=500&auto=format&fit=crop&q=80,Haldiram's Navratan Mixture 400g (Pack of 3),SNK-0163,Haldiram's,Snacks,Multi,375,319,271,Rich mixture of crunchy sev nuts & lentils.
https://images.unsplash.com/photo-1600271886742-f049cd451bba?w=500&auto=format&fit=crop&q=80,Haldiram's Navratan Mixture 400g (Pack of 4),SNK-0164,Haldiram's,Snacks,Multi,500,422,381,Rich mixture of crunchy sev nuts & lentils.
https://images.unsplash.com/photo-1558961363-fa8fdf82db35?w=500&auto=format&fit=crop&q=80,Haldiram's Navratan Mixture 400g (Family Pack of 6),SNK-0165,Haldiram's,Snacks,Multi,750,616,221,Rich mixture of crunchy sev nuts & lentils.
https://images.unsplash.com/photo-1578849278619-e73505e9610f?w=500&auto=format&fit=crop&q=80,Haldiram's Punjabi Tadka Namkeen 200g,SNK-0166,Haldiram's,Snacks,Orange,72,65,223,Tangy spicy crunchy rice & peanuts mix.
https://images.unsplash.com/photo-1599490659213-e2b9527bd087?w=500&auto=format&fit=crop&q=80,Haldiram's Punjabi Tadka Namkeen 200g (Pack of 2),SNK-0167,Haldiram's,Snacks,Orange,144,124,262,Tangy spicy crunchy rice & peanuts mix.
https://images.unsplash.com/photo-1613919113640-25732ec5e61f?w=500&auto=format&fit=crop&q=80,Haldiram's Punjabi Tadka Namkeen 200g (Pack of 3),SNK-0168,Haldiram's,Snacks,Orange,216,182,392,Tangy spicy crunchy rice & peanuts mix.
https://images.unsplash.com/photo-1566478989037-eec170784d0b?w=500&auto=format&fit=crop&q=80,Haldiram's Punjabi Tadka Namkeen 200g (Pack of 4),SNK-0169,Haldiram's,Snacks,Orange,288,240,334,Tangy spicy crunchy rice & peanuts mix.
https://images.unsplash.com/photo-1621939514649-280e2ee25f60?w=500&auto=format&fit=crop&q=80,Haldiram's Punjabi Tadka Namkeen 200g (Family Pack of 6),SNK-0170,Haldiram's,Snacks,Orange,432,351,393,Tangy spicy crunchy rice & peanuts mix.
https://images.unsplash.com/photo-1600271886742-f049cd451bba?w=500&auto=format&fit=crop&q=80,Haldiram's Chana Dal Namkeen 200g,SNK-0171,Haldiram's,Snacks,Yellow,72,65,285,Crunchy roasted chana dal namkeen.
https://images.unsplash.com/photo-1558961363-fa8fdf82db35?w=500&auto=format&fit=crop&q=80,Haldiram's Chana Dal Namkeen 200g (Pack of 2),SNK-0172,Haldiram's,Snacks,Yellow,144,124,344,Crunchy roasted chana dal namkeen.
https://images.unsplash.com/photo-1578849278619-e73505e9610f?w=500&auto=format&fit=crop&q=80,Haldiram's Chana Dal Namkeen 200g (Pack of 3),SNK-0173,Haldiram's,Snacks,Yellow,216,182,283,Crunchy roasted chana dal namkeen.
https://images.unsplash.com/photo-1599490659213-e2b9527bd087?w=500&auto=format&fit=crop&q=80,Haldiram's Chana Dal Namkeen 200g (Pack of 4),SNK-0174,Haldiram's,Snacks,Yellow,288,240,279,Crunchy roasted chana dal namkeen.
https://images.unsplash.com/photo-1613919113640-25732ec5e61f?w=500&auto=format&fit=crop&q=80,Haldiram's Chana Dal Namkeen 200g (Family Pack of 6),SNK-0175,Haldiram's,Snacks,Yellow,432,351,235,Crunchy roasted chana dal namkeen.
https://images.unsplash.com/photo-1566478989037-eec170784d0b?w=500&auto=format&fit=crop&q=80,Haldiram's Soan Papdi 250g,SNK-0176,Haldiram's,Snacks,Cream,95,86,171,Flaky traditional soan papdi with almonds.
https://images.unsplash.com/photo-1621939514649-280e2ee25f60?w=500&auto=format&fit=crop&q=80,Haldiram's Soan Papdi 250g (Pack of 2),SNK-0177,Haldiram's,Snacks,Cream,190,163,347,Flaky traditional soan papdi with almonds.
https://images.unsplash.com/photo-1600271886742-f049cd451bba?w=500&auto=format&fit=crop&q=80,Haldiram's Soan Papdi 250g (Pack of 3),SNK-0178,Haldiram's,Snacks,Cream,285,241,372,Flaky traditional soan papdi with almonds.
https://images.unsplash.com/photo-1558961363-fa8fdf82db35?w=500&auto=format&fit=crop&q=80,Haldiram's Soan Papdi 250g (Pack of 4),SNK-0179,Haldiram's,Snacks,Cream,380,318,440,Flaky traditional soan papdi with almonds.
https://images.unsplash.com/photo-1578849278619-e73505e9610f?w=500&auto=format&fit=crop&q=80,Haldiram's Soan Papdi 250g (Family Pack of 6),SNK-0180,Haldiram's,Snacks,Cream,570,464,378,Flaky traditional soan papdi with almonds.
https://images.unsplash.com/photo-1599490659213-e2b9527bd087?w=500&auto=format&fit=crop&q=80,Haldiram's Soan Papdi 500g,SNK-0181,Haldiram's,Snacks,Cream,165,150,395,Flaky traditional soan papdi with almonds.
https://images.unsplash.com/photo-1613919113640-25732ec5e61f?w=500&auto=format&fit=crop&q=80,Haldiram's Soan Papdi 500g (Pack of 2),SNK-0182,Haldiram's,Snacks,Cream,330,285,248,Flaky traditional soan papdi with almonds.
https://images.unsplash.com/photo-1566478989037-eec170784d0b?w=500&auto=format&fit=crop&q=80,Haldiram's Soan Papdi 500g (Pack of 3),SNK-0183,Haldiram's,Snacks,Cream,495,420,272,Flaky traditional soan papdi with almonds.
https://images.unsplash.com/photo-1621939514649-280e2ee25f60?w=500&auto=format&fit=crop&q=80,Haldiram's Soan Papdi 500g (Pack of 4),SNK-0184,Haldiram's,Snacks,Cream,660,555,344,Flaky traditional soan papdi with almonds.
https://images.unsplash.com/photo-1600271886742-f049cd451bba?w=500&auto=format&fit=crop&q=80,Haldiram's Soan Papdi 500g (Family Pack of 6),SNK-0185,Haldiram's,Snacks,Cream,990,810,99,Flaky traditional soan papdi with almonds.
https://images.unsplash.com/photo-1558961363-fa8fdf82db35?w=500&auto=format&fit=crop&q=80,Haldiram's Badam Katli 250g,SNK-0186,Haldiram's,Snacks,Cream,265,240,203,Premium almond kaju katli mithai.
https://images.unsplash.com/photo-1578849278619-e73505e9610f?w=500&auto=format&fit=crop&q=80,Haldiram's Badam Katli 250g (Pack of 2),SNK-0187,Haldiram's,Snacks,Cream,530,456,301,Premium almond kaju katli mithai.
https://images.unsplash.com/photo-1599490659213-e2b9527bd087?w=500&auto=format&fit=crop&q=80,Haldiram's Badam Katli 250g (Pack of 3),SNK-0188,Haldiram's,Snacks,Cream,795,672,425,Premium almond kaju katli mithai.
https://images.unsplash.com/photo-1613919113640-25732ec5e61f?w=500&auto=format&fit=crop&q=80,Haldiram's Badam Katli 250g (Pack of 4),SNK-0189,Haldiram's,Snacks,Cream,1060,888,166,Premium almond kaju katli mithai.
https://images.unsplash.com/photo-1566478989037-eec170784d0b?w=500&auto=format&fit=crop&q=80,Haldiram's Badam Katli 250g (Family Pack of 6),SNK-0190,Haldiram's,Snacks,Cream,1590,1296,129,Premium almond kaju katli mithai.
https://images.unsplash.com/photo-1621939514649-280e2ee25f60?w=500&auto=format&fit=crop&q=80,Bikano Aloo Bhujia 200g,SNK-0191,Bikano,Snacks,Yellow,70,63,334,Crispy spicy potato gram flour bhujia.
https://images.unsplash.com/photo-1600271886742-f049cd451bba?w=500&auto=format&fit=crop&q=80,Bikano Aloo Bhujia 200g (Pack of 2),SNK-0192,Bikano,Snacks,Yellow,140,120,337,Crispy spicy potato gram flour bhujia.
https://images.unsplash.com/photo-1558961363-fa8fdf82db35?w=500&auto=format&fit=crop&q=80,Bikano Aloo Bhujia 200g (Pack of 3),SNK-0193,Bikano,Snacks,Yellow,210,176,292,Crispy spicy potato gram flour bhujia.
https://images.unsplash.com/photo-1578849278619-e73505e9610f?w=500&auto=format&fit=crop&q=80,Bikano Aloo Bhujia 200g (Pack of 4),SNK-0194,Bikano,Snacks,Yellow,280,233,96,Crispy spicy potato gram flour bhujia.
https://images.unsplash.com/photo-1599490659213-e2b9527bd087?w=500&auto=format&fit=crop&q=80,Bikano Aloo Bhujia 200g (Family Pack of 6),SNK-0195,Bikano,Snacks,Yellow,420,340,287,Crispy spicy potato gram flour bhujia.
https://images.unsplash.com/photo-1613919113640-25732ec5e61f?w=500&auto=format&fit=crop&q=80,Bikano Aloo Bhujia 400g,SNK-0196,Bikano,Snacks,Yellow,120,110,405,Crispy spicy potato gram flour bhujia.
https://images.unsplash.com/photo-1566478989037-eec170784d0b?w=500&auto=format&fit=crop&q=80,Bikano Aloo Bhujia 400g (Pack of 2),SNK-0197,Bikano,Snacks,Yellow,240,209,399,Crispy spicy potato gram flour bhujia.
https://images.unsplash.com/photo-1621939514649-280e2ee25f60?w=500&auto=format&fit=crop&q=80,Bikano Aloo Bhujia 400g (Pack of 3),SNK-0198,Bikano,Snacks,Yellow,360,308,156,Crispy spicy potato gram flour bhujia.
https://images.unsplash.com/photo-1600271886742-f049cd451bba?w=500&auto=format&fit=crop&q=80,Bikano Aloo Bhujia 400g (Pack of 4),SNK-0199,Bikano,Snacks,Yellow,480,407,351,Crispy spicy potato gram flour bhujia.
https://images.unsplash.com/photo-1558961363-fa8fdf82db35?w=500&auto=format&fit=crop&q=80,Bikano Aloo Bhujia 400g (Family Pack of 6),SNK-0200,Bikano,Snacks,Yellow,720,594,118,Crispy spicy potato gram flour bhujia.
https://images.unsplash.com/photo-1578849278619-e73505e9610f?w=500&auto=format&fit=crop&q=80,Bikano Moong Dal 400g,SNK-0201,Bikano,Snacks,Yellow,120,110,195,Crispy salted fried moong dal namkeen.
https://images.unsplash.com/photo-1599490659213-e2b9527bd087?w=500&auto=format&fit=crop&q=80,Bikano Moong Dal 400g (Pack of 2),SNK-0202,Bikano,Snacks,Yellow,240,209,117,Crispy salted fried moong dal namkeen.
https://images.unsplash.com/photo-1613919113640-25732ec5e61f?w=500&auto=format&fit=crop&q=80,Bikano Moong Dal 400g (Pack of 3),SNK-0203,Bikano,Snacks,Yellow,360,308,250,Crispy salted fried moong dal namkeen.
https://images.unsplash.com/photo-1566478989037-eec170784d0b?w=500&auto=format&fit=crop&q=80,Bikano Moong Dal 400g (Pack of 4),SNK-0204,Bikano,Snacks,Yellow,480,407,143,Crispy salted fried moong dal namkeen.
https://images.unsplash.com/photo-1621939514649-280e2ee25f60?w=500&auto=format&fit=crop&q=80,Bikano Moong Dal 400g (Family Pack of 6),SNK-0205,Bikano,Snacks,Yellow,720,594,332,Crispy salted fried moong dal namkeen.
https://images.unsplash.com/photo-1600271886742-f049cd451bba?w=500&auto=format&fit=crop&q=80,Bikano All in One Mixture 400g,SNK-0206,Bikano,Snacks,Multi,118,108,186,Crunchy mixture with sev peanuts & lentils.
https://images.unsplash.com/photo-1558961363-fa8fdf82db35?w=500&auto=format&fit=crop&q=80,Bikano All in One Mixture 400g (Pack of 2),SNK-0207,Bikano,Snacks,Multi,236,205,430,Crunchy mixture with sev peanuts & lentils.
https://images.unsplash.com/photo-1578849278619-e73505e9610f?w=500&auto=format&fit=crop&q=80,Bikano All in One Mixture 400g (Pack of 3),SNK-0208,Bikano,Snacks,Multi,354,302,149,Crunchy mixture with sev peanuts & lentils.
https://images.unsplash.com/photo-1599490659213-e2b9527bd087?w=500&auto=format&fit=crop&q=80,Bikano All in One Mixture 400g (Pack of 4),SNK-0209,Bikano,Snacks,Multi,472,400,196,Crunchy mixture with sev peanuts & lentils.
https://images.unsplash.com/photo-1613919113640-25732ec5e61f?w=500&auto=format&fit=crop&q=80,Bikano All in One Mixture 400g (Family Pack of 6),SNK-0210,Bikano,Snacks,Multi,708,583,125,Crunchy mixture with sev peanuts & lentils.
https://images.unsplash.com/photo-1566478989037-eec170784d0b?w=500&auto=format&fit=crop&q=80,Bikaji Ratlami Sev 200g,SNK-0211,Bikaji,Snacks,Orange,68,62,304,Fiery Ratlam style spicy Rathlami sev.
https://images.unsplash.com/photo-1621939514649-280e2ee25f60?w=500&auto=format&fit=crop&q=80,Bikaji Ratlami Sev 200g (Pack of 2),SNK-0212,Bikaji,Snacks,Orange,136,118,192,Fiery Ratlam style spicy Rathlami sev.
https://images.unsplash.com/photo-1600271886742-f049cd451bba?w=500&auto=format&fit=crop&q=80,Bikaji Ratlami Sev 200g (Pack of 3),SNK-0213,Bikaji,Snacks,Orange,204,174,360,Fiery Ratlam style spicy Rathlami sev.
https://images.unsplash.com/photo-1558961363-fa8fdf82db35?w=500&auto=format&fit=crop&q=80,Bikaji Ratlami Sev 200g (Pack of 4),SNK-0214,Bikaji,Snacks,Orange,272,229,343,Fiery Ratlam style spicy Rathlami sev.
https://images.unsplash.com/photo-1578849278619-e73505e9610f?w=500&auto=format&fit=crop&q=80,Bikaji Ratlami Sev 200g (Family Pack of 6),SNK-0215,Bikaji,Snacks,Orange,408,335,153,Fiery Ratlam style spicy Rathlami sev.
https://images.unsplash.com/photo-1599490659213-e2b9527bd087?w=500&auto=format&fit=crop&q=80,Bikaji Ratlami Sev 400g,SNK-0216,Bikaji,Snacks,Orange,115,105,445,Fiery Ratlam style spicy Rathlami sev.
https://images.unsplash.com/photo-1613919113640-25732ec5e61f?w=500&auto=format&fit=crop&q=80,Bikaji Ratlami Sev 400g (Pack of 2),SNK-0217,Bikaji,Snacks,Orange,230,200,384,Fiery Ratlam style spicy Rathlami sev.
https://images.unsplash.com/photo-1566478989037-eec170784d0b?w=500&auto=format&fit=crop&q=80,Bikaji Ratlami Sev 400g (Pack of 3),SNK-0218,Bikaji,Snacks,Orange,345,294,377,Fiery Ratlam style spicy Rathlami sev.
https://images.unsplash.com/photo-1621939514649-280e2ee25f60?w=500&auto=format&fit=crop&q=80,Bikaji Ratlami Sev 400g (Pack of 4),SNK-0219,Bikaji,Snacks,Orange,460,388,287,Fiery Ratlam style spicy Rathlami sev.
https://images.unsplash.com/photo-1600271886742-f049cd451bba?w=500&auto=format&fit=crop&q=80,Bikaji Ratlami Sev 400g (Family Pack of 6),SNK-0220,Bikaji,Snacks,Orange,690,567,265,Fiery Ratlam style spicy Rathlami sev.
https://images.unsplash.com/photo-1558961363-fa8fdf82db35?w=500&auto=format&fit=crop&q=80,Bikaji Bhujia Classic 200g,SNK-0221,Bikaji,Snacks,Yellow,70,63,403,Traditional Bikaneri classic bhujia.
https://images.unsplash.com/photo-1578849278619-e73505e9610f?w=500&auto=format&fit=crop&q=80,Bikaji Bhujia Classic 200g (Pack of 2),SNK-0222,Bikaji,Snacks,Yellow,140,120,324,Traditional Bikaneri classic bhujia.
https://images.unsplash.com/photo-1599490659213-e2b9527bd087?w=500&auto=format&fit=crop&q=80,Bikaji Bhujia Classic 200g (Pack of 3),SNK-0223,Bikaji,Snacks,Yellow,210,176,164,Traditional Bikaneri classic bhujia.
https://images.unsplash.com/photo-1613919113640-25732ec5e61f?w=500&auto=format&fit=crop&q=80,Bikaji Bhujia Classic 200g (Pack of 4),SNK-0224,Bikaji,Snacks,Yellow,280,233,331,Traditional Bikaneri classic bhujia.
https://images.unsplash.com/photo-1566478989037-eec170784d0b?w=500&auto=format&fit=crop&q=80,Bikaji Bhujia Classic 200g (Family Pack of 6),SNK-0225,Bikaji,Snacks,Yellow,420,340,128,Traditional Bikaneri classic bhujia.
https://images.unsplash.com/photo-1621939514649-280e2ee25f60?w=500&auto=format&fit=crop&q=80,Bikaji Kaju Bhujia 200g,SNK-0226,Bikaji,Snacks,Yellow,95,86,251,Premium cashew loaded crispy bhujia.
https://images.unsplash.com/photo-1600271886742-f049cd451bba?w=500&auto=format&fit=crop&q=80,Bikaji Kaju Bhujia 200g (Pack of 2),SNK-0227,Bikaji,Snacks,Yellow,190,163,390,Premium cashew loaded crispy bhujia.
https://images.unsplash.com/photo-1558961363-fa8fdf82db35?w=500&auto=format&fit=crop&q=80,Bikaji Kaju Bhujia 200g (Pack of 3),SNK-0228,Bikaji,Snacks,Yellow,285,241,277,Premium cashew loaded crispy bhujia.
https://images.unsplash.com/photo-1578849278619-e73505e9610f?w=500&auto=format&fit=crop&q=80,Bikaji Kaju Bhujia 200g (Pack of 4),SNK-0229,Bikaji,Snacks,Yellow,380,318,384,Premium cashew loaded crispy bhujia.
https://images.unsplash.com/photo-1599490659213-e2b9527bd087?w=500&auto=format&fit=crop&q=80,Bikaji Kaju Bhujia 200g (Family Pack of 6),SNK-0230,Bikaji,Snacks,Yellow,570,464,175,Premium cashew loaded crispy bhujia.
https://images.unsplash.com/photo-1613919113640-25732ec5e61f?w=500&auto=format&fit=crop&q=80,Bikaji Bikaneri Bhujia Special 400g,SNK-0231,Bikaji,Snacks,Yellow,118,108,146,Extra spicy traditional bikaneri bhujia.
https://images.unsplash.com/photo-1566478989037-eec170784d0b?w=500&auto=format&fit=crop&q=80,Bikaji Bikaneri Bhujia Special 400g (Pack of 2),SNK-0232,Bikaji,Snacks,Yellow,236,205,216,Extra spicy traditional bikaneri bhujia.
https://images.unsplash.com/photo-1621939514649-280e2ee25f60?w=500&auto=format&fit=crop&q=80,Bikaji Bikaneri Bhujia Special 400g (Pack of 3),SNK-0233,Bikaji,Snacks,Yellow,354,302,112,Extra spicy traditional bikaneri bhujia.
https://images.unsplash.com/photo-1600271886742-f049cd451bba?w=500&auto=format&fit=crop&q=80,Bikaji Bikaneri Bhujia Special 400g (Pack of 4),SNK-0234,Bikaji,Snacks,Yellow,472,400,226,Extra spicy traditional bikaneri bhujia.
https://images.unsplash.com/photo-1558961363-fa8fdf82db35?w=500&auto=format&fit=crop&q=80,Bikaji Bikaneri Bhujia Special 400g (Family Pack of 6),SNK-0235,Bikaji,Snacks,Yellow,708,583,204,Extra spicy traditional bikaneri bhujia.
https://images.unsplash.com/photo-1578849278619-e73505e9610f?w=500&auto=format&fit=crop&q=80,Balaji Wafers Tomato Masala 90g,SNK-0236,Balaji,Snacks,Red,25,23,320,Gujarati style crunchy tomato masala wafers.
https://images.unsplash.com/photo-1599490659213-e2b9527bd087?w=500&auto=format&fit=crop&q=80,Balaji Wafers Tomato Masala 90g (Pack of 2),SNK-0237,Balaji,Snacks,Red,50,44,290,Gujarati style crunchy tomato masala wafers.
https://images.unsplash.com/photo-1613919113640-25732ec5e61f?w=500&auto=format&fit=crop&q=80,Balaji Wafers Tomato Masala 90g (Pack of 3),SNK-0238,Balaji,Snacks,Red,75,64,327,Gujarati style crunchy tomato masala wafers.
https://images.unsplash.com/photo-1566478989037-eec170784d0b?w=500&auto=format&fit=crop&q=80,Balaji Wafers Tomato Masala 90g (Pack of 4),SNK-0239,Balaji,Snacks,Red,100,85,149,Gujarati style crunchy tomato masala wafers.
https://images.unsplash.com/photo-1621939514649-280e2ee25f60?w=500&auto=format&fit=crop&q=80,Balaji Wafers Tomato Masala 90g (Family Pack of 6),SNK-0240,Balaji,Snacks,Red,150,124,351,Gujarati style crunchy tomato masala wafers.
https://images.unsplash.com/photo-1600271886742-f049cd451bba?w=500&auto=format&fit=crop&q=80,Balaji Wafers Masti Masala 90g,SNK-0241,Balaji,Snacks,Orange,25,23,386,Spicy masti masala potato wafers.
https://images.unsplash.com/photo-1558961363-fa8fdf82db35?w=500&auto=format&fit=crop&q=80,Balaji Wafers Masti Masala 90g (Pack of 2),SNK-0242,Balaji,Snacks,Orange,50,44,352,Spicy masti masala potato wafers.
https://images.unsplash.com/photo-1578849278619-e73505e9610f?w=500&auto=format&fit=crop&q=80,Balaji Wafers Masti Masala 90g (Pack of 3),SNK-0243,Balaji,Snacks,Orange,75,64,361,Spicy masti masala potato wafers.
https://images.unsplash.com/photo-1599490659213-e2b9527bd087?w=500&auto=format&fit=crop&q=80,Balaji Wafers Masti Masala 90g (Pack of 4),SNK-0244,Balaji,Snacks,Orange,100,85,413,Spicy masti masala potato wafers.
https://images.unsplash.com/photo-1613919113640-25732ec5e61f?w=500&auto=format&fit=crop&q=80,Balaji Wafers Masti Masala 90g (Family Pack of 6),SNK-0245,Balaji,Snacks,Orange,150,124,153,Spicy masti masala potato wafers.
https://images.unsplash.com/photo-1566478989037-eec170784d0b?w=500&auto=format&fit=crop&q=80,Parle Gold Glucose Biscuits 250g,SNK-0246,Parle,Snacks,Yellow,35,32,387,India's favorite glucose biscuits packed with energy.
https://images.unsplash.com/photo-1621939514649-280e2ee25f60?w=500&auto=format&fit=crop&q=80,Parle Gold Glucose Biscuits 250g (Pack of 2),SNK-0247,Parle,Snacks,Yellow,70,61,338,India's favorite glucose biscuits packed with energy.
https://images.unsplash.com/photo-1600271886742-f049cd451bba?w=500&auto=format&fit=crop&q=80,Parle Gold Glucose Biscuits 250g (Pack of 3),SNK-0248,Parle,Snacks,Yellow,105,90,411,India's favorite glucose biscuits packed with energy.
https://images.unsplash.com/photo-1558961363-fa8fdf82db35?w=500&auto=format&fit=crop&q=80,Parle Gold Glucose Biscuits 250g (Pack of 4),SNK-0249,Parle,Snacks,Yellow,140,118,285,India's favorite glucose biscuits packed with energy.
https://images.unsplash.com/photo-1578849278619-e73505e9610f?w=500&auto=format&fit=crop&q=80,Parle Gold Glucose Biscuits 250g (Family Pack of 6),SNK-0250,Parle,Snacks,Yellow,210,173,379,India's favorite glucose biscuits packed with energy.
https://images.unsplash.com/photo-1599490659213-e2b9527bd087?w=500&auto=format&fit=crop&q=80,Parle Gold Glucose Biscuits 1kg,SNK-0251,Parle,Snacks,Yellow,140,130,350,India's favorite glucose biscuits packed with energy.
https://images.unsplash.com/photo-1613919113640-25732ec5e61f?w=500&auto=format&fit=crop&q=80,Parle Gold Glucose Biscuits 1kg (Pack of 2),SNK-0252,Parle,Snacks,Yellow,280,247,118,India's favorite glucose biscuits packed with energy.
https://images.unsplash.com/photo-1566478989037-eec170784d0b?w=500&auto=format&fit=crop&q=80,Parle Gold Glucose Biscuits 1kg (Pack of 3),SNK-0253,Parle,Snacks,Yellow,420,364,251,India's favorite glucose biscuits packed with energy.
https://images.unsplash.com/photo-1621939514649-280e2ee25f60?w=500&auto=format&fit=crop&q=80,Parle Gold Glucose Biscuits 1kg (Pack of 4),SNK-0254,Parle,Snacks,Yellow,560,481,260,India's favorite glucose biscuits packed with energy.
https://images.unsplash.com/photo-1600271886742-f049cd451bba?w=500&auto=format&fit=crop&q=80,Parle Gold Glucose Biscuits 1kg (Family Pack of 6),SNK-0255,Parle,Snacks,Yellow,840,702,190,India's favorite glucose biscuits packed with energy.
https://images.unsplash.com/photo-1558961363-fa8fdf82db35?w=500&auto=format&fit=crop&q=80,Parle Original Glucose Biscuits 100g,SNK-0256,Parle,Snacks,Yellow,12,12,428,Classic original Parle-G glucose biscuits.
https://images.unsplash.com/photo-1578849278619-e73505e9610f?w=500&auto=format&fit=crop&q=80,Parle Original Glucose Biscuits 100g (Pack of 2),SNK-0257,Parle,Snacks,Yellow,24,23,272,Classic original Parle-G glucose biscuits.
https://images.unsplash.com/photo-1599490659213-e2b9527bd087?w=500&auto=format&fit=crop&q=80,Parle Original Glucose Biscuits 100g (Pack of 3),SNK-0258,Parle,Snacks,Yellow,36,34,275,Classic original Parle-G glucose biscuits.
https://images.unsplash.com/photo-1613919113640-25732ec5e61f?w=500&auto=format&fit=crop&q=80,Parle Original Glucose Biscuits 100g (Pack of 4),SNK-0259,Parle,Snacks,Yellow,48,44,155,Classic original Parle-G glucose biscuits.
https://images.unsplash.com/photo-1566478989037-eec170784d0b?w=500&auto=format&fit=crop&q=80,Parle Original Glucose Biscuits 100g (Family Pack of 6),SNK-0260,Parle,Snacks,Yellow,72,65,128,Classic original Parle-G glucose biscuits.
https://images.unsplash.com/photo-1621939514649-280e2ee25f60?w=500&auto=format&fit=crop&q=80,Parle Original Glucose Biscuits 800g,SNK-0261,Parle,Snacks,Yellow,110,102,374,Classic original Parle-G glucose biscuits.
https://images.unsplash.com/photo-1600271886742-f049cd451bba?w=500&auto=format&fit=crop&q=80,Parle Original Glucose Biscuits 800g (Pack of 2),SNK-0262,Parle,Snacks,Yellow,220,194,374,Classic original Parle-G glucose biscuits.
https://images.unsplash.com/photo-1558961363-fa8fdf82db35?w=500&auto=format&fit=crop&q=80,Parle Original Glucose Biscuits 800g (Pack of 3),SNK-0263,Parle,Snacks,Yellow,330,286,404,Classic original Parle-G glucose biscuits.
https://images.unsplash.com/photo-1578849278619-e73505e9610f?w=500&auto=format&fit=crop&q=80,Parle Original Glucose Biscuits 800g (Pack of 4),SNK-0264,Parle,Snacks,Yellow,440,377,238,Classic original Parle-G glucose biscuits.
https://images.unsplash.com/photo-1599490659213-e2b9527bd087?w=500&auto=format&fit=crop&q=80,Parle Original Glucose Biscuits 800g (Family Pack of 6),SNK-0265,Parle,Snacks,Yellow,660,551,139,Classic original Parle-G glucose biscuits.
https://images.unsplash.com/photo-1613919113640-25732ec5e61f?w=500&auto=format&fit=crop&q=80,Parle Hide & Seek Chocolate Biscuits 120g,SNK-0266,Parle,Snacks,Dark Brown,40,36,178,Choco chip loaded chocolate cookies.
https://images.unsplash.com/photo-1566478989037-eec170784d0b?w=500&auto=format&fit=crop&q=80,Parle Hide & Seek Chocolate Biscuits 120g (Pack of 2),SNK-0267,Parle,Snacks,Dark Brown,80,68,217,Choco chip loaded chocolate cookies.
https://images.unsplash.com/photo-1621939514649-280e2ee25f60?w=500&auto=format&fit=crop&q=80,Parle Hide & Seek Chocolate Biscuits 120g (Pack of 3),SNK-0268,Parle,Snacks,Dark Brown,120,101,148,Choco chip loaded chocolate cookies.
https://images.unsplash.com/photo-1600271886742-f049cd451bba?w=500&auto=format&fit=crop&q=80,Parle Hide & Seek Chocolate Biscuits 120g (Pack of 4),SNK-0269,Parle,Snacks,Dark Brown,160,133,435,Choco chip loaded chocolate cookies.
https://images.unsplash.com/photo-1558961363-fa8fdf82db35?w=500&auto=format&fit=crop&q=80,Parle Hide & Seek Chocolate Biscuits 120g (Family Pack of 6),SNK-0270,Parle,Snacks,Dark Brown,240,194,260,Choco chip loaded chocolate cookies.
https://images.unsplash.com/photo-1578849278619-e73505e9610f?w=500&auto=format&fit=crop&q=80,Parle Hide & Seek Chocolate Biscuits 600g,SNK-0271,Parle,Snacks,Dark Brown,180,165,225,Choco chip loaded chocolate cookies.
https://images.unsplash.com/photo-1599490659213-e2b9527bd087?w=500&auto=format&fit=crop&q=80,Parle Hide & Seek Chocolate Biscuits 600g (Pack of 2),SNK-0272,Parle,Snacks,Dark Brown,360,314,313,Choco chip loaded chocolate cookies.
https://images.unsplash.com/photo-1613919113640-25732ec5e61f?w=500&auto=format&fit=crop&q=80,Parle Hide & Seek Chocolate Biscuits 600g (Pack of 3),SNK-0273,Parle,Snacks,Dark Brown,540,462,437,Choco chip loaded chocolate cookies.
https://images.unsplash.com/photo-1566478989037-eec170784d0b?w=500&auto=format&fit=crop&q=80,Parle Hide & Seek Chocolate Biscuits 600g (Pack of 4),SNK-0274,Parle,Snacks,Dark Brown,720,610,162,Choco chip loaded chocolate cookies.
https://images.unsplash.com/photo-1621939514649-280e2ee25f60?w=500&auto=format&fit=crop&q=80,Parle Hide & Seek Chocolate Biscuits 600g (Family Pack of 6),SNK-0275,Parle,Snacks,Dark Brown,1080,891,106,Choco chip loaded chocolate cookies.
https://images.unsplash.com/photo-1600271886742-f049cd451bba?w=500&auto=format&fit=crop&q=80,Parle Hide & Seek Milano Dark Cookies 150g,SNK-0276,Parle,Snacks,Dark Brown,50,45,200,Premium dark choco cookies with rich cocoa.
https://images.unsplash.com/photo-1558961363-fa8fdf82db35?w=500&auto=format&fit=crop&q=80,Parle Hide & Seek Milano Dark Cookies 150g (Pack of 2),SNK-0277,Parle,Snacks,Dark Brown,100,86,376,Premium dark choco cookies with rich cocoa.
https://images.unsplash.com/photo-1578849278619-e73505e9610f?w=500&auto=format&fit=crop&q=80,Parle Hide & Seek Milano Dark Cookies 150g (Pack of 3),SNK-0278,Parle,Snacks,Dark Brown,150,126,351,Premium dark choco cookies with rich cocoa.
https://images.unsplash.com/photo-1599490659213-e2b9527bd087?w=500&auto=format&fit=crop&q=80,Parle Hide & Seek Milano Dark Cookies 150g (Pack of 4),SNK-0279,Parle,Snacks,Dark Brown,200,166,345,Premium dark choco cookies with rich cocoa.
https://images.unsplash.com/photo-1613919113640-25732ec5e61f?w=500&auto=format&fit=crop&q=80,Parle Hide & Seek Milano Dark Cookies 150g (Family Pack of 6),SNK-0280,Parle,Snacks,Dark Brown,300,243,328,Premium dark choco cookies with rich cocoa.
https://images.unsplash.com/photo-1566478989037-eec170784d0b?w=500&auto=format&fit=crop&q=80,Parle Monaco Biscuits 75g,SNK-0281,Parle,Snacks,Golden,15,14,146,Light crispy salted cracker biscuits.
https://images.unsplash.com/photo-1621939514649-280e2ee25f60?w=500&auto=format&fit=crop&q=80,Parle Monaco Biscuits 75g (Pack of 2),SNK-0282,Parle,Snacks,Golden,30,27,158,Light crispy salted cracker biscuits.
https://images.unsplash.com/photo-1600271886742-f049cd451bba?w=500&auto=format&fit=crop&q=80,Parle Monaco Biscuits 75g (Pack of 3),SNK-0283,Parle,Snacks,Golden,45,39,251,Light crispy salted cracker biscuits.
https://images.unsplash.com/photo-1558961363-fa8fdf82db35?w=500&auto=format&fit=crop&q=80,Parle Monaco Biscuits 75g (Pack of 4),SNK-0284,Parle,Snacks,Golden,60,52,198,Light crispy salted cracker biscuits.
https://images.unsplash.com/photo-1578849278619-e73505e9610f?w=500&auto=format&fit=crop&q=80,Parle Monaco Biscuits 75g (Family Pack of 6),SNK-0285,Parle,Snacks,Golden,90,76,124,Light crispy salted cracker biscuits.
https://images.unsplash.com/photo-1599490659213-e2b9527bd087?w=500&auto=format&fit=crop&q=80,Parle Monaco Biscuits 300g,SNK-0286,Parle,Snacks,Golden,35,32,232,Light crispy salted cracker biscuits.
https://images.unsplash.com/photo-1613919113640-25732ec5e61f?w=500&auto=format&fit=crop&q=80,Parle Monaco Biscuits 300g (Pack of 2),SNK-0287,Parle,Snacks,Golden,70,61,250,Light crispy salted cracker biscuits.
https://images.unsplash.com/photo-1566478989037-eec170784d0b?w=500&auto=format&fit=crop&q=80,Parle Monaco Biscuits 300g (Pack of 3),SNK-0288,Parle,Snacks,Golden,105,90,379,Light crispy salted cracker biscuits.
https://images.unsplash.com/photo-1621939514649-280e2ee25f60?w=500&auto=format&fit=crop&q=80,Parle Monaco Biscuits 300g (Pack of 4),SNK-0289,Parle,Snacks,Golden,140,118,124,Light crispy salted cracker biscuits.
https://images.unsplash.com/photo-1600271886742-f049cd451bba?w=500&auto=format&fit=crop&q=80,Parle Monaco Biscuits 300g (Family Pack of 6),SNK-0290,Parle,Snacks,Golden,210,173,253,Light crispy salted cracker biscuits.
https://images.unsplash.com/photo-1558961363-fa8fdf82db35?w=500&auto=format&fit=crop&q=80,Parle Krackjack Biscuits 150g,SNK-0291,Parle,Snacks,Golden,30,27,180,Sweet & salty cracker cookies.
https://images.unsplash.com/photo-1578849278619-e73505e9610f?w=500&auto=format&fit=crop&q=80,Parle Krackjack Biscuits 150g (Pack of 2),SNK-0292,Parle,Snacks,Golden,60,51,140,Sweet & salty cracker cookies.
https://images.unsplash.com/photo-1599490659213-e2b9527bd087?w=500&auto=format&fit=crop&q=80,Parle Krackjack Biscuits 150g (Pack of 3),SNK-0293,Parle,Snacks,Golden,90,76,440,Sweet & salty cracker cookies.
https://images.unsplash.com/photo-1613919113640-25732ec5e61f?w=500&auto=format&fit=crop&q=80,Parle Krackjack Biscuits 150g (Pack of 4),SNK-0294,Parle,Snacks,Golden,120,100,266,Sweet & salty cracker cookies.
https://images.unsplash.com/photo-1566478989037-eec170784d0b?w=500&auto=format&fit=crop&q=80,Parle Krackjack Biscuits 150g (Family Pack of 6),SNK-0295,Parle,Snacks,Golden,180,146,324,Sweet & salty cracker cookies.
https://images.unsplash.com/photo-1621939514649-280e2ee25f60?w=500&auto=format&fit=crop&q=80,Parle Krackjack Biscuits 600g,SNK-0296,Parle,Snacks,Golden,60,55,416,Sweet & salty cracker cookies.
https://images.unsplash.com/photo-1600271886742-f049cd451bba?w=500&auto=format&fit=crop&q=80,Parle Krackjack Biscuits 600g (Pack of 2),SNK-0297,Parle,Snacks,Golden,120,104,127,Sweet & salty cracker cookies.
https://images.unsplash.com/photo-1558961363-fa8fdf82db35?w=500&auto=format&fit=crop&q=80,Parle Krackjack Biscuits 600g (Pack of 3),SNK-0298,Parle,Snacks,Golden,180,154,121,Sweet & salty cracker cookies.
https://images.unsplash.com/photo-1578849278619-e73505e9610f?w=500&auto=format&fit=crop&q=80,Parle Krackjack Biscuits 600g (Pack of 4),SNK-0299,Parle,Snacks,Golden,240,204,219,Sweet & salty cracker cookies.
https://images.unsplash.com/photo-1599490659213-e2b9527bd087?w=500&auto=format&fit=crop&q=80,Parle Krackjack Biscuits 600g (Family Pack of 6),SNK-0300,Parle,Snacks,Golden,360,297,222,Sweet & salty cracker cookies.
https://images.unsplash.com/photo-1613919113640-25732ec5e61f?w=500&auto=format&fit=crop&q=80,Parle Happy Happy Choco Chip Cookies 300g,SNK-0301,Parle,Snacks,Brown,120,108,213,Soft baked choco chip cookies.
https://images.unsplash.com/photo-1566478989037-eec170784d0b?w=500&auto=format&fit=crop&q=80,Parle Happy Happy Choco Chip Cookies 300g (Pack of 2),SNK-0302,Parle,Snacks,Brown,240,205,416,Soft baked choco chip cookies.
https://images.unsplash.com/photo-1621939514649-280e2ee25f60?w=500&auto=format&fit=crop&q=80,Parle Happy Happy Choco Chip Cookies 300g (Pack of 3),SNK-0303,Parle,Snacks,Brown,360,302,398,Soft baked choco chip cookies.
https://images.unsplash.com/photo-1600271886742-f049cd451bba?w=500&auto=format&fit=crop&q=80,Parle Happy Happy Choco Chip Cookies 300g (Pack of 4),SNK-0304,Parle,Snacks,Brown,480,400,152,Soft baked choco chip cookies.
https://images.unsplash.com/photo-1558961363-fa8fdf82db35?w=500&auto=format&fit=crop&q=80,Parle Happy Happy Choco Chip Cookies 300g (Family Pack of 6),SNK-0305,Parle,Snacks,Brown,720,583,205,Soft baked choco chip cookies.
https://images.unsplash.com/photo-1578849278619-e73505e9610f?w=500&auto=format&fit=crop&q=80,Britannia Good Day Cashew Biscuits 200g,SNK-0306,Britannia,Snacks,Blue,55,49,231,Rich butter cookies loaded with real cashew nuts.
https://images.unsplash.com/photo-1599490659213-e2b9527bd087?w=500&auto=format&fit=crop&q=80,Britannia Good Day Cashew Biscuits 200g (Pack of 2),SNK-0307,Britannia,Snacks,Blue,110,93,367,Rich butter cookies loaded with real cashew nuts.
https://images.unsplash.com/photo-1613919113640-25732ec5e61f?w=500&auto=format&fit=crop&q=80,Britannia Good Day Cashew Biscuits 200g (Pack of 3),SNK-0308,Britannia,Snacks,Blue,165,137,136,Rich butter cookies loaded with real cashew nuts.
https://images.unsplash.com/photo-1566478989037-eec170784d0b?w=500&auto=format&fit=crop&q=80,Britannia Good Day Cashew Biscuits 200g (Pack of 4),SNK-0309,Britannia,Snacks,Blue,220,181,157,Rich butter cookies loaded with real cashew nuts.
https://images.unsplash.com/photo-1621939514649-280e2ee25f60?w=500&auto=format&fit=crop&q=80,Britannia Good Day Cashew Biscuits 200g (Family Pack of 6),SNK-0310,Britannia,Snacks,Blue,330,265,250,Rich butter cookies loaded with real cashew nuts.
https://images.unsplash.com/photo-1600271886742-f049cd451bba?w=500&auto=format&fit=crop&q=80,Britannia Good Day Cashew Biscuits 600g,SNK-0311,Britannia,Snacks,Blue,160,145,285,Rich butter cookies loaded with real cashew nuts.
https://images.unsplash.com/photo-1558961363-fa8fdf82db35?w=500&auto=format&fit=crop&q=80,Britannia Good Day Cashew Biscuits 600g (Pack of 2),SNK-0312,Britannia,Snacks,Blue,320,276,242,Rich butter cookies loaded with real cashew nuts.
https://images.unsplash.com/photo-1578849278619-e73505e9610f?w=500&auto=format&fit=crop&q=80,Britannia Good Day Cashew Biscuits 600g (Pack of 3),SNK-0313,Britannia,Snacks,Blue,480,406,171,Rich butter cookies loaded with real cashew nuts.
https://images.unsplash.com/photo-1599490659213-e2b9527bd087?w=500&auto=format&fit=crop&q=80,Britannia Good Day Cashew Biscuits 600g (Pack of 4),SNK-0314,Britannia,Snacks,Blue,640,536,228,Rich butter cookies loaded with real cashew nuts.
https://images.unsplash.com/photo-1613919113640-25732ec5e61f?w=500&auto=format&fit=crop&q=80,Britannia Good Day Cashew Biscuits 600g (Family Pack of 6),SNK-0315,Britannia,Snacks,Blue,960,783,400,Rich butter cookies loaded with real cashew nuts.
https://images.unsplash.com/photo-1550583724-b2692b85b150?w=500&auto=format&fit=crop&q=80,Amul Taaza Toned Milk 500ml Pouch,DRY-0001,Amul,Dairy Products,White,28,28,283,Pasteurized toned fresh milk rich in calcium & vitamins.
https://images.unsplash.com/photo-1589985270826-4b7bb135bc9d?w=500&auto=format&fit=crop&q=80,Amul Taaza Toned Milk 500ml Pouch (Pack of 2),DRY-0002,Amul,Dairy Products,White,56,53,284,Pasteurized toned fresh milk rich in calcium & vitamins.
https://images.unsplash.com/photo-1486297678162-eb2a19b0a32d?w=500&auto=format&fit=crop&q=80,Amul Taaza Toned Milk 500ml Pouch (Pack of 3),DRY-0003,Amul,Dairy Products,White,84,78,190,Pasteurized toned fresh milk rich in calcium & vitamins.
https://images.unsplash.com/photo-1563636619-e9143da7973b?w=500&auto=format&fit=crop&q=80,Amul Taaza Toned Milk 500ml Pouch (Pack of 4),DRY-0004,Amul,Dairy Products,White,112,104,244,Pasteurized toned fresh milk rich in calcium & vitamins.
https://images.unsplash.com/photo-1628088062854-d1870b4553da?w=500&auto=format&fit=crop&q=80,Amul Taaza Toned Milk 500ml Pouch (Family Pack of 6),DRY-0005,Amul,Dairy Products,White,168,151,108,Pasteurized toned fresh milk rich in calcium & vitamins.
https://images.unsplash.com/photo-1573246123716-6b1782bfc499?w=500&auto=format&fit=crop&q=80,Amul Taaza Toned Milk 1L Pouch,DRY-0006,Amul,Dairy Products,White,54,54,82,Pasteurized toned fresh milk rich in calcium & vitamins.
https://images.unsplash.com/photo-1550583724-b2692b85b150?w=500&auto=format&fit=crop&q=80,Amul Taaza Toned Milk 1L Pouch (Pack of 2),DRY-0007,Amul,Dairy Products,White,108,103,121,Pasteurized toned fresh milk rich in calcium & vitamins.
https://images.unsplash.com/photo-1589985270826-4b7bb135bc9d?w=500&auto=format&fit=crop&q=80,Amul Taaza Toned Milk 1L Pouch (Pack of 3),DRY-0008,Amul,Dairy Products,White,162,151,245,Pasteurized toned fresh milk rich in calcium & vitamins.
https://images.unsplash.com/photo-1486297678162-eb2a19b0a32d?w=500&auto=format&fit=crop&q=80,Amul Taaza Toned Milk 1L Pouch (Pack of 4),DRY-0009,Amul,Dairy Products,White,216,200,243,Pasteurized toned fresh milk rich in calcium & vitamins.
https://images.unsplash.com/photo-1563636619-e9143da7973b?w=500&auto=format&fit=crop&q=80,Amul Taaza Toned Milk 1L Pouch (Family Pack of 6),DRY-0010,Amul,Dairy Products,White,324,292,201,Pasteurized toned fresh milk rich in calcium & vitamins.
https://images.unsplash.com/photo-1628088062854-d1870b4553da?w=500&auto=format&fit=crop&q=80,Amul Taaza Toned Milk 1L Tetra,DRY-0011,Amul,Dairy Products,White,58,54,169,Pasteurized toned fresh milk rich in calcium & vitamins.
https://images.unsplash.com/photo-1573246123716-6b1782bfc499?w=500&auto=format&fit=crop&q=80,Amul Taaza Toned Milk 1L Tetra (Pack of 2),DRY-0012,Amul,Dairy Products,White,116,103,244,Pasteurized toned fresh milk rich in calcium & vitamins.
https://images.unsplash.com/photo-1550583724-b2692b85b150?w=500&auto=format&fit=crop&q=80,Amul Taaza Toned Milk 1L Tetra (Pack of 3),DRY-0013,Amul,Dairy Products,White,174,151,205,Pasteurized toned fresh milk rich in calcium & vitamins.
https://images.unsplash.com/photo-1589985270826-4b7bb135bc9d?w=500&auto=format&fit=crop&q=80,Amul Taaza Toned Milk 1L Tetra (Pack of 4),DRY-0014,Amul,Dairy Products,White,232,200,144,Pasteurized toned fresh milk rich in calcium & vitamins.
https://images.unsplash.com/photo-1486297678162-eb2a19b0a32d?w=500&auto=format&fit=crop&q=80,Amul Taaza Toned Milk 1L Tetra (Family Pack of 6),DRY-0015,Amul,Dairy Products,White,348,292,129,Pasteurized toned fresh milk rich in calcium & vitamins.
https://images.unsplash.com/photo-1563636619-e9143da7973b?w=500&auto=format&fit=crop&q=80,Amul Gold Full Cream Milk 500ml Pouch,DRY-0016,Amul,Dairy Products,White,34,34,100,Rich 4.5% fat full cream standardized milk.
https://images.unsplash.com/photo-1628088062854-d1870b4553da?w=500&auto=format&fit=crop&q=80,Amul Gold Full Cream Milk 500ml Pouch (Pack of 2),DRY-0017,Amul,Dairy Products,White,68,65,66,Rich 4.5% fat full cream standardized milk.
https://images.unsplash.com/photo-1573246123716-6b1782bfc499?w=500&auto=format&fit=crop&q=80,Amul Gold Full Cream Milk 500ml Pouch (Pack of 3),DRY-0018,Amul,Dairy Products,White,102,95,280,Rich 4.5% fat full cream standardized milk.
https://images.unsplash.com/photo-1550583724-b2692b85b150?w=500&auto=format&fit=crop&q=80,Amul Gold Full Cream Milk 500ml Pouch (Pack of 4),DRY-0019,Amul,Dairy Products,White,136,126,135,Rich 4.5% fat full cream standardized milk.
https://images.unsplash.com/photo-1589985270826-4b7bb135bc9d?w=500&auto=format&fit=crop&q=80,Amul Gold Full Cream Milk 500ml Pouch (Family Pack of 6),DRY-0020,Amul,Dairy Products,White,204,184,64,Rich 4.5% fat full cream standardized milk.
https://images.unsplash.com/photo-1486297678162-eb2a19b0a32d?w=500&auto=format&fit=crop&q=80,Amul Gold Full Cream Milk 1L Pouch,DRY-0021,Amul,Dairy Products,White,66,66,99,Rich 4.5% fat full cream standardized milk.
https://images.unsplash.com/photo-1563636619-e9143da7973b?w=500&auto=format&fit=crop&q=80,Amul Gold Full Cream Milk 1L Pouch (Pack of 2),DRY-0022,Amul,Dairy Products,White,132,125,242,Rich 4.5% fat full cream standardized milk.
https://images.unsplash.com/photo-1628088062854-d1870b4553da?w=500&auto=format&fit=crop&q=80,Amul Gold Full Cream Milk 1L Pouch (Pack of 3),DRY-0023,Amul,Dairy Products,White,198,185,143,Rich 4.5% fat full cream standardized milk.
https://images.unsplash.com/photo-1573246123716-6b1782bfc499?w=500&auto=format&fit=crop&q=80,Amul Gold Full Cream Milk 1L Pouch (Pack of 4),DRY-0024,Amul,Dairy Products,White,264,244,240,Rich 4.5% fat full cream standardized milk.
https://images.unsplash.com/photo-1550583724-b2692b85b150?w=500&auto=format&fit=crop&q=80,Amul Gold Full Cream Milk 1L Pouch (Family Pack of 6),DRY-0025,Amul,Dairy Products,White,396,356,122,Rich 4.5% fat full cream standardized milk.
https://images.unsplash.com/photo-1589985270826-4b7bb135bc9d?w=500&auto=format&fit=crop&q=80,Amul Shakti Standardized Milk 500ml Pouch,DRY-0026,Amul,Dairy Products,White,30,30,254,3% fat standardized milk for daily family nutrition.
https://images.unsplash.com/photo-1486297678162-eb2a19b0a32d?w=500&auto=format&fit=crop&q=80,Amul Shakti Standardized Milk 500ml Pouch (Pack of 2),DRY-0027,Amul,Dairy Products,White,60,57,155,3% fat standardized milk for daily family nutrition.
https://images.unsplash.com/photo-1563636619-e9143da7973b?w=500&auto=format&fit=crop&q=80,Amul Shakti Standardized Milk 500ml Pouch (Pack of 3),DRY-0028,Amul,Dairy Products,White,90,84,261,3% fat standardized milk for daily family nutrition.
https://images.unsplash.com/photo-1628088062854-d1870b4553da?w=500&auto=format&fit=crop&q=80,Amul Shakti Standardized Milk 500ml Pouch (Pack of 4),DRY-0029,Amul,Dairy Products,White,120,111,96,3% fat standardized milk for daily family nutrition.
https://images.unsplash.com/photo-1573246123716-6b1782bfc499?w=500&auto=format&fit=crop&q=80,Amul Shakti Standardized Milk 500ml Pouch (Family Pack of 6),DRY-0030,Amul,Dairy Products,White,180,162,95,3% fat standardized milk for daily family nutrition.
https://images.unsplash.com/photo-1550583724-b2692b85b150?w=500&auto=format&fit=crop&q=80,Amul Shakti Standardized Milk 1L Pouch,DRY-0031,Amul,Dairy Products,White,58,58,205,3% fat standardized milk for daily family nutrition.
https://images.unsplash.com/photo-1589985270826-4b7bb135bc9d?w=500&auto=format&fit=crop&q=80,Amul Shakti Standardized Milk 1L Pouch (Pack of 2),DRY-0032,Amul,Dairy Products,White,116,110,85,3% fat standardized milk for daily family nutrition.
https://images.unsplash.com/photo-1486297678162-eb2a19b0a32d?w=500&auto=format&fit=crop&q=80,Amul Shakti Standardized Milk 1L Pouch (Pack of 3),DRY-0033,Amul,Dairy Products,White,174,162,88,3% fat standardized milk for daily family nutrition.
https://images.unsplash.com/photo-1563636619-e9143da7973b?w=500&auto=format&fit=crop&q=80,Amul Shakti Standardized Milk 1L Pouch (Pack of 4),DRY-0034,Amul,Dairy Products,White,232,215,162,3% fat standardized milk for daily family nutrition.
https://images.unsplash.com/photo-1628088062854-d1870b4553da?w=500&auto=format&fit=crop&q=80,Amul Shakti Standardized Milk 1L Pouch (Family Pack of 6),DRY-0035,Amul,Dairy Products,White,348,313,249,3% fat standardized milk for daily family nutrition.
https://images.unsplash.com/photo-1573246123716-6b1782bfc499?w=500&auto=format&fit=crop&q=80,Amul Slim N Trim Skimmed Milk 500ml Pouch,DRY-0036,Amul,Dairy Products,White,28,28,73,Fat free skimmed milk for weight conscious.
https://images.unsplash.com/photo-1550583724-b2692b85b150?w=500&auto=format&fit=crop&q=80,Amul Slim N Trim Skimmed Milk 500ml Pouch (Pack of 2),DRY-0037,Amul,Dairy Products,White,56,53,149,Fat free skimmed milk for weight conscious.
https://images.unsplash.com/photo-1589985270826-4b7bb135bc9d?w=500&auto=format&fit=crop&q=80,Amul Slim N Trim Skimmed Milk 500ml Pouch (Pack of 3),DRY-0038,Amul,Dairy Products,White,84,78,290,Fat free skimmed milk for weight conscious.
https://images.unsplash.com/photo-1486297678162-eb2a19b0a32d?w=500&auto=format&fit=crop&q=80,Amul Slim N Trim Skimmed Milk 500ml Pouch (Pack of 4),DRY-0039,Amul,Dairy Products,White,112,104,172,Fat free skimmed milk for weight conscious.
https://images.unsplash.com/photo-1563636619-e9143da7973b?w=500&auto=format&fit=crop&q=80,Amul Slim N Trim Skimmed Milk 500ml Pouch (Family Pack of 6),DRY-0040,Amul,Dairy Products,White,168,151,147,Fat free skimmed milk for weight conscious.
https://images.unsplash.com/photo-1628088062854-d1870b4553da?w=500&auto=format&fit=crop&q=80,Amul Slim N Trim Skimmed Milk 1L Tetra,DRY-0041,Amul,Dairy Products,White,60,55,199,Fat free skimmed milk for weight conscious.
https://images.unsplash.com/photo-1573246123716-6b1782bfc499?w=500&auto=format&fit=crop&q=80,Amul Slim N Trim Skimmed Milk 1L Tetra (Pack of 2),DRY-0042,Amul,Dairy Products,White,120,104,272,Fat free skimmed milk for weight conscious.
https://images.unsplash.com/photo-1550583724-b2692b85b150?w=500&auto=format&fit=crop&q=80,Amul Slim N Trim Skimmed Milk 1L Tetra (Pack of 3),DRY-0043,Amul,Dairy Products,White,180,154,196,Fat free skimmed milk for weight conscious.
https://images.unsplash.com/photo-1589985270826-4b7bb135bc9d?w=500&auto=format&fit=crop&q=80,Amul Slim N Trim Skimmed Milk 1L Tetra (Pack of 4),DRY-0044,Amul,Dairy Products,White,240,204,143,Fat free skimmed milk for weight conscious.
https://images.unsplash.com/photo-1486297678162-eb2a19b0a32d?w=500&auto=format&fit=crop&q=80,Amul Slim N Trim Skimmed Milk 1L Tetra (Family Pack of 6),DRY-0045,Amul,Dairy Products,White,360,297,166,Fat free skimmed milk for weight conscious.
https://images.unsplash.com/photo-1563636619-e9143da7973b?w=500&auto=format&fit=crop&q=80,Amul Buffalo Milk 500ml Pouch,DRY-0046,Amul,Dairy Products,White,36,36,85,Rich creamy 6% fat pasteurized buffalo milk.
https://images.unsplash.com/photo-1628088062854-d1870b4553da?w=500&auto=format&fit=crop&q=80,Amul Buffalo Milk 500ml Pouch (Pack of 2),DRY-0047,Amul,Dairy Products,White,72,68,186,Rich creamy 6% fat pasteurized buffalo milk.
https://images.unsplash.com/photo-1573246123716-6b1782bfc499?w=500&auto=format&fit=crop&q=80,Amul Buffalo Milk 500ml Pouch (Pack of 3),DRY-0048,Amul,Dairy Products,White,108,101,163,Rich creamy 6% fat pasteurized buffalo milk.
https://images.unsplash.com/photo-1550583724-b2692b85b150?w=500&auto=format&fit=crop&q=80,Amul Buffalo Milk 500ml Pouch (Pack of 4),DRY-0049,Amul,Dairy Products,White,144,133,89,Rich creamy 6% fat pasteurized buffalo milk.
https://images.unsplash.com/photo-1589985270826-4b7bb135bc9d?w=500&auto=format&fit=crop&q=80,Amul Buffalo Milk 500ml Pouch (Family Pack of 6),DRY-0050,Amul,Dairy Products,White,216,194,245,Rich creamy 6% fat pasteurized buffalo milk.
https://images.unsplash.com/photo-1486297678162-eb2a19b0a32d?w=500&auto=format&fit=crop&q=80,Amul Buffalo Milk 1L Pouch,DRY-0051,Amul,Dairy Products,White,70,70,182,Rich creamy 6% fat pasteurized buffalo milk.
https://images.unsplash.com/photo-1563636619-e9143da7973b?w=500&auto=format&fit=crop&q=80,Amul Buffalo Milk 1L Pouch (Pack of 2),DRY-0052,Amul,Dairy Products,White,140,133,189,Rich creamy 6% fat pasteurized buffalo milk.
https://images.unsplash.com/photo-1628088062854-d1870b4553da?w=500&auto=format&fit=crop&q=80,Amul Buffalo Milk 1L Pouch (Pack of 3),DRY-0053,Amul,Dairy Products,White,210,196,196,Rich creamy 6% fat pasteurized buffalo milk.
https://images.unsplash.com/photo-1573246123716-6b1782bfc499?w=500&auto=format&fit=crop&q=80,Amul Buffalo Milk 1L Pouch (Pack of 4),DRY-0054,Amul,Dairy Products,White,280,259,278,Rich creamy 6% fat pasteurized buffalo milk.
https://images.unsplash.com/photo-1550583724-b2692b85b150?w=500&auto=format&fit=crop&q=80,Amul Buffalo Milk 1L Pouch (Family Pack of 6),DRY-0055,Amul,Dairy Products,White,420,378,213,Rich creamy 6% fat pasteurized buffalo milk.
https://images.unsplash.com/photo-1589985270826-4b7bb135bc9d?w=500&auto=format&fit=crop&q=80,Mother Dairy Toned Milk 500ml Pouch,DRY-0056,Mother Dairy,Dairy Products,White,27,27,84,Fresh pasteurized toned cow mix milk.
https://images.unsplash.com/photo-1486297678162-eb2a19b0a32d?w=500&auto=format&fit=crop&q=80,Mother Dairy Toned Milk 500ml Pouch (Pack of 2),DRY-0057,Mother Dairy,Dairy Products,White,54,51,255,Fresh pasteurized toned cow mix milk.
https://images.unsplash.com/photo-1563636619-e9143da7973b?w=500&auto=format&fit=crop&q=80,Mother Dairy Toned Milk 500ml Pouch (Pack of 3),DRY-0058,Mother Dairy,Dairy Products,White,81,76,287,Fresh pasteurized toned cow mix milk.
https://images.unsplash.com/photo-1628088062854-d1870b4553da?w=500&auto=format&fit=crop&q=80,Mother Dairy Toned Milk 500ml Pouch (Pack of 4),DRY-0059,Mother Dairy,Dairy Products,White,108,100,107,Fresh pasteurized toned cow mix milk.
https://images.unsplash.com/photo-1573246123716-6b1782bfc499?w=500&auto=format&fit=crop&q=80,Mother Dairy Toned Milk 500ml Pouch (Family Pack of 6),DRY-0060,Mother Dairy,Dairy Products,White,162,146,80,Fresh pasteurized toned cow mix milk.
https://images.unsplash.com/photo-1550583724-b2692b85b150?w=500&auto=format&fit=crop&q=80,Mother Dairy Toned Milk 1L Pouch,DRY-0061,Mother Dairy,Dairy Products,White,53,53,135,Fresh pasteurized toned cow mix milk.
https://images.unsplash.com/photo-1589985270826-4b7bb135bc9d?w=500&auto=format&fit=crop&q=80,Mother Dairy Toned Milk 1L Pouch (Pack of 2),DRY-0062,Mother Dairy,Dairy Products,White,106,101,208,Fresh pasteurized toned cow mix milk.
https://images.unsplash.com/photo-1486297678162-eb2a19b0a32d?w=500&auto=format&fit=crop&q=80,Mother Dairy Toned Milk 1L Pouch (Pack of 3),DRY-0063,Mother Dairy,Dairy Products,White,159,148,70,Fresh pasteurized toned cow mix milk.
https://images.unsplash.com/photo-1563636619-e9143da7973b?w=500&auto=format&fit=crop&q=80,Mother Dairy Toned Milk 1L Pouch (Pack of 4),DRY-0064,Mother Dairy,Dairy Products,White,212,196,93,Fresh pasteurized toned cow mix milk.
https://images.unsplash.com/photo-1628088062854-d1870b4553da?w=500&auto=format&fit=crop&q=80,Mother Dairy Toned Milk 1L Pouch (Family Pack of 6),DRY-0065,Mother Dairy,Dairy Products,White,318,286,150,Fresh pasteurized toned cow mix milk.
https://images.unsplash.com/photo-1573246123716-6b1782bfc499?w=500&auto=format&fit=crop&q=80,Mother Dairy Full Cream Milk 500ml Pouch,DRY-0066,Mother Dairy,Dairy Products,White,33,33,132,Thick creamy full cream milk.
https://images.unsplash.com/photo-1550583724-b2692b85b150?w=500&auto=format&fit=crop&q=80,Mother Dairy Full Cream Milk 500ml Pouch (Pack of 2),DRY-0067,Mother Dairy,Dairy Products,White,66,63,224,Thick creamy full cream milk.
https://images.unsplash.com/photo-1589985270826-4b7bb135bc9d?w=500&auto=format&fit=crop&q=80,Mother Dairy Full Cream Milk 500ml Pouch (Pack of 3),DRY-0068,Mother Dairy,Dairy Products,White,99,92,231,Thick creamy full cream milk.
https://images.unsplash.com/photo-1486297678162-eb2a19b0a32d?w=500&auto=format&fit=crop&q=80,Mother Dairy Full Cream Milk 500ml Pouch (Pack of 4),DRY-0069,Mother Dairy,Dairy Products,White,132,122,119,Thick creamy full cream milk.
https://images.unsplash.com/photo-1563636619-e9143da7973b?w=500&auto=format&fit=crop&q=80,Mother Dairy Full Cream Milk 500ml Pouch (Family Pack of 6),DRY-0070,Mother Dairy,Dairy Products,White,198,178,232,Thick creamy full cream milk.
https://images.unsplash.com/photo-1628088062854-d1870b4553da?w=500&auto=format&fit=crop&q=80,Mother Dairy Full Cream Milk 1L Pouch,DRY-0071,Mother Dairy,Dairy Products,White,65,65,256,Thick creamy full cream milk.
https://images.unsplash.com/photo-1573246123716-6b1782bfc499?w=500&auto=format&fit=crop&q=80,Mother Dairy Full Cream Milk 1L Pouch (Pack of 2),DRY-0072,Mother Dairy,Dairy Products,White,130,124,177,Thick creamy full cream milk.
https://images.unsplash.com/photo-1550583724-b2692b85b150?w=500&auto=format&fit=crop&q=80,Mother Dairy Full Cream Milk 1L Pouch (Pack of 3),DRY-0073,Mother Dairy,Dairy Products,White,195,182,80,Thick creamy full cream milk.
https://images.unsplash.com/photo-1589985270826-4b7bb135bc9d?w=500&auto=format&fit=crop&q=80,Mother Dairy Full Cream Milk 1L Pouch (Pack of 4),DRY-0074,Mother Dairy,Dairy Products,White,260,240,109,Thick creamy full cream milk.
https://images.unsplash.com/photo-1486297678162-eb2a19b0a32d?w=500&auto=format&fit=crop&q=80,Mother Dairy Full Cream Milk 1L Pouch (Family Pack of 6),DRY-0075,Mother Dairy,Dairy Products,White,390,351,231,Thick creamy full cream milk.
https://images.unsplash.com/photo-1563636619-e9143da7973b?w=500&auto=format&fit=crop&q=80,Mother Dairy Cow Milk 500ml,DRY-0076,Mother Dairy,Dairy Products,White,28,28,240,Nutritious fresh cow milk easy to digest.
https://images.unsplash.com/photo-1628088062854-d1870b4553da?w=500&auto=format&fit=crop&q=80,Mother Dairy Cow Milk 500ml (Pack of 2),DRY-0077,Mother Dairy,Dairy Products,White,56,53,211,Nutritious fresh cow milk easy to digest.
https://images.unsplash.com/photo-1573246123716-6b1782bfc499?w=500&auto=format&fit=crop&q=80,Mother Dairy Cow Milk 500ml (Pack of 3),DRY-0078,Mother Dairy,Dairy Products,White,84,78,237,Nutritious fresh cow milk easy to digest.
https://images.unsplash.com/photo-1550583724-b2692b85b150?w=500&auto=format&fit=crop&q=80,Mother Dairy Cow Milk 500ml (Pack of 4),DRY-0079,Mother Dairy,Dairy Products,White,112,104,160,Nutritious fresh cow milk easy to digest.
https://images.unsplash.com/photo-1589985270826-4b7bb135bc9d?w=500&auto=format&fit=crop&q=80,Mother Dairy Cow Milk 500ml (Family Pack of 6),DRY-0080,Mother Dairy,Dairy Products,White,168,151,245,Nutritious fresh cow milk easy to digest.
https://images.unsplash.com/photo-1486297678162-eb2a19b0a32d?w=500&auto=format&fit=crop&q=80,Mother Dairy Double Toned Milk 500ml Pouch,DRY-0081,Mother Dairy,Dairy Products,White,26,26,149,Low fat double toned fresh milk.
https://images.unsplash.com/photo-1563636619-e9143da7973b?w=500&auto=format&fit=crop&q=80,Mother Dairy Double Toned Milk 500ml Pouch (Pack of 2),DRY-0082,Mother Dairy,Dairy Products,White,52,49,77,Low fat double toned fresh milk.
https://images.unsplash.com/photo-1628088062854-d1870b4553da?w=500&auto=format&fit=crop&q=80,Mother Dairy Double Toned Milk 500ml Pouch (Pack of 3),DRY-0083,Mother Dairy,Dairy Products,White,78,73,117,Low fat double toned fresh milk.
https://images.unsplash.com/photo-1573246123716-6b1782bfc499?w=500&auto=format&fit=crop&q=80,Mother Dairy Double Toned Milk 500ml Pouch (Pack of 4),DRY-0084,Mother Dairy,Dairy Products,White,104,96,145,Low fat double toned fresh milk.
https://images.unsplash.com/photo-1550583724-b2692b85b150?w=500&auto=format&fit=crop&q=80,Mother Dairy Double Toned Milk 500ml Pouch (Family Pack of 6),DRY-0085,Mother Dairy,Dairy Products,White,156,140,116,Low fat double toned fresh milk.
https://images.unsplash.com/photo-1589985270826-4b7bb135bc9d?w=500&auto=format&fit=crop&q=80,Amul Butter Pasteurised 100g,DRY-0086,Amul,Dairy Products,Yellow,60,57,292,Iconic salted butter made from fresh cow & buffalo milk.
https://images.unsplash.com/photo-1486297678162-eb2a19b0a32d?w=500&auto=format&fit=crop&q=80,Amul Butter Pasteurised 100g (Pack of 2),DRY-0087,Amul,Dairy Products,Yellow,120,108,148,Iconic salted butter made from fresh cow & buffalo milk.
https://images.unsplash.com/photo-1563636619-e9143da7973b?w=500&auto=format&fit=crop&q=80,Amul Butter Pasteurised 100g (Pack of 3),DRY-0088,Amul,Dairy Products,Yellow,180,160,116,Iconic salted butter made from fresh cow & buffalo milk.
https://images.unsplash.com/photo-1628088062854-d1870b4553da?w=500&auto=format&fit=crop&q=80,Amul Butter Pasteurised 100g (Pack of 4),DRY-0089,Amul,Dairy Products,Yellow,240,211,222,Iconic salted butter made from fresh cow & buffalo milk.
https://images.unsplash.com/photo-1573246123716-6b1782bfc499?w=500&auto=format&fit=crop&q=80,Amul Butter Pasteurised 100g (Family Pack of 6),DRY-0090,Amul,Dairy Products,Yellow,360,308,89,Iconic salted butter made from fresh cow & buffalo milk.
https://images.unsplash.com/photo-1550583724-b2692b85b150?w=500&auto=format&fit=crop&q=80,Amul Butter Pasteurised 500g,DRY-0091,Amul,Dairy Products,Yellow,275,265,170,Iconic salted butter made from fresh cow & buffalo milk.
https://images.unsplash.com/photo-1589985270826-4b7bb135bc9d?w=500&auto=format&fit=crop&q=80,Amul Butter Pasteurised 500g (Pack of 2),DRY-0092,Amul,Dairy Products,Yellow,550,504,143,Iconic salted butter made from fresh cow & buffalo milk.
https://images.unsplash.com/photo-1486297678162-eb2a19b0a32d?w=500&auto=format&fit=crop&q=80,Amul Butter Pasteurised 500g (Pack of 3),DRY-0093,Amul,Dairy Products,Yellow,825,742,199,Iconic salted butter made from fresh cow & buffalo milk.
https://images.unsplash.com/photo-1563636619-e9143da7973b?w=500&auto=format&fit=crop&q=80,Amul Butter Pasteurised 500g (Pack of 4),DRY-0094,Amul,Dairy Products,Yellow,1100,980,296,Iconic salted butter made from fresh cow & buffalo milk.
https://images.unsplash.com/photo-1628088062854-d1870b4553da?w=500&auto=format&fit=crop&q=80,Amul Butter Pasteurised 500g (Family Pack of 6),DRY-0095,Amul,Dairy Products,Yellow,1650,1431,249,Iconic salted butter made from fresh cow & buffalo milk.
https://images.unsplash.com/photo-1573246123716-6b1782bfc499?w=500&auto=format&fit=crop&q=80,Amul Butter Pasteurised 1kg,DRY-0096,Amul,Dairy Products,Yellow,545,525,235,Iconic salted butter made from fresh cow & buffalo milk.
https://images.unsplash.com/photo-1550583724-b2692b85b150?w=500&auto=format&fit=crop&q=80,Amul Butter Pasteurised 1kg (Pack of 2),DRY-0097,Amul,Dairy Products,Yellow,1090,998,268,Iconic salted butter made from fresh cow & buffalo milk.
https://images.unsplash.com/photo-1589985270826-4b7bb135bc9d?w=500&auto=format&fit=crop&q=80,Amul Butter Pasteurised 1kg (Pack of 3),DRY-0098,Amul,Dairy Products,Yellow,1635,1470,104,Iconic salted butter made from fresh cow & buffalo milk.
https://images.unsplash.com/photo-1486297678162-eb2a19b0a32d?w=500&auto=format&fit=crop&q=80,Amul Butter Pasteurised 1kg (Pack of 4),DRY-0099,Amul,Dairy Products,Yellow,2180,1942,145,Iconic salted butter made from fresh cow & buffalo milk.
https://images.unsplash.com/photo-1563636619-e9143da7973b?w=500&auto=format&fit=crop&q=80,Amul Butter Pasteurised 1kg (Family Pack of 6),DRY-0100,Amul,Dairy Products,Yellow,3270,2835,214,Iconic salted butter made from fresh cow & buffalo milk.
https://images.unsplash.com/photo-1628088062854-d1870b4553da?w=500&auto=format&fit=crop&q=80,Amul Butter Salted Tub 500g,DRY-0101,Amul,Dairy Products,Yellow,280,270,64,Pure spreadable salted butter tub.
https://images.unsplash.com/photo-1573246123716-6b1782bfc499?w=500&auto=format&fit=crop&q=80,Amul Butter Salted Tub 500g (Pack of 2),DRY-0102,Amul,Dairy Products,Yellow,560,513,93,Pure spreadable salted butter tub.
https://images.unsplash.com/photo-1550583724-b2692b85b150?w=500&auto=format&fit=crop&q=80,Amul Butter Salted Tub 500g (Pack of 3),DRY-0103,Amul,Dairy Products,Yellow,840,756,265,Pure spreadable salted butter tub.
https://images.unsplash.com/photo-1589985270826-4b7bb135bc9d?w=500&auto=format&fit=crop&q=80,Amul Butter Salted Tub 500g (Pack of 4),DRY-0104,Amul,Dairy Products,Yellow,1120,999,93,Pure spreadable salted butter tub.
https://images.unsplash.com/photo-1486297678162-eb2a19b0a32d?w=500&auto=format&fit=crop&q=80,Amul Butter Salted Tub 500g (Family Pack of 6),DRY-0105,Amul,Dairy Products,Yellow,1680,1458,89,Pure spreadable salted butter tub.
https://images.unsplash.com/photo-1563636619-e9143da7973b?w=500&auto=format&fit=crop&q=80,Amul Ghee Pure Desi 500ml,DRY-0106,Amul,Dairy Products,Yellow,330,310,98,Rich aromatic granular pure ghee from fresh cream.
https://images.unsplash.com/photo-1628088062854-d1870b4553da?w=500&auto=format&fit=crop&q=80,Amul Ghee Pure Desi 500ml (Pack of 2),DRY-0107,Amul,Dairy Products,Yellow,660,589,166,Rich aromatic granular pure ghee from fresh cream.
https://images.unsplash.com/photo-1573246123716-6b1782bfc499?w=500&auto=format&fit=crop&q=80,Amul Ghee Pure Desi 500ml (Pack of 3),DRY-0108,Amul,Dairy Products,Yellow,990,868,237,Rich aromatic granular pure ghee from fresh cream.
https://images.unsplash.com/photo-1550583724-b2692b85b150?w=500&auto=format&fit=crop&q=80,Amul Ghee Pure Desi 500ml (Pack of 4),DRY-0109,Amul,Dairy Products,Yellow,1320,1147,140,Rich aromatic granular pure ghee from fresh cream.
https://images.unsplash.com/photo-1589985270826-4b7bb135bc9d?w=500&auto=format&fit=crop&q=80,Amul Ghee Pure Desi 500ml (Family Pack of 6),DRY-0110,Amul,Dairy Products,Yellow,1980,1674,99,Rich aromatic granular pure ghee from fresh cream.
https://images.unsplash.com/photo-1486297678162-eb2a19b0a32d?w=500&auto=format&fit=crop&q=80,Amul Ghee Pure Desi 1L,DRY-0111,Amul,Dairy Products,Yellow,650,615,78,Rich aromatic granular pure ghee from fresh cream.
https://images.unsplash.com/photo-1563636619-e9143da7973b?w=500&auto=format&fit=crop&q=80,Amul Ghee Pure Desi 1L (Pack of 2),DRY-0112,Amul,Dairy Products,Yellow,1300,1168,119,Rich aromatic granular pure ghee from fresh cream.
https://images.unsplash.com/photo-1628088062854-d1870b4553da?w=500&auto=format&fit=crop&q=80,Amul Ghee Pure Desi 1L (Pack of 3),DRY-0113,Amul,Dairy Products,Yellow,1950,1722,73,Rich aromatic granular pure ghee from fresh cream.
https://images.unsplash.com/photo-1573246123716-6b1782bfc499?w=500&auto=format&fit=crop&q=80,Amul Ghee Pure Desi 1L (Pack of 4),DRY-0114,Amul,Dairy Products,Yellow,2600,2276,61,Rich aromatic granular pure ghee from fresh cream.
https://images.unsplash.com/photo-1550583724-b2692b85b150?w=500&auto=format&fit=crop&q=80,Amul Ghee Pure Desi 1L (Family Pack of 6),DRY-0115,Amul,Dairy Products,Yellow,3900,3321,126,Rich aromatic granular pure ghee from fresh cream.
https://images.unsplash.com/photo-1589985270826-4b7bb135bc9d?w=500&auto=format&fit=crop&q=80,Amul Butter Unsalted 500g,DRY-0116,Amul,Dairy Products,Yellow,278,268,292,Pure unsalted butter for baking & cooking.
https://images.unsplash.com/photo-1486297678162-eb2a19b0a32d?w=500&auto=format&fit=crop&q=80,Amul Butter Unsalted 500g (Pack of 2),DRY-0117,Amul,Dairy Products,Yellow,556,509,237,Pure unsalted butter for baking & cooking.
https://images.unsplash.com/photo-1563636619-e9143da7973b?w=500&auto=format&fit=crop&q=80,Amul Butter Unsalted 500g (Pack of 3),DRY-0118,Amul,Dairy Products,Yellow,834,750,200,Pure unsalted butter for baking & cooking.
https://images.unsplash.com/photo-1628088062854-d1870b4553da?w=500&auto=format&fit=crop&q=80,Amul Butter Unsalted 500g (Pack of 4),DRY-0119,Amul,Dairy Products,Yellow,1112,992,275,Pure unsalted butter for baking & cooking.
https://images.unsplash.com/photo-1573246123716-6b1782bfc499?w=500&auto=format&fit=crop&q=80,Amul Butter Unsalted 500g (Family Pack of 6),DRY-0120,Amul,Dairy Products,Yellow,1668,1447,171,Pure unsalted butter for baking & cooking.
https://images.unsplash.com/photo-1550583724-b2692b85b150?w=500&auto=format&fit=crop&q=80,Mother Dairy Masti Dahi 400g Cup,DRY-0121,Mother Dairy,Dairy Products,White,45,42,147,Thick & creamy probiotic curd for healthy digestion.
https://images.unsplash.com/photo-1589985270826-4b7bb135bc9d?w=500&auto=format&fit=crop&q=80,Mother Dairy Masti Dahi 400g Cup (Pack of 2),DRY-0122,Mother Dairy,Dairy Products,White,90,80,143,Thick & creamy probiotic curd for healthy digestion.
https://images.unsplash.com/photo-1486297678162-eb2a19b0a32d?w=500&auto=format&fit=crop&q=80,Mother Dairy Masti Dahi 400g Cup (Pack of 3),DRY-0123,Mother Dairy,Dairy Products,White,135,118,292,Thick & creamy probiotic curd for healthy digestion.
https://images.unsplash.com/photo-1563636619-e9143da7973b?w=500&auto=format&fit=crop&q=80,Mother Dairy Masti Dahi 400g Cup (Pack of 4),DRY-0124,Mother Dairy,Dairy Products,White,180,155,140,Thick & creamy probiotic curd for healthy digestion.
https://images.unsplash.com/photo-1628088062854-d1870b4553da?w=500&auto=format&fit=crop&q=80,Mother Dairy Masti Dahi 400g Cup (Family Pack of 6),DRY-0125,Mother Dairy,Dairy Products,White,270,227,149,Thick & creamy probiotic curd for healthy digestion.
https://images.unsplash.com/photo-1573246123716-6b1782bfc499?w=500&auto=format&fit=crop&q=80,Mother Dairy Masti Dahi 1kg,DRY-0126,Mother Dairy,Dairy Products,White,105,98,221,Thick & creamy probiotic curd for healthy digestion.
https://images.unsplash.com/photo-1550583724-b2692b85b150?w=500&auto=format&fit=crop&q=80,Mother Dairy Masti Dahi 1kg (Pack of 2),DRY-0127,Mother Dairy,Dairy Products,White,210,186,78,Thick & creamy probiotic curd for healthy digestion.
https://images.unsplash.com/photo-1589985270826-4b7bb135bc9d?w=500&auto=format&fit=crop&q=80,Mother Dairy Masti Dahi 1kg (Pack of 3),DRY-0128,Mother Dairy,Dairy Products,White,315,274,61,Thick & creamy probiotic curd for healthy digestion.
https://images.unsplash.com/photo-1486297678162-eb2a19b0a32d?w=500&auto=format&fit=crop&q=80,Mother Dairy Masti Dahi 1kg (Pack of 4),DRY-0129,Mother Dairy,Dairy Products,White,420,363,160,Thick & creamy probiotic curd for healthy digestion.
https://images.unsplash.com/photo-1563636619-e9143da7973b?w=500&auto=format&fit=crop&q=80,Mother Dairy Masti Dahi 1kg (Family Pack of 6),DRY-0130,Mother Dairy,Dairy Products,White,630,529,225,Thick & creamy probiotic curd for healthy digestion.
https://images.unsplash.com/photo-1628088062854-d1870b4553da?w=500&auto=format&fit=crop&q=80,Amul Masti Dahi 400g,DRY-0131,Amul,Dairy Products,White,45,42,285,Fresh set creamy dahi cup.
https://images.unsplash.com/photo-1573246123716-6b1782bfc499?w=500&auto=format&fit=crop&q=80,Amul Masti Dahi 400g (Pack of 2),DRY-0132,Amul,Dairy Products,White,90,80,144,Fresh set creamy dahi cup.
https://images.unsplash.com/photo-1550583724-b2692b85b150?w=500&auto=format&fit=crop&q=80,Amul Masti Dahi 400g (Pack of 3),DRY-0133,Amul,Dairy Products,White,135,118,151,Fresh set creamy dahi cup.
https://images.unsplash.com/photo-1589985270826-4b7bb135bc9d?w=500&auto=format&fit=crop&q=80,Amul Masti Dahi 400g (Pack of 4),DRY-0134,Amul,Dairy Products,White,180,155,110,Fresh set creamy dahi cup.
https://images.unsplash.com/photo-1486297678162-eb2a19b0a32d?w=500&auto=format&fit=crop&q=80,Amul Masti Dahi 400g (Family Pack of 6),DRY-0135,Amul,Dairy Products,White,270,227,291,Fresh set creamy dahi cup.
https://images.unsplash.com/photo-1563636619-e9143da7973b?w=500&auto=format&fit=crop&q=80,Amul Dahi Pouch 500g Pouch,DRY-0136,Amul,Dairy Products,White,50,47,278,Traditional set curd in pouch.
https://images.unsplash.com/photo-1628088062854-d1870b4553da?w=500&auto=format&fit=crop&q=80,Amul Dahi Pouch 500g Pouch (Pack of 2),DRY-0137,Amul,Dairy Products,White,100,89,193,Traditional set curd in pouch.
https://images.unsplash.com/photo-1573246123716-6b1782bfc499?w=500&auto=format&fit=crop&q=80,Amul Dahi Pouch 500g Pouch (Pack of 3),DRY-0138,Amul,Dairy Products,White,150,132,210,Traditional set curd in pouch.
https://images.unsplash.com/photo-1550583724-b2692b85b150?w=500&auto=format&fit=crop&q=80,Amul Dahi Pouch 500g Pouch (Pack of 4),DRY-0139,Amul,Dairy Products,White,200,174,216,Traditional set curd in pouch.
https://images.unsplash.com/photo-1589985270826-4b7bb135bc9d?w=500&auto=format&fit=crop&q=80,Amul Dahi Pouch 500g Pouch (Family Pack of 6),DRY-0140,Amul,Dairy Products,White,300,254,299,Traditional set curd in pouch.
https://images.unsplash.com/photo-1486297678162-eb2a19b0a32d?w=500&auto=format&fit=crop&q=80,Nestle a+ Dahi 400g,DRY-0141,Nestle,Dairy Products,White,48,45,185,Creamy set curd made with good milk.
https://images.unsplash.com/photo-1563636619-e9143da7973b?w=500&auto=format&fit=crop&q=80,Nestle a+ Dahi 400g (Pack of 2),DRY-0142,Nestle,Dairy Products,White,96,86,101,Creamy set curd made with good milk.
https://images.unsplash.com/photo-1628088062854-d1870b4553da?w=500&auto=format&fit=crop&q=80,Nestle a+ Dahi 400g (Pack of 3),DRY-0143,Nestle,Dairy Products,White,144,126,241,Creamy set curd made with good milk.
https://images.unsplash.com/photo-1573246123716-6b1782bfc499?w=500&auto=format&fit=crop&q=80,Nestle a+ Dahi 400g (Pack of 4),DRY-0144,Nestle,Dairy Products,White,192,166,95,Creamy set curd made with good milk.
https://images.unsplash.com/photo-1550583724-b2692b85b150?w=500&auto=format&fit=crop&q=80,Nestle a+ Dahi 400g (Family Pack of 6),DRY-0145,Nestle,Dairy Products,White,288,243,179,Creamy set curd made with good milk.
https://images.unsplash.com/photo-1589985270826-4b7bb135bc9d?w=500&auto=format&fit=crop&q=80,Nestle Milkmaid Sweetened Condensed Milk 200g,DRY-0146,Nestle,Dairy Products,Cream,78,73,215,Sweetened condensed milk ideal for making desserts.
https://images.unsplash.com/photo-1486297678162-eb2a19b0a32d?w=500&auto=format&fit=crop&q=80,Nestle Milkmaid Sweetened Condensed Milk 200g (Pack of 2),DRY-0147,Nestle,Dairy Products,Cream,156,139,219,Sweetened condensed milk ideal for making desserts.
https://images.unsplash.com/photo-1563636619-e9143da7973b?w=500&auto=format&fit=crop&q=80,Nestle Milkmaid Sweetened Condensed Milk 200g (Pack of 3),DRY-0148,Nestle,Dairy Products,Cream,234,204,120,Sweetened condensed milk ideal for making desserts.
https://images.unsplash.com/photo-1628088062854-d1870b4553da?w=500&auto=format&fit=crop&q=80,Nestle Milkmaid Sweetened Condensed Milk 200g (Pack of 4),DRY-0149,Nestle,Dairy Products,Cream,312,270,93,Sweetened condensed milk ideal for making desserts.
https://images.unsplash.com/photo-1573246123716-6b1782bfc499?w=500&auto=format&fit=crop&q=80,Nestle Milkmaid Sweetened Condensed Milk 200g (Family Pack of 6),DRY-0150,Nestle,Dairy Products,Cream,468,394,210,Sweetened condensed milk ideal for making desserts.
https://images.unsplash.com/photo-1550583724-b2692b85b150?w=500&auto=format&fit=crop&q=80,Nestle Milkmaid Sweetened Condensed Milk 400g,DRY-0151,Nestle,Dairy Products,Cream,145,138,192,Sweetened condensed milk ideal for making desserts.
https://images.unsplash.com/photo-1589985270826-4b7bb135bc9d?w=500&auto=format&fit=crop&q=80,Nestle Milkmaid Sweetened Condensed Milk 400g (Pack of 2),DRY-0152,Nestle,Dairy Products,Cream,290,262,173,Sweetened condensed milk ideal for making desserts.
https://images.unsplash.com/photo-1486297678162-eb2a19b0a32d?w=500&auto=format&fit=crop&q=80,Nestle Milkmaid Sweetened Condensed Milk 400g (Pack of 3),DRY-0153,Nestle,Dairy Products,Cream,435,386,268,Sweetened condensed milk ideal for making desserts.
https://images.unsplash.com/photo-1563636619-e9143da7973b?w=500&auto=format&fit=crop&q=80,Nestle Milkmaid Sweetened Condensed Milk 400g (Pack of 4),DRY-0154,Nestle,Dairy Products,Cream,580,511,150,Sweetened condensed milk ideal for making desserts.
https://images.unsplash.com/photo-1628088062854-d1870b4553da?w=500&auto=format&fit=crop&q=80,Nestle Milkmaid Sweetened Condensed Milk 400g (Family Pack of 6),DRY-0155,Nestle,Dairy Products,Cream,870,745,78,Sweetened condensed milk ideal for making desserts.
https://images.unsplash.com/photo-1573246123716-6b1782bfc499?w=500&auto=format&fit=crop&q=80,Amul Condensed Milk 400g,DRY-0156,Amul,Dairy Products,Cream,142,135,246,Thick sweetened condensed milk for kheer & desserts.
https://images.unsplash.com/photo-1550583724-b2692b85b150?w=500&auto=format&fit=crop&q=80,Amul Condensed Milk 400g (Pack of 2),DRY-0157,Amul,Dairy Products,Cream,284,256,201,Thick sweetened condensed milk for kheer & desserts.
https://images.unsplash.com/photo-1589985270826-4b7bb135bc9d?w=500&auto=format&fit=crop&q=80,Amul Condensed Milk 400g (Pack of 3),DRY-0158,Amul,Dairy Products,Cream,426,378,156,Thick sweetened condensed milk for kheer & desserts.
https://images.unsplash.com/photo-1486297678162-eb2a19b0a32d?w=500&auto=format&fit=crop&q=80,Amul Condensed Milk 400g (Pack of 4),DRY-0159,Amul,Dairy Products,Cream,568,500,141,Thick sweetened condensed milk for kheer & desserts.
https://images.unsplash.com/photo-1563636619-e9143da7973b?w=500&auto=format&fit=crop&q=80,Amul Condensed Milk 400g (Family Pack of 6),DRY-0160,Amul,Dairy Products,Cream,852,729,196,Thick sweetened condensed milk for kheer & desserts.
https://images.unsplash.com/photo-1628088062854-d1870b4553da?w=500&auto=format&fit=crop&q=80,Amul Processed Cheese Blocks 200g,DRY-0161,Amul,Dairy Products,Yellow,135,128,146,Delicious wholesome cheddar cheese blocks for cooking.
https://images.unsplash.com/photo-1573246123716-6b1782bfc499?w=500&auto=format&fit=crop&q=80,Amul Processed Cheese Blocks 200g (Pack of 2),DRY-0162,Amul,Dairy Products,Yellow,270,243,116,Delicious wholesome cheddar cheese blocks for cooking.
https://images.unsplash.com/photo-1550583724-b2692b85b150?w=500&auto=format&fit=crop&q=80,Amul Processed Cheese Blocks 200g (Pack of 3),DRY-0163,Amul,Dairy Products,Yellow,405,358,142,Delicious wholesome cheddar cheese blocks for cooking.
https://images.unsplash.com/photo-1589985270826-4b7bb135bc9d?w=500&auto=format&fit=crop&q=80,Amul Processed Cheese Blocks 200g (Pack of 4),DRY-0164,Amul,Dairy Products,Yellow,540,474,182,Delicious wholesome cheddar cheese blocks for cooking.
https://images.unsplash.com/photo-1486297678162-eb2a19b0a32d?w=500&auto=format&fit=crop&q=80,Amul Processed Cheese Blocks 200g (Family Pack of 6),DRY-0165,Amul,Dairy Products,Yellow,810,691,260,Delicious wholesome cheddar cheese blocks for cooking.
https://images.unsplash.com/photo-1563636619-e9143da7973b?w=500&auto=format&fit=crop&q=80,Amul Processed Cheese Blocks 1kg,DRY-0166,Amul,Dairy Products,Yellow,595,565,248,Delicious wholesome cheddar cheese blocks for cooking.
https://images.unsplash.com/photo-1628088062854-d1870b4553da?w=500&auto=format&fit=crop&q=80,Amul Processed Cheese Blocks 1kg (Pack of 2),DRY-0167,Amul,Dairy Products,Yellow,1190,1074,288,Delicious wholesome cheddar cheese blocks for cooking.
https://images.unsplash.com/photo-1573246123716-6b1782bfc499?w=500&auto=format&fit=crop&q=80,Amul Processed Cheese Blocks 1kg (Pack of 3),DRY-0168,Amul,Dairy Products,Yellow,1785,1582,248,Delicious wholesome cheddar cheese blocks for cooking.
https://images.unsplash.com/photo-1550583724-b2692b85b150?w=500&auto=format&fit=crop&q=80,Amul Processed Cheese Blocks 1kg (Pack of 4),DRY-0169,Amul,Dairy Products,Yellow,2380,2090,178,Delicious wholesome cheddar cheese blocks for cooking.
https://images.unsplash.com/photo-1589985270826-4b7bb135bc9d?w=500&auto=format&fit=crop&q=80,Amul Processed Cheese Blocks 1kg (Family Pack of 6),DRY-0170,Amul,Dairy Products,Yellow,3570,3051,137,Delicious wholesome cheddar cheese blocks for cooking.
https://images.unsplash.com/photo-1486297678162-eb2a19b0a32d?w=500&auto=format&fit=crop&q=80,Amul Cheese Slices 100g,DRY-0171,Amul,Dairy Products,Yellow,75,70,192,Individually wrapped cheese slices for burgers & toast.
https://images.unsplash.com/photo-1563636619-e9143da7973b?w=500&auto=format&fit=crop&q=80,Amul Cheese Slices 100g (Pack of 2),DRY-0172,Amul,Dairy Products,Yellow,150,133,116,Individually wrapped cheese slices for burgers & toast.
https://images.unsplash.com/photo-1628088062854-d1870b4553da?w=500&auto=format&fit=crop&q=80,Amul Cheese Slices 100g (Pack of 3),DRY-0173,Amul,Dairy Products,Yellow,225,196,211,Individually wrapped cheese slices for burgers & toast.
https://images.unsplash.com/photo-1573246123716-6b1782bfc499?w=500&auto=format&fit=crop&q=80,Amul Cheese Slices 100g (Pack of 4),DRY-0174,Amul,Dairy Products,Yellow,300,259,274,Individually wrapped cheese slices for burgers & toast.
https://images.unsplash.com/photo-1550583724-b2692b85b150?w=500&auto=format&fit=crop&q=80,Amul Cheese Slices 100g (Family Pack of 6),DRY-0175,Amul,Dairy Products,Yellow,450,378,130,Individually wrapped cheese slices for burgers & toast.
https://images.unsplash.com/photo-1589985270826-4b7bb135bc9d?w=500&auto=format&fit=crop&q=80,Amul Cheese Slices 200g,DRY-0176,Amul,Dairy Products,Yellow,140,132,246,Individually wrapped cheese slices for burgers & toast.
https://images.unsplash.com/photo-1486297678162-eb2a19b0a32d?w=500&auto=format&fit=crop&q=80,Amul Cheese Slices 200g (Pack of 2),DRY-0177,Amul,Dairy Products,Yellow,280,251,105,Individually wrapped cheese slices for burgers & toast.
https://images.unsplash.com/photo-1540420773420-3366772f4999?w=500&auto=format&fit=crop&q=80,Farm Fresh Shimla Red Apples 500g,FNV-0001,Farm Fresh,Fruits & Vegetables,Red,95,85,138,Juicy sweet crisp fresh Shimla red apples.
https://images.unsplash.com/photo-1610832958506-aa56368176cf?w=500&auto=format&fit=crop&q=80,Farm Fresh Shimla Red Apples 1kg,FNV-0002,Farm Fresh,Fruits & Vegetables,Red,180,160,268,Juicy sweet crisp fresh Shimla red apples.
https://images.unsplash.com/photo-1518843875459-f738682238a6?w=500&auto=format&fit=crop&q=80,Farm Fresh Imported Royal Gala Apples 500g,FNV-0003,Farm Fresh,Fruits & Vegetables,Red,145,130,236,Premium sweet crunchy royal gala apples.
https://images.unsplash.com/photo-1566385101042-1a0aa0c1268c?w=500&auto=format&fit=crop&q=80,Farm Fresh Imported Royal Gala Apples 1kg,FNV-0004,Farm Fresh,Fruits & Vegetables,Red,275,249,248,Premium sweet crunchy royal gala apples.
https://images.unsplash.com/photo-1490474418585-ba9bad8fd0ea?w=500&auto=format&fit=crop&q=80,Farm Fresh Kashmiri Apples 1kg,FNV-0005,Farm Fresh,Fruits & Vegetables,Red,200,179,98,Crisp juicy kashmiri orchard apples.
https://images.unsplash.com/photo-1568702846914-96b305d2aaeb?w=500&auto=format&fit=crop&q=80,Farm Fresh Green Apples 500g,FNV-0006,Farm Fresh,Fruits & Vegetables,Green,125,112,192,Tangy sweet crisp green apples.
https://images.unsplash.com/photo-1571771894821-ce9b6c11b08e?w=500&auto=format&fit=crop&q=80,Farm Fresh Green Apples 1kg,FNV-0007,Farm Fresh,Fruits & Vegetables,Green,240,215,75,Tangy sweet crisp green apples.
https://images.unsplash.com/photo-1592924357228-91a4daadcfea?w=500&auto=format&fit=crop&q=80,Farm Fresh Robusta Bananas 1 Dozen,FNV-0008,Farm Fresh,Fruits & Vegetables,Yellow,60,50,183,Rich source of potassium & energy naturally ripened bananas.
https://images.unsplash.com/photo-1518977676601-b53f82aba655?w=500&auto=format&fit=crop&q=80,Farm Fresh Elaichi Bananas 500g,FNV-0009,Farm Fresh,Fruits & Vegetables,Yellow,45,40,180,Small sweet cardamom flavoured bananas.
https://images.unsplash.com/photo-1471943311424-646960669fbc?w=500&auto=format&fit=crop&q=80,Farm Fresh Red Bananas 1 Dozen,FNV-0010,Farm Fresh,Fruits & Vegetables,Maroon,90,80,97,Nutty sweet red banana bunch.
https://images.unsplash.com/photo-1542838132-92c53300491e?w=500&auto=format&fit=crop&q=80,Farm Fresh Hybrid Tomatoes 500g,FNV-0011,Farm Fresh,Fruits & Vegetables,Red,22,18,225,Farm fresh firm red tomatoes for cooking & salad.
https://images.unsplash.com/photo-1540420773420-3366772f4999?w=500&auto=format&fit=crop&q=80,Farm Fresh Hybrid Tomatoes 1kg,FNV-0012,Farm Fresh,Fruits & Vegetables,Red,40,32,120,Farm fresh firm red tomatoes for cooking & salad.
https://images.unsplash.com/photo-1610832958506-aa56368176cf?w=500&auto=format&fit=crop&q=80,Farm Fresh Desi Tomatoes 500g,FNV-0013,Farm Fresh,Fruits & Vegetables,Red,25,21,213,Tangy desi tamatar for authentic curries.
https://images.unsplash.com/photo-1518843875459-f738682238a6?w=500&auto=format&fit=crop&q=80,Farm Fresh Desi Tomatoes 1kg,FNV-0014,Farm Fresh,Fruits & Vegetables,Red,45,38,43,Tangy desi tamatar for authentic curries.
https://images.unsplash.com/photo-1566385101042-1a0aa0c1268c?w=500&auto=format&fit=crop&q=80,Farm Fresh Cherry Tomatoes 250g,FNV-0015,Farm Fresh,Fruits & Vegetables,Red,60,54,62,Sweet bite sized cherry tomatoes.
https://images.unsplash.com/photo-1490474418585-ba9bad8fd0ea?w=500&auto=format&fit=crop&q=80,Farm Fresh Red Onions 1kg,FNV-0016,Farm Fresh,Fruits & Vegetables,Purple,35,28,137,Quality kitchen staple red onions with strong flavor.
https://images.unsplash.com/photo-1568702846914-96b305d2aaeb?w=500&auto=format&fit=crop&q=80,Farm Fresh Red Onions 2kg,FNV-0017,Farm Fresh,Fruits & Vegetables,Purple,65,52,259,Quality kitchen staple red onions with strong flavor.
https://images.unsplash.com/photo-1571771894821-ce9b6c11b08e?w=500&auto=format&fit=crop&q=80,Farm Fresh Nashik Onions 1kg,FNV-0018,Farm Fresh,Fruits & Vegetables,Purple,38,30,263,Premium Nashik grown red onions.
https://images.unsplash.com/photo-1592924357228-91a4daadcfea?w=500&auto=format&fit=crop&q=80,Farm Fresh White Onions 1kg,FNV-0019,Farm Fresh,Fruits & Vegetables,White,42,35,199,Mild sweet white onions for gravies.
https://images.unsplash.com/photo-1518977676601-b53f82aba655?w=500&auto=format&fit=crop&q=80,Farm Fresh Garlic 250g,FNV-0020,Farm Fresh,Fruits & Vegetables,Cream,45,39,117,Aromatic fresh garlic bulbs lehsun.
https://images.unsplash.com/photo-1471943311424-646960669fbc?w=500&auto=format&fit=crop&q=80,Farm Fresh Garlic 500g,FNV-0021,Farm Fresh,Fruits & Vegetables,Cream,85,75,55,Aromatic fresh garlic bulbs lehsun.
https://images.unsplash.com/photo-1542838132-92c53300491e?w=500&auto=format&fit=crop&q=80,Farm Fresh Ginger 250g,FNV-0022,Farm Fresh,Fruits & Vegetables,Brown,35,30,300,Fresh spicy ginger root adrak.
https://images.unsplash.com/photo-1540420773420-3366772f4999?w=500&auto=format&fit=crop&q=80,Farm Fresh Ginger 500g,FNV-0023,Farm Fresh,Fruits & Vegetables,Brown,65,58,290,Fresh spicy ginger root adrak.
https://images.unsplash.com/photo-1610832958506-aa56368176cf?w=500&auto=format&fit=crop&q=80,Farm Fresh Potatoes 1kg,FNV-0024,Farm Fresh,Fruits & Vegetables,Brown,30,25,168,Fresh wholesome potatoes suitable for all Indian dishes.
https://images.unsplash.com/photo-1518843875459-f738682238a6?w=500&auto=format&fit=crop&q=80,Farm Fresh Potatoes 2kg,FNV-0025,Farm Fresh,Fruits & Vegetables,Brown,55,46,173,Fresh wholesome potatoes suitable for all Indian dishes.
https://images.unsplash.com/photo-1566385101042-1a0aa0c1268c?w=500&auto=format&fit=crop&q=80,Farm Fresh Sweet Potatoes 500g,FNV-0026,Farm Fresh,Fruits & Vegetables,Orange,45,39,56,Naturally sweet shakarkandi tubers.
https://images.unsplash.com/photo-1490474418585-ba9bad8fd0ea?w=500&auto=format&fit=crop&q=80,Farm Fresh Colocasia Arbi 500g,FNV-0027,Farm Fresh,Fruits & Vegetables,Brown,50,44,244,Fresh arbi for crispy fries & curry.
https://images.unsplash.com/photo-1568702846914-96b305d2aaeb?w=500&auto=format&fit=crop&q=80,Farm Fresh Green Capsicum 500g,FNV-0028,Farm Fresh,Fruits & Vegetables,Green,45,38,104,Crispy green bell peppers rich in vitamin C.
https://images.unsplash.com/photo-1571771894821-ce9b6c11b08e?w=500&auto=format&fit=crop&q=80,Farm Fresh Green Capsicum 1kg,FNV-0029,Farm Fresh,Fruits & Vegetables,Green,85,72,226,Crispy green bell peppers rich in vitamin C.
https://images.unsplash.com/photo-1592924357228-91a4daadcfea?w=500&auto=format&fit=crop&q=80,Farm Fresh Red Capsicum 500g,FNV-0030,Farm Fresh,Fruits & Vegetables,Red,60,52,114,Sweet juicy red bell peppers.
https://images.unsplash.com/photo-1518977676601-b53f82aba655?w=500&auto=format&fit=crop&q=80,Farm Fresh Yellow Capsicum 500g,FNV-0031,Farm Fresh,Fruits & Vegetables,Yellow,60,52,70,Colorful sweet yellow capsicum.
https://images.unsplash.com/photo-1471943311424-646960669fbc?w=500&auto=format&fit=crop&q=80,Farm Fresh Carrots Gajar 500g,FNV-0032,Farm Fresh,Fruits & Vegetables,Orange,28,24,164,Crunchy fresh carrots great for salad & halwa.
https://images.unsplash.com/photo-1542838132-92c53300491e?w=500&auto=format&fit=crop&q=80,Farm Fresh Carrots Gajar 1kg,FNV-0033,Farm Fresh,Fruits & Vegetables,Orange,50,42,141,Crunchy fresh carrots great for salad & halwa.
https://images.unsplash.com/photo-1540420773420-3366772f4999?w=500&auto=format&fit=crop&q=80,Farm Fresh Beetroot 500g,FNV-0034,Farm Fresh,Fruits & Vegetables,Maroon,30,26,108,Iron rich sweet beetroot chukandar.
https://images.unsplash.com/photo-1610832958506-aa56368176cf?w=500&auto=format&fit=crop&q=80,Farm Fresh Cauliflower 500g,FNV-0035,Farm Fresh,Fruits & Vegetables,White,30,25,115,Fresh white phool gobhi florets.
https://images.unsplash.com/photo-1518843875459-f738682238a6?w=500&auto=format&fit=crop&q=80,Farm Fresh Cabbage 500g,FNV-0036,Farm Fresh,Fruits & Vegetables,Green,25,21,223,Firm fresh patta gobhi cabbage.
https://images.unsplash.com/photo-1566385101042-1a0aa0c1268c?w=500&auto=format&fit=crop&q=80,Farm Fresh Green Peas 250g,FNV-0037,Farm Fresh,Fruits & Vegetables,Green,35,30,235,Sweet fresh matar green peas.
https://images.unsplash.com/photo-1490474418585-ba9bad8fd0ea?w=500&auto=format&fit=crop&q=80,Farm Fresh Green Peas 500g,FNV-0038,Farm Fresh,Fruits & Vegetables,Green,65,58,118,Sweet fresh matar green peas.
https://images.unsplash.com/photo-1568702846914-96b305d2aaeb?w=500&auto=format&fit=crop&q=80,Farm Fresh French Beans 500g,FNV-0039,Farm Fresh,Fruits & Vegetables,Green,55,48,298,Tender crisp french beans.
https://images.unsplash.com/photo-1571771894821-ce9b6c11b08e?w=500&auto=format&fit=crop&q=80,Farm Fresh Bhindi Lady Finger 500g,FNV-0040,Farm Fresh,Fruits & Vegetables,Green,45,39,201,Fresh tender okra for bhindi fry.
https://images.unsplash.com/photo-1592924357228-91a4daadcfea?w=500&auto=format&fit=crop&q=80,Farm Fresh Brinjal Bharta 500g,FNV-0041,Farm Fresh,Fruits & Vegetables,Purple,40,34,113,Fresh round bharta brinjals.
https://images.unsplash.com/photo-1518977676601-b53f82aba655?w=500&auto=format&fit=crop&q=80,Farm Fresh Green Brinjal 500g,FNV-0042,Farm Fresh,Fruits & Vegetables,Green,42,36,294,Tender long green brinjals.
https://images.unsplash.com/photo-1471943311424-646960669fbc?w=500&auto=format&fit=crop&q=80,Farm Fresh Bottle Gourd Lauki 500g,FNV-0043,Farm Fresh,Fruits & Vegetables,Green,28,24,87,Fresh lauki for juice & sabzi.
https://images.unsplash.com/photo-1584308666744-24d5c474f2ae?w=500&auto=format&fit=crop&q=80,Dove Cream Beauty Bathing Soap Bar 125g,PCR-0001,Dove,Personal Care,White,90,82,194,Gentle moisturizing bathing bar with 1/4th moisturizing cream.
https://images.unsplash.com/photo-1556228720-195a672e8a03?w=500&auto=format&fit=crop&q=80,Dove Cream Beauty Bathing Soap Bar 125g (Pack of 2),PCR-0002,Dove,Personal Care,White,180,156,322,Gentle moisturizing bathing bar with 1/4th moisturizing cream.
https://images.unsplash.com/photo-1571781926291-c477ebfd024b?w=500&auto=format&fit=crop&q=80,Dove Cream Beauty Bathing Soap Bar 125g (Pack of 3),PCR-0003,Dove,Personal Care,White,270,230,161,Gentle moisturizing bathing bar with 1/4th moisturizing cream.
https://images.unsplash.com/photo-1522337360788-8b13dee7a37e?w=500&auto=format&fit=crop&q=80,Dove Cream Beauty Bathing Soap Bar 125g (Pack of 4),PCR-0004,Dove,Personal Care,White,360,303,139,Gentle moisturizing bathing bar with 1/4th moisturizing cream.
https://images.unsplash.com/photo-1556228578-8c89e6adf883?w=500&auto=format&fit=crop&q=80,Dove Cream Beauty Bathing Soap Bar 125g (Family Pack of 6),PCR-0005,Dove,Personal Care,White,540,443,350,Gentle moisturizing bathing bar with 1/4th moisturizing cream.
https://images.unsplash.com/photo-1526947425960-945c6e72858f?w=500&auto=format&fit=crop&q=80,Dove Cream Beauty Bathing Soap Bar 125g x3 Pack,PCR-0006,Dove,Personal Care,White,210,195,177,Gentle moisturizing bathing bar with 1/4th moisturizing cream.
https://images.unsplash.com/photo-1608248543803-ba4f8c70ae0b?w=500&auto=format&fit=crop&q=80,Dove Cream Beauty Bathing Soap Bar 125g x3 Pack (Pack of 2),PCR-0007,Dove,Personal Care,White,420,370,67,Gentle moisturizing bathing bar with 1/4th moisturizing cream.
https://images.unsplash.com/photo-1585232004423-244e0e6904e3?w=500&auto=format&fit=crop&q=80,Dove Cream Beauty Bathing Soap Bar 125g x3 Pack (Pack of 3),PCR-0008,Dove,Personal Care,White,630,546,78,Gentle moisturizing bathing bar with 1/4th moisturizing cream.
https://images.unsplash.com/photo-1584308666744-24d5c474f2ae?w=500&auto=format&fit=crop&q=80,Dove Cream Beauty Bathing Soap Bar 125g x3 Pack (Pack of 4),PCR-0009,Dove,Personal Care,White,840,722,63,Gentle moisturizing bathing bar with 1/4th moisturizing cream.
https://images.unsplash.com/photo-1556228720-195a672e8a03?w=500&auto=format&fit=crop&q=80,Dove Cream Beauty Bathing Soap Bar 125g x3 Pack (Family Pack of 6),PCR-0010,Dove,Personal Care,White,1260,1053,207,Gentle moisturizing bathing bar with 1/4th moisturizing cream.
https://images.unsplash.com/photo-1571781926291-c477ebfd024b?w=500&auto=format&fit=crop&q=80,Dove Cream Beauty Bathing Soap Bar 125g x4 Pack,PCR-0011,Dove,Personal Care,White,270,250,117,Gentle moisturizing bathing bar with 1/4th moisturizing cream.
https://images.unsplash.com/photo-1522337360788-8b13dee7a37e?w=500&auto=format&fit=crop&q=80,Dove Cream Beauty Bathing Soap Bar 125g x4 Pack (Pack of 2),PCR-0012,Dove,Personal Care,White,540,475,127,Gentle moisturizing bathing bar with 1/4th moisturizing cream.
https://images.unsplash.com/photo-1556228578-8c89e6adf883?w=500&auto=format&fit=crop&q=80,Dove Cream Beauty Bathing Soap Bar 125g x4 Pack (Pack of 3),PCR-0013,Dove,Personal Care,White,810,700,240,Gentle moisturizing bathing bar with 1/4th moisturizing cream.
https://images.unsplash.com/photo-1526947425960-945c6e72858f?w=500&auto=format&fit=crop&q=80,Dove Cream Beauty Bathing Soap Bar 125g x4 Pack (Pack of 4),PCR-0014,Dove,Personal Care,White,1080,925,336,Gentle moisturizing bathing bar with 1/4th moisturizing cream.
https://images.unsplash.com/photo-1608248543803-ba4f8c70ae0b?w=500&auto=format&fit=crop&q=80,Dove Cream Beauty Bathing Soap Bar 125g x4 Pack (Family Pack of 6),PCR-0015,Dove,Personal Care,White,1620,1350,267,Gentle moisturizing bathing bar with 1/4th moisturizing cream.
https://images.unsplash.com/photo-1585232004423-244e0e6904e3?w=500&auto=format&fit=crop&q=80,Dove Deep Moisture Beauty Bar 125g,PCR-0016,Dove,Personal Care,Cream,95,87,73,Extra moisturizing deep nourishing soap bar.
https://images.unsplash.com/photo-1584308666744-24d5c474f2ae?w=500&auto=format&fit=crop&q=80,Dove Deep Moisture Beauty Bar 125g (Pack of 2),PCR-0017,Dove,Personal Care,Cream,190,165,317,Extra moisturizing deep nourishing soap bar.
https://images.unsplash.com/photo-1556228720-195a672e8a03?w=500&auto=format&fit=crop&q=80,Dove Deep Moisture Beauty Bar 125g (Pack of 3),PCR-0018,Dove,Personal Care,Cream,285,244,263,Extra moisturizing deep nourishing soap bar.
https://images.unsplash.com/photo-1571781926291-c477ebfd024b?w=500&auto=format&fit=crop&q=80,Dove Deep Moisture Beauty Bar 125g (Pack of 4),PCR-0019,Dove,Personal Care,Cream,380,322,249,Extra moisturizing deep nourishing soap bar.
https://images.unsplash.com/photo-1522337360788-8b13dee7a37e?w=500&auto=format&fit=crop&q=80,Dove Deep Moisture Beauty Bar 125g (Family Pack of 6),PCR-0020,Dove,Personal Care,Cream,570,470,228,Extra moisturizing deep nourishing soap bar.
https://images.unsplash.com/photo-1556228578-8c89e6adf883?w=500&auto=format&fit=crop&q=80,Dove Deep Moisture Beauty Bar 125g x3 Pack,PCR-0021,Dove,Personal Care,Cream,225,207,296,Extra moisturizing deep nourishing soap bar.
https://images.unsplash.com/photo-1526947425960-945c6e72858f?w=500&auto=format&fit=crop&q=80,Dove Deep Moisture Beauty Bar 125g x3 Pack (Pack of 2),PCR-0022,Dove,Personal Care,Cream,450,393,190,Extra moisturizing deep nourishing soap bar.
https://images.unsplash.com/photo-1608248543803-ba4f8c70ae0b?w=500&auto=format&fit=crop&q=80,Dove Deep Moisture Beauty Bar 125g x3 Pack (Pack of 3),PCR-0023,Dove,Personal Care,Cream,675,580,338,Extra moisturizing deep nourishing soap bar.
https://images.unsplash.com/photo-1585232004423-244e0e6904e3?w=500&auto=format&fit=crop&q=80,Dove Deep Moisture Beauty Bar 125g x3 Pack (Pack of 4),PCR-0024,Dove,Personal Care,Cream,900,766,126,Extra moisturizing deep nourishing soap bar.
https://images.unsplash.com/photo-1584308666744-24d5c474f2ae?w=500&auto=format&fit=crop&q=80,Dove Deep Moisture Beauty Bar 125g x3 Pack (Family Pack of 6),PCR-0025,Dove,Personal Care,Cream,1350,1118,85,Extra moisturizing deep nourishing soap bar.
https://images.unsplash.com/photo-1556228720-195a672e8a03?w=500&auto=format&fit=crop&q=80,Dove Go Fresh Revitalising Soap 125g,PCR-0026,Dove,Personal Care,Blue,95,87,120,Cucumber & green tea refreshing soap bar.
https://images.unsplash.com/photo-1571781926291-c477ebfd024b?w=500&auto=format&fit=crop&q=80,Dove Go Fresh Revitalising Soap 125g (Pack of 2),PCR-0027,Dove,Personal Care,Blue,190,165,117,Cucumber & green tea refreshing soap bar.
https://images.unsplash.com/photo-1522337360788-8b13dee7a37e?w=500&auto=format&fit=crop&q=80,Dove Go Fresh Revitalising Soap 125g (Pack of 3),PCR-0028,Dove,Personal Care,Blue,285,244,308,Cucumber & green tea refreshing soap bar.
https://images.unsplash.com/photo-1556228578-8c89e6adf883?w=500&auto=format&fit=crop&q=80,Dove Go Fresh Revitalising Soap 125g (Pack of 4),PCR-0029,Dove,Personal Care,Blue,380,322,341,Cucumber & green tea refreshing soap bar.
https://images.unsplash.com/photo-1526947425960-945c6e72858f?w=500&auto=format&fit=crop&q=80,Dove Go Fresh Revitalising Soap 125g (Family Pack of 6),PCR-0030,Dove,Personal Care,Blue,570,470,323,Cucumber & green tea refreshing soap bar.
https://images.unsplash.com/photo-1608248543803-ba4f8c70ae0b?w=500&auto=format&fit=crop&q=80,Lux Soft Rose Skin Soap 150g,PCR-0031,Lux,Personal Care,Pink,60,55,227,Fragrant bathing soap infused with French Rose extracts.
https://images.unsplash.com/photo-1585232004423-244e0e6904e3?w=500&auto=format&fit=crop&q=80,Lux Soft Rose Skin Soap 150g (Pack of 2),PCR-0032,Lux,Personal Care,Pink,120,104,174,Fragrant bathing soap infused with French Rose extracts.
https://images.unsplash.com/photo-1584308666744-24d5c474f2ae?w=500&auto=format&fit=crop&q=80,Lux Soft Rose Skin Soap 150g (Pack of 3),PCR-0033,Lux,Personal Care,Pink,180,154,171,Fragrant bathing soap infused with French Rose extracts.
https://images.unsplash.com/photo-1556228720-195a672e8a03?w=500&auto=format&fit=crop&q=80,Lux Soft Rose Skin Soap 150g (Pack of 4),PCR-0034,Lux,Personal Care,Pink,240,204,253,Fragrant bathing soap infused with French Rose extracts.
https://images.unsplash.com/photo-1571781926291-c477ebfd024b?w=500&auto=format&fit=crop&q=80,Lux Soft Rose Skin Soap 150g (Family Pack of 6),PCR-0035,Lux,Personal Care,Pink,360,297,171,Fragrant bathing soap infused with French Rose extracts.
https://images.unsplash.com/photo-1522337360788-8b13dee7a37e?w=500&auto=format&fit=crop&q=80,Lux Soft Rose Skin Soap 150g x4 Pack,PCR-0036,Lux,Personal Care,Pink,190,172,113,Fragrant bathing soap infused with French Rose extracts.
https://images.unsplash.com/photo-1556228578-8c89e6adf883?w=500&auto=format&fit=crop&q=80,Lux Soft Rose Skin Soap 150g x4 Pack (Pack of 2),PCR-0037,Lux,Personal Care,Pink,380,327,272,Fragrant bathing soap infused with French Rose extracts.
https://images.unsplash.com/photo-1526947425960-945c6e72858f?w=500&auto=format&fit=crop&q=80,Lux Soft Rose Skin Soap 150g x4 Pack (Pack of 3),PCR-0038,Lux,Personal Care,Pink,570,482,223,Fragrant bathing soap infused with French Rose extracts.
https://images.unsplash.com/photo-1608248543803-ba4f8c70ae0b?w=500&auto=format&fit=crop&q=80,Lux Soft Rose Skin Soap 150g x4 Pack (Pack of 4),PCR-0039,Lux,Personal Care,Pink,760,636,240,Fragrant bathing soap infused with French Rose extracts.
https://images.unsplash.com/photo-1585232004423-244e0e6904e3?w=500&auto=format&fit=crop&q=80,Lux Soft Rose Skin Soap 150g x4 Pack (Family Pack of 6),PCR-0040,Lux,Personal Care,Pink,1140,929,217,Fragrant bathing soap infused with French Rose extracts.
https://images.unsplash.com/photo-1584308666744-24d5c474f2ae?w=500&auto=format&fit=crop&q=80,Lux Velvet Touch Jasmine Soap 150g,PCR-0041,Lux,Personal Care,Purple,60,55,193,Silky jasmine fragranced bathing bar.
https://images.unsplash.com/photo-1556228720-195a672e8a03?w=500&auto=format&fit=crop&q=80,Lux Velvet Touch Jasmine Soap 150g (Pack of 2),PCR-0042,Lux,Personal Care,Purple,120,104,304,Silky jasmine fragranced bathing bar.
https://images.unsplash.com/photo-1571781926291-c477ebfd024b?w=500&auto=format&fit=crop&q=80,Lux Velvet Touch Jasmine Soap 150g (Pack of 3),PCR-0043,Lux,Personal Care,Purple,180,154,196,Silky jasmine fragranced bathing bar.
https://images.unsplash.com/photo-1522337360788-8b13dee7a37e?w=500&auto=format&fit=crop&q=80,Lux Velvet Touch Jasmine Soap 150g (Pack of 4),PCR-0044,Lux,Personal Care,Purple,240,204,198,Silky jasmine fragranced bathing bar.
https://images.unsplash.com/photo-1556228578-8c89e6adf883?w=500&auto=format&fit=crop&q=80,Lux Velvet Touch Jasmine Soap 150g (Family Pack of 6),PCR-0045,Lux,Personal Care,Purple,360,297,300,Silky jasmine fragranced bathing bar.
https://images.unsplash.com/photo-1526947425960-945c6e72858f?w=500&auto=format&fit=crop&q=80,Lux Velvet Touch Jasmine Soap 150g x4 Pack,PCR-0046,Lux,Personal Care,Purple,190,172,92,Silky jasmine fragranced bathing bar.
https://images.unsplash.com/photo-1608248543803-ba4f8c70ae0b?w=500&auto=format&fit=crop&q=80,Lux Velvet Touch Jasmine Soap 150g x4 Pack (Pack of 2),PCR-0047,Lux,Personal Care,Purple,380,327,321,Silky jasmine fragranced bathing bar.
https://images.unsplash.com/photo-1585232004423-244e0e6904e3?w=500&auto=format&fit=crop&q=80,Lux Velvet Touch Jasmine Soap 150g x4 Pack (Pack of 3),PCR-0048,Lux,Personal Care,Purple,570,482,311,Silky jasmine fragranced bathing bar.
https://images.unsplash.com/photo-1584308666744-24d5c474f2ae?w=500&auto=format&fit=crop&q=80,Lux Velvet Touch Jasmine Soap 150g x4 Pack (Pack of 4),PCR-0049,Lux,Personal Care,Purple,760,636,61,Silky jasmine fragranced bathing bar.
https://images.unsplash.com/photo-1556228720-195a672e8a03?w=500&auto=format&fit=crop&q=80,Lux Velvet Touch Jasmine Soap 150g x4 Pack (Family Pack of 6),PCR-0050,Lux,Personal Care,Purple,1140,929,90,Silky jasmine fragranced bathing bar.
https://images.unsplash.com/photo-1571781926291-c477ebfd024b?w=500&auto=format&fit=crop&q=80,Liril Lemon & Tea Tree Soap 125g,PCR-0051,Liril,Personal Care,Green,55,50,245,Fresh lemony cooling soap bar.
https://images.unsplash.com/photo-1522337360788-8b13dee7a37e?w=500&auto=format&fit=crop&q=80,Liril Lemon & Tea Tree Soap 125g (Pack of 2),PCR-0052,Liril,Personal Care,Green,110,95,188,Fresh lemony cooling soap bar.
https://images.unsplash.com/photo-1556228578-8c89e6adf883?w=500&auto=format&fit=crop&q=80,Liril Lemon & Tea Tree Soap 125g (Pack of 3),PCR-0053,Liril,Personal Care,Green,165,140,295,Fresh lemony cooling soap bar.
https://images.unsplash.com/photo-1526947425960-945c6e72858f?w=500&auto=format&fit=crop&q=80,Liril Lemon & Tea Tree Soap 125g (Pack of 4),PCR-0054,Liril,Personal Care,Green,220,185,133,Fresh lemony cooling soap bar.
https://images.unsplash.com/photo-1608248543803-ba4f8c70ae0b?w=500&auto=format&fit=crop&q=80,Liril Lemon & Tea Tree Soap 125g (Family Pack of 6),PCR-0055,Liril,Personal Care,Green,330,270,236,Fresh lemony cooling soap bar.
https://images.unsplash.com/photo-1585232004423-244e0e6904e3?w=500&auto=format&fit=crop&q=80,Liril Lemon & Tea Tree Soap 125g x3 Pack,PCR-0056,Liril,Personal Care,Green,150,138,313,Fresh lemony cooling soap bar.
https://images.unsplash.com/photo-1584308666744-24d5c474f2ae?w=500&auto=format&fit=crop&q=80,Liril Lemon & Tea Tree Soap 125g x3 Pack (Pack of 2),PCR-0057,Liril,Personal Care,Green,300,262,242,Fresh lemony cooling soap bar.
https://images.unsplash.com/photo-1556228720-195a672e8a03?w=500&auto=format&fit=crop&q=80,Liril Lemon & Tea Tree Soap 125g x3 Pack (Pack of 3),PCR-0058,Liril,Personal Care,Green,450,386,131,Fresh lemony cooling soap bar.
https://images.unsplash.com/photo-1571781926291-c477ebfd024b?w=500&auto=format&fit=crop&q=80,Liril Lemon & Tea Tree Soap 125g x3 Pack (Pack of 4),PCR-0059,Liril,Personal Care,Green,600,511,313,Fresh lemony cooling soap bar.
https://images.unsplash.com/photo-1522337360788-8b13dee7a37e?w=500&auto=format&fit=crop&q=80,Liril Lemon & Tea Tree Soap 125g x3 Pack (Family Pack of 6),PCR-0060,Liril,Personal Care,Green,900,745,338,Fresh lemony cooling soap bar.
https://images.unsplash.com/photo-1556228578-8c89e6adf883?w=500&auto=format&fit=crop&q=80,Lifebuoy Total Germ Protection Soap 125g,PCR-0061,Lifebuoy,Personal Care,Red,42,38,212,99.9% germ protection soap bar.
https://images.unsplash.com/photo-1526947425960-945c6e72858f?w=500&auto=format&fit=crop&q=80,Lifebuoy Total Germ Protection Soap 125g (Pack of 2),PCR-0062,Lifebuoy,Personal Care,Red,84,72,95,99.9% germ protection soap bar.
https://images.unsplash.com/photo-1608248543803-ba4f8c70ae0b?w=500&auto=format&fit=crop&q=80,Lifebuoy Total Germ Protection Soap 125g (Pack of 3),PCR-0063,Lifebuoy,Personal Care,Red,126,106,222,99.9% germ protection soap bar.
https://images.unsplash.com/photo-1585232004423-244e0e6904e3?w=500&auto=format&fit=crop&q=80,Lifebuoy Total Germ Protection Soap 125g (Pack of 4),PCR-0064,Lifebuoy,Personal Care,Red,168,141,152,99.9% germ protection soap bar.
https://images.unsplash.com/photo-1584308666744-24d5c474f2ae?w=500&auto=format&fit=crop&q=80,Lifebuoy Total Germ Protection Soap 125g (Family Pack of 6),PCR-0065,Lifebuoy,Personal Care,Red,252,205,181,99.9% germ protection soap bar.
https://images.unsplash.com/photo-1556228720-195a672e8a03?w=500&auto=format&fit=crop&q=80,Lifebuoy Total Germ Protection Soap 125g x4 Pack,PCR-0066,Lifebuoy,Personal Care,Red,150,138,350,99.9% germ protection soap bar.
https://images.unsplash.com/photo-1571781926291-c477ebfd024b?w=500&auto=format&fit=crop&q=80,Lifebuoy Total Germ Protection Soap 125g x4 Pack (Pack of 2),PCR-0067,Lifebuoy,Personal Care,Red,300,262,137,99.9% germ protection soap bar.
https://images.unsplash.com/photo-1522337360788-8b13dee7a37e?w=500&auto=format&fit=crop&q=80,Lifebuoy Total Germ Protection Soap 125g x4 Pack (Pack of 3),PCR-0068,Lifebuoy,Personal Care,Red,450,386,190,99.9% germ protection soap bar.
https://images.unsplash.com/photo-1556228578-8c89e6adf883?w=500&auto=format&fit=crop&q=80,Lifebuoy Total Germ Protection Soap 125g x4 Pack (Pack of 4),PCR-0069,Lifebuoy,Personal Care,Red,600,511,332,99.9% germ protection soap bar.
https://images.unsplash.com/photo-1526947425960-945c6e72858f?w=500&auto=format&fit=crop&q=80,Lifebuoy Total Germ Protection Soap 125g x4 Pack (Family Pack of 6),PCR-0070,Lifebuoy,Personal Care,Red,900,745,155,99.9% germ protection soap bar.
https://images.unsplash.com/photo-1608248543803-ba4f8c70ae0b?w=500&auto=format&fit=crop&q=80,Lifebuoy Cooling Menthol Soap 125g,PCR-0071,Lifebuoy,Personal Care,Blue,42,38,291,Menthol cooling germ protection bar.
https://images.unsplash.com/photo-1585232004423-244e0e6904e3?w=500&auto=format&fit=crop&q=80,Lifebuoy Cooling Menthol Soap 125g (Pack of 2),PCR-0072,Lifebuoy,Personal Care,Blue,84,72,285,Menthol cooling germ protection bar.
https://images.unsplash.com/photo-1584308666744-24d5c474f2ae?w=500&auto=format&fit=crop&q=80,Lifebuoy Cooling Menthol Soap 125g (Pack of 3),PCR-0073,Lifebuoy,Personal Care,Blue,126,106,165,Menthol cooling germ protection bar.
https://images.unsplash.com/photo-1556228720-195a672e8a03?w=500&auto=format&fit=crop&q=80,Lifebuoy Cooling Menthol Soap 125g (Pack of 4),PCR-0074,Lifebuoy,Personal Care,Blue,168,141,238,Menthol cooling germ protection bar.
https://images.unsplash.com/photo-1571781926291-c477ebfd024b?w=500&auto=format&fit=crop&q=80,Lifebuoy Cooling Menthol Soap 125g (Family Pack of 6),PCR-0075,Lifebuoy,Personal Care,Blue,252,205,249,Menthol cooling germ protection bar.
https://images.unsplash.com/photo-1522337360788-8b13dee7a37e?w=500&auto=format&fit=crop&q=80,Pears Pure & Gentle Soap 125g,PCR-0076,Pears,Personal Care,Amber,68,62,332,Glycerin rich age old transparent soap.
https://images.unsplash.com/photo-1556228578-8c89e6adf883?w=500&auto=format&fit=crop&q=80,Pears Pure & Gentle Soap 125g (Pack of 2),PCR-0077,Pears,Personal Care,Amber,136,118,329,Glycerin rich age old transparent soap.
https://images.unsplash.com/photo-1526947425960-945c6e72858f?w=500&auto=format&fit=crop&q=80,Pears Pure & Gentle Soap 125g (Pack of 3),PCR-0078,Pears,Personal Care,Amber,204,174,178,Glycerin rich age old transparent soap.
https://images.unsplash.com/photo-1608248543803-ba4f8c70ae0b?w=500&auto=format&fit=crop&q=80,Pears Pure & Gentle Soap 125g (Pack of 4),PCR-0079,Pears,Personal Care,Amber,272,229,116,Glycerin rich age old transparent soap.
https://images.unsplash.com/photo-1585232004423-244e0e6904e3?w=500&auto=format&fit=crop&q=80,Pears Pure & Gentle Soap 125g (Family Pack of 6),PCR-0080,Pears,Personal Care,Amber,408,335,81,Glycerin rich age old transparent soap.
https://images.unsplash.com/photo-1584308666744-24d5c474f2ae?w=500&auto=format&fit=crop&q=80,Pears Pure & Gentle Soap 75g,PCR-0081,Pears,Personal Care,Amber,45,41,259,Glycerin rich age old transparent soap.
https://images.unsplash.com/photo-1556228720-195a672e8a03?w=500&auto=format&fit=crop&q=80,Pears Pure & Gentle Soap 75g (Pack of 2),PCR-0082,Pears,Personal Care,Amber,90,78,236,Glycerin rich age old transparent soap.
https://images.unsplash.com/photo-1571781926291-c477ebfd024b?w=500&auto=format&fit=crop&q=80,Pears Pure & Gentle Soap 75g (Pack of 3),PCR-0083,Pears,Personal Care,Amber,135,115,121,Glycerin rich age old transparent soap.
https://images.unsplash.com/photo-1522337360788-8b13dee7a37e?w=500&auto=format&fit=crop&q=80,Pears Pure & Gentle Soap 75g (Pack of 4),PCR-0084,Pears,Personal Care,Amber,180,152,130,Glycerin rich age old transparent soap.
https://images.unsplash.com/photo-1556228578-8c89e6adf883?w=500&auto=format&fit=crop&q=80,Pears Pure & Gentle Soap 75g (Family Pack of 6),PCR-0085,Pears,Personal Care,Amber,270,221,65,Glycerin rich age old transparent soap.
https://images.unsplash.com/photo-1526947425960-945c6e72858f?w=500&auto=format&fit=crop&q=80,Patanjali Multani Mitti Body Cleanser 150g,PCR-0086,Patanjali,Personal Care,Green,45,41,307,Ayurvedic multani mitti soap bar.
https://images.unsplash.com/photo-1608248543803-ba4f8c70ae0b?w=500&auto=format&fit=crop&q=80,Patanjali Multani Mitti Body Cleanser 150g (Pack of 2),PCR-0087,Patanjali,Personal Care,Green,90,78,155,Ayurvedic multani mitti soap bar.
https://images.unsplash.com/photo-1585232004423-244e0e6904e3?w=500&auto=format&fit=crop&q=80,Patanjali Multani Mitti Body Cleanser 150g (Pack of 3),PCR-0088,Patanjali,Personal Care,Green,135,115,149,Ayurvedic multani mitti soap bar.
https://images.unsplash.com/photo-1584308666744-24d5c474f2ae?w=500&auto=format&fit=crop&q=80,Patanjali Multani Mitti Body Cleanser 150g (Pack of 4),PCR-0089,Patanjali,Personal Care,Green,180,152,271,Ayurvedic multani mitti soap bar.
https://images.unsplash.com/photo-1556228720-195a672e8a03?w=500&auto=format&fit=crop&q=80,Patanjali Multani Mitti Body Cleanser 150g (Family Pack of 6),PCR-0090,Patanjali,Personal Care,Green,270,221,71,Ayurvedic multani mitti soap bar.
https://images.unsplash.com/photo-1571781926291-c477ebfd024b?w=500&auto=format&fit=crop&q=80,Santoor Sandal & Turmeric Soap 150g,PCR-0091,Santoor,Personal Care,Golden,62,57,170,Sandalwood turmeric youthful skin soap.
https://images.unsplash.com/photo-1522337360788-8b13dee7a37e?w=500&auto=format&fit=crop&q=80,Santoor Sandal & Turmeric Soap 150g (Pack of 2),PCR-0092,Santoor,Personal Care,Golden,124,108,313,Sandalwood turmeric youthful skin soap.
https://images.unsplash.com/photo-1556228578-8c89e6adf883?w=500&auto=format&fit=crop&q=80,Santoor Sandal & Turmeric Soap 150g (Pack of 3),PCR-0093,Santoor,Personal Care,Golden,186,160,255,Sandalwood turmeric youthful skin soap.
https://images.unsplash.com/photo-1526947425960-945c6e72858f?w=500&auto=format&fit=crop&q=80,Santoor Sandal & Turmeric Soap 150g (Pack of 4),PCR-0094,Santoor,Personal Care,Golden,248,211,153,Sandalwood turmeric youthful skin soap.
https://images.unsplash.com/photo-1608248543803-ba4f8c70ae0b?w=500&auto=format&fit=crop&q=80,Santoor Sandal & Turmeric Soap 150g (Family Pack of 6),PCR-0095,Santoor,Personal Care,Golden,372,308,78,Sandalwood turmeric youthful skin soap.
https://images.unsplash.com/photo-1585232004423-244e0e6904e3?w=500&auto=format&fit=crop&q=80,Santoor Sandal & Turmeric Soap 150g x4 Pack,PCR-0096,Santoor,Personal Care,Golden,225,205,171,Sandalwood turmeric youthful skin soap.
https://images.unsplash.com/photo-1584308666744-24d5c474f2ae?w=500&auto=format&fit=crop&q=80,Santoor Sandal & Turmeric Soap 150g x4 Pack (Pack of 2),PCR-0097,Santoor,Personal Care,Golden,450,390,303,Sandalwood turmeric youthful skin soap.
https://images.unsplash.com/photo-1556228720-195a672e8a03?w=500&auto=format&fit=crop&q=80,Santoor Sandal & Turmeric Soap 150g x4 Pack (Pack of 3),PCR-0098,Santoor,Personal Care,Golden,675,574,93,Sandalwood turmeric youthful skin soap.
https://images.unsplash.com/photo-1571781926291-c477ebfd024b?w=500&auto=format&fit=crop&q=80,Santoor Sandal & Turmeric Soap 150g x4 Pack (Pack of 4),PCR-0099,Santoor,Personal Care,Golden,900,758,318,Sandalwood turmeric youthful skin soap.
https://images.unsplash.com/photo-1522337360788-8b13dee7a37e?w=500&auto=format&fit=crop&q=80,Santoor Sandal & Turmeric Soap 150g x4 Pack (Family Pack of 6),PCR-0100,Santoor,Personal Care,Golden,1350,1107,133,Sandalwood turmeric youthful skin soap.
https://images.unsplash.com/photo-1556228578-8c89e6adf883?w=500&auto=format&fit=crop&q=80,Mysore Sandal Sandalwood Soap 150g,PCR-0101,Mysore Sandal,Personal Care,Golden,58,53,78,100% pure sandalwood oil soap.
https://images.unsplash.com/photo-1526947425960-945c6e72858f?w=500&auto=format&fit=crop&q=80,Mysore Sandal Sandalwood Soap 150g (Pack of 2),PCR-0102,Mysore Sandal,Personal Care,Golden,116,101,281,100% pure sandalwood oil soap.
https://images.unsplash.com/photo-1608248543803-ba4f8c70ae0b?w=500&auto=format&fit=crop&q=80,Mysore Sandal Sandalwood Soap 150g (Pack of 3),PCR-0103,Mysore Sandal,Personal Care,Golden,174,148,323,100% pure sandalwood oil soap.
https://images.unsplash.com/photo-1585232004423-244e0e6904e3?w=500&auto=format&fit=crop&q=80,Mysore Sandal Sandalwood Soap 150g (Pack of 4),PCR-0104,Mysore Sandal,Personal Care,Golden,232,196,296,100% pure sandalwood oil soap.
https://images.unsplash.com/photo-1584308666744-24d5c474f2ae?w=500&auto=format&fit=crop&q=80,Mysore Sandal Sandalwood Soap 150g (Family Pack of 6),PCR-0105,Mysore Sandal,Personal Care,Golden,348,286,61,100% pure sandalwood oil soap.
https://images.unsplash.com/photo-1556228720-195a672e8a03?w=500&auto=format&fit=crop&q=80,Cinthol Cool Menthol Soap 100g,PCR-0106,Cinthol,Personal Care,Green,48,44,92,Long lasting freshness deo soap.
https://images.unsplash.com/photo-1571781926291-c477ebfd024b?w=500&auto=format&fit=crop&q=80,Cinthol Cool Menthol Soap 100g (Pack of 2),PCR-0107,Cinthol,Personal Care,Green,96,84,130,Long lasting freshness deo soap.
https://images.unsplash.com/photo-1522337360788-8b13dee7a37e?w=500&auto=format&fit=crop&q=80,Cinthol Cool Menthol Soap 100g (Pack of 3),PCR-0108,Cinthol,Personal Care,Green,144,123,95,Long lasting freshness deo soap.
https://images.unsplash.com/photo-1556228578-8c89e6adf883?w=500&auto=format&fit=crop&q=80,Cinthol Cool Menthol Soap 100g (Pack of 4),PCR-0109,Cinthol,Personal Care,Green,192,163,160,Long lasting freshness deo soap.
https://images.unsplash.com/photo-1526947425960-945c6e72858f?w=500&auto=format&fit=crop&q=80,Cinthol Cool Menthol Soap 100g (Family Pack of 6),PCR-0110,Cinthol,Personal Care,Green,288,238,230,Long lasting freshness deo soap.
https://images.unsplash.com/photo-1608248543803-ba4f8c70ae0b?w=500&auto=format&fit=crop&q=80,Cinthol Cool Menthol Soap 99g x3 Pack,PCR-0111,Cinthol,Personal Care,Green,130,119,245,Long lasting freshness deo soap.
https://images.unsplash.com/photo-1585232004423-244e0e6904e3?w=500&auto=format&fit=crop&q=80,Cinthol Cool Menthol Soap 99g x3 Pack (Pack of 2),PCR-0112,Cinthol,Personal Care,Green,260,226,165,Long lasting freshness deo soap.
https://images.unsplash.com/photo-1584308666744-24d5c474f2ae?w=500&auto=format&fit=crop&q=80,Cinthol Cool Menthol Soap 99g x3 Pack (Pack of 3),PCR-0113,Cinthol,Personal Care,Green,390,333,162,Long lasting freshness deo soap.
https://images.unsplash.com/photo-1556228720-195a672e8a03?w=500&auto=format&fit=crop&q=80,Cinthol Cool Menthol Soap 99g x3 Pack (Pack of 4),PCR-0114,Cinthol,Personal Care,Green,520,440,311,Long lasting freshness deo soap.
https://images.unsplash.com/photo-1571781926291-c477ebfd024b?w=500&auto=format&fit=crop&q=80,Cinthol Cool Menthol Soap 99g x3 Pack (Family Pack of 6),PCR-0115,Cinthol,Personal Care,Green,780,643,232,Long lasting freshness deo soap.
https://images.unsplash.com/photo-1522337360788-8b13dee7a37e?w=500&auto=format&fit=crop&q=80,Fiama Gel Bar Lemongrass & Jojoba 125g,PCR-0116,Fiama,Personal Care,Green,65,59,95,Moisturizing gel soap bar.
https://images.unsplash.com/photo-1556228578-8c89e6adf883?w=500&auto=format&fit=crop&q=80,Fiama Gel Bar Lemongrass & Jojoba 125g (Pack of 2),PCR-0117,Fiama,Personal Care,Green,130,112,225,Moisturizing gel soap bar.
https://images.unsplash.com/photo-1526947425960-945c6e72858f?w=500&auto=format&fit=crop&q=80,Fiama Gel Bar Lemongrass & Jojoba 125g (Pack of 3),PCR-0118,Fiama,Personal Care,Green,195,165,290,Moisturizing gel soap bar.
https://images.unsplash.com/photo-1608248543803-ba4f8c70ae0b?w=500&auto=format&fit=crop&q=80,Fiama Gel Bar Lemongrass & Jojoba 125g (Pack of 4),PCR-0119,Fiama,Personal Care,Green,260,218,196,Moisturizing gel soap bar.
https://images.unsplash.com/photo-1585232004423-244e0e6904e3?w=500&auto=format&fit=crop&q=80,Fiama Gel Bar Lemongrass & Jojoba 125g (Family Pack of 6),PCR-0120,Fiama,Personal Care,Green,390,319,129,Moisturizing gel soap bar.
https://images.unsplash.com/photo-1584308666744-24d5c474f2ae?w=500&auto=format&fit=crop&q=80,Nivea Creme Care Soap 125g,PCR-0121,Nivea,Personal Care,Blue,65,59,210,Creamy mild care soap bar.
https://images.unsplash.com/photo-1556228720-195a672e8a03?w=500&auto=format&fit=crop&q=80,Nivea Creme Care Soap 125g (Pack of 2),PCR-0122,Nivea,Personal Care,Blue,130,112,178,Creamy mild care soap bar.
https://images.unsplash.com/photo-1571781926291-c477ebfd024b?w=500&auto=format&fit=crop&q=80,Nivea Creme Care Soap 125g (Pack of 3),PCR-0123,Nivea,Personal Care,Blue,195,165,118,Creamy mild care soap bar.
https://images.unsplash.com/photo-1522337360788-8b13dee7a37e?w=500&auto=format&fit=crop&q=80,Nivea Creme Care Soap 125g (Pack of 4),PCR-0124,Nivea,Personal Care,Blue,260,218,116,Creamy mild care soap bar.
https://images.unsplash.com/photo-1556228578-8c89e6adf883?w=500&auto=format&fit=crop&q=80,Nivea Creme Care Soap 125g (Family Pack of 6),PCR-0125,Nivea,Personal Care,Blue,390,319,100,Creamy mild care soap bar.
https://images.unsplash.com/photo-1526947425960-945c6e72858f?w=500&auto=format&fit=crop&q=80,Colgate Strong Teeth Toothpaste 100g,PCR-0126,Colgate,Personal Care,Red,55,50,299,Calcium-boosted toothpaste for strong teeth & fresh breath.
https://images.unsplash.com/photo-1608248543803-ba4f8c70ae0b?w=500&auto=format&fit=crop&q=80,Colgate Strong Teeth Toothpaste 100g (Pack of 2),PCR-0127,Colgate,Personal Care,Red,110,95,200,Calcium-boosted toothpaste for strong teeth & fresh breath.
https://images.unsplash.com/photo-1585232004423-244e0e6904e3?w=500&auto=format&fit=crop&q=80,Colgate Strong Teeth Toothpaste 100g (Pack of 3),PCR-0128,Colgate,Personal Care,Red,165,140,65,Calcium-boosted toothpaste for strong teeth & fresh breath.
https://images.unsplash.com/photo-1584308666744-24d5c474f2ae?w=500&auto=format&fit=crop&q=80,Colgate Strong Teeth Toothpaste 100g (Pack of 4),PCR-0129,Colgate,Personal Care,Red,220,185,296,Calcium-boosted toothpaste for strong teeth & fresh breath.
https://images.unsplash.com/photo-1556228720-195a672e8a03?w=500&auto=format&fit=crop&q=80,Colgate Strong Teeth Toothpaste 100g (Family Pack of 6),PCR-0130,Colgate,Personal Care,Red,330,270,191,Calcium-boosted toothpaste for strong teeth & fresh breath.
https://images.unsplash.com/photo-1571781926291-c477ebfd024b?w=500&auto=format&fit=crop&q=80,Colgate Strong Teeth Toothpaste 200g,PCR-0131,Colgate,Personal Care,Red,105,96,137,Calcium-boosted toothpaste for strong teeth & fresh breath.
https://images.unsplash.com/photo-1522337360788-8b13dee7a37e?w=500&auto=format&fit=crop&q=80,Colgate Strong Teeth Toothpaste 200g (Pack of 2),PCR-0132,Colgate,Personal Care,Red,210,182,115,Calcium-boosted toothpaste for strong teeth & fresh breath.
https://images.unsplash.com/photo-1556228578-8c89e6adf883?w=500&auto=format&fit=crop&q=80,Colgate Strong Teeth Toothpaste 200g (Pack of 3),PCR-0133,Colgate,Personal Care,Red,315,269,328,Calcium-boosted toothpaste for strong teeth & fresh breath.
https://images.unsplash.com/photo-1526947425960-945c6e72858f?w=500&auto=format&fit=crop&q=80,Colgate Strong Teeth Toothpaste 200g (Pack of 4),PCR-0134,Colgate,Personal Care,Red,420,355,290,Calcium-boosted toothpaste for strong teeth & fresh breath.
https://images.unsplash.com/photo-1608248543803-ba4f8c70ae0b?w=500&auto=format&fit=crop&q=80,Colgate Strong Teeth Toothpaste 200g (Family Pack of 6),PCR-0135,Colgate,Personal Care,Red,630,518,260,Calcium-boosted toothpaste for strong teeth & fresh breath.
https://images.unsplash.com/photo-1585232004423-244e0e6904e3?w=500&auto=format&fit=crop&q=80,Colgate Strong Teeth Toothpaste 500g,PCR-0136,Colgate,Personal Care,Red,260,235,321,Calcium-boosted toothpaste for strong teeth & fresh breath.
https://images.unsplash.com/photo-1584308666744-24d5c474f2ae?w=500&auto=format&fit=crop&q=80,Colgate Strong Teeth Toothpaste 500g (Pack of 2),PCR-0137,Colgate,Personal Care,Red,520,446,215,Calcium-boosted toothpaste for strong teeth & fresh breath.
https://images.unsplash.com/photo-1556228720-195a672e8a03?w=500&auto=format&fit=crop&q=80,Colgate Strong Teeth Toothpaste 500g (Pack of 3),PCR-0138,Colgate,Personal Care,Red,780,658,332,Calcium-boosted toothpaste for strong teeth & fresh breath.
https://images.unsplash.com/photo-1571781926291-c477ebfd024b?w=500&auto=format&fit=crop&q=80,Colgate Strong Teeth Toothpaste 500g (Pack of 4),PCR-0139,Colgate,Personal Care,Red,1040,870,119,Calcium-boosted toothpaste for strong teeth & fresh breath.
https://images.unsplash.com/photo-1522337360788-8b13dee7a37e?w=500&auto=format&fit=crop&q=80,Colgate Strong Teeth Toothpaste 500g (Family Pack of 6),PCR-0140,Colgate,Personal Care,Red,1560,1269,167,Calcium-boosted toothpaste for strong teeth & fresh breath.
https://images.unsplash.com/photo-1556228578-8c89e6adf883?w=500&auto=format&fit=crop&q=80,Colgate Max Fresh Spicy Ice Toothpaste 150g,PCR-0141,Colgate,Personal Care,Blue,92,84,253,Cooling gel toothpaste with mouthwash crystals.
https://images.unsplash.com/photo-1526947425960-945c6e72858f?w=500&auto=format&fit=crop&q=80,Colgate Max Fresh Spicy Ice Toothpaste 150g (Pack of 2),PCR-0142,Colgate,Personal Care,Blue,184,160,288,Cooling gel toothpaste with mouthwash crystals.
https://images.unsplash.com/photo-1608248543803-ba4f8c70ae0b?w=500&auto=format&fit=crop&q=80,Colgate Max Fresh Spicy Ice Toothpaste 150g (Pack of 3),PCR-0143,Colgate,Personal Care,Blue,276,235,312,Cooling gel toothpaste with mouthwash crystals.
https://images.unsplash.com/photo-1585232004423-244e0e6904e3?w=500&auto=format&fit=crop&q=80,Colgate Max Fresh Spicy Ice Toothpaste 150g (Pack of 4),PCR-0144,Colgate,Personal Care,Blue,368,311,238,Cooling gel toothpaste with mouthwash crystals.
https://images.unsplash.com/photo-1584308666744-24d5c474f2ae?w=500&auto=format&fit=crop&q=80,Colgate Max Fresh Spicy Ice Toothpaste 150g (Family Pack of 6),PCR-0145,Colgate,Personal Care,Blue,552,454,258,Cooling gel toothpaste with mouthwash crystals.
https://images.unsplash.com/photo-1556228720-195a672e8a03?w=500&auto=format&fit=crop&q=80,Colgate Max Fresh Spicy Ice Toothpaste 240g,PCR-0146,Colgate,Personal Care,Blue,130,118,239,Cooling gel toothpaste with mouthwash crystals.
https://images.unsplash.com/photo-1571781926291-c477ebfd024b?w=500&auto=format&fit=crop&q=80,Colgate Max Fresh Spicy Ice Toothpaste 240g (Pack of 2),PCR-0147,Colgate,Personal Care,Blue,260,224,135,Cooling gel toothpaste with mouthwash crystals.
https://images.unsplash.com/photo-1522337360788-8b13dee7a37e?w=500&auto=format&fit=crop&q=80,Colgate Max Fresh Spicy Ice Toothpaste 240g (Pack of 3),PCR-0148,Colgate,Personal Care,Blue,390,330,260,Cooling gel toothpaste with mouthwash crystals.
https://images.unsplash.com/photo-1556228578-8c89e6adf883?w=500&auto=format&fit=crop&q=80,Colgate Max Fresh Spicy Ice Toothpaste 240g (Pack of 4),PCR-0149,Colgate,Personal Care,Blue,520,437,155,Cooling gel toothpaste with mouthwash crystals.
https://images.unsplash.com/photo-1526947425960-945c6e72858f?w=500&auto=format&fit=crop&q=80,Colgate Max Fresh Spicy Ice Toothpaste 240g (Family Pack of 6),PCR-0150,Colgate,Personal Care,Blue,780,637,264,Cooling gel toothpaste with mouthwash crystals.
https://images.unsplash.com/photo-1608248543803-ba4f8c70ae0b?w=500&auto=format&fit=crop&q=80,Colgate Vedshakti Ayurvedic Toothpaste 150g,PCR-0151,Colgate,Personal Care,Green,85,78,251,Ayurvedic clove neem tulsi toothpaste.
https://images.unsplash.com/photo-1585232004423-244e0e6904e3?w=500&auto=format&fit=crop&q=80,Colgate Vedshakti Ayurvedic Toothpaste 150g (Pack of 2),PCR-0152,Colgate,Personal Care,Green,170,148,133,Ayurvedic clove neem tulsi toothpaste.
https://images.unsplash.com/photo-1584308666744-24d5c474f2ae?w=500&auto=format&fit=crop&q=80,Colgate Vedshakti Ayurvedic Toothpaste 150g (Pack of 3),PCR-0153,Colgate,Personal Care,Green,255,218,87,Ayurvedic clove neem tulsi toothpaste.
https://images.unsplash.com/photo-1556228720-195a672e8a03?w=500&auto=format&fit=crop&q=80,Colgate Vedshakti Ayurvedic Toothpaste 150g (Pack of 4),PCR-0154,Colgate,Personal Care,Green,340,289,166,Ayurvedic clove neem tulsi toothpaste.
https://images.unsplash.com/photo-1571781926291-c477ebfd024b?w=500&auto=format&fit=crop&q=80,Colgate Vedshakti Ayurvedic Toothpaste 150g (Family Pack of 6),PCR-0155,Colgate,Personal Care,Green,510,421,165,Ayurvedic clove neem tulsi toothpaste.
https://images.unsplash.com/photo-1522337360788-8b13dee7a37e?w=500&auto=format&fit=crop&q=80,Colgate Vedshakti Ayurvedic Toothpaste 300g,PCR-0156,Colgate,Personal Care,Green,150,137,242,Ayurvedic clove neem tulsi toothpaste.
https://images.unsplash.com/photo-1556228578-8c89e6adf883?w=500&auto=format&fit=crop&q=80,Colgate Vedshakti Ayurvedic Toothpaste 300g (Pack of 2),PCR-0157,Colgate,Personal Care,Green,300,260,282,Ayurvedic clove neem tulsi toothpaste.
https://images.unsplash.com/photo-1526947425960-945c6e72858f?w=500&auto=format&fit=crop&q=80,Colgate Vedshakti Ayurvedic Toothpaste 300g (Pack of 3),PCR-0158,Colgate,Personal Care,Green,450,384,290,Ayurvedic clove neem tulsi toothpaste.
https://images.unsplash.com/photo-1608248543803-ba4f8c70ae0b?w=500&auto=format&fit=crop&q=80,Colgate Vedshakti Ayurvedic Toothpaste 300g (Pack of 4),PCR-0159,Colgate,Personal Care,Green,600,507,154,Ayurvedic clove neem tulsi toothpaste.
https://images.unsplash.com/photo-1585232004423-244e0e6904e3?w=500&auto=format&fit=crop&q=80,Colgate Vedshakti Ayurvedic Toothpaste 300g (Family Pack of 6),PCR-0160,Colgate,Personal Care,Green,900,740,171,Ayurvedic clove neem tulsi toothpaste.
https://images.unsplash.com/photo-1584308666744-24d5c474f2ae?w=500&auto=format&fit=crop&q=80,Patanjali Dant Kanti Herbal Toothpaste 100g,PCR-0161,Patanjali,Personal Care,Green,55,50,208,Ayurvedic oral care toothpaste for gums & cavity protection.
https://images.unsplash.com/photo-1556228720-195a672e8a03?w=500&auto=format&fit=crop&q=80,Patanjali Dant Kanti Herbal Toothpaste 100g (Pack of 2),PCR-0162,Patanjali,Personal Care,Green,110,95,63,Ayurvedic oral care toothpaste for gums & cavity protection.
https://images.unsplash.com/photo-1571781926291-c477ebfd024b?w=500&auto=format&fit=crop&q=80,Patanjali Dant Kanti Herbal Toothpaste 100g (Pack of 3),PCR-0163,Patanjali,Personal Care,Green,165,140,321,Ayurvedic oral care toothpaste for gums & cavity protection.
https://images.unsplash.com/photo-1522337360788-8b13dee7a37e?w=500&auto=format&fit=crop&q=80,Patanjali Dant Kanti Herbal Toothpaste 100g (Pack of 4),PCR-0164,Patanjali,Personal Care,Green,220,185,303,Ayurvedic oral care toothpaste for gums & cavity protection.
https://images.unsplash.com/photo-1556228578-8c89e6adf883?w=500&auto=format&fit=crop&q=80,Patanjali Dant Kanti Herbal Toothpaste 100g (Family Pack of 6),PCR-0165,Patanjali,Personal Care,Green,330,270,257,Ayurvedic oral care toothpaste for gums & cavity protection.
https://images.unsplash.com/photo-1526947425960-945c6e72858f?w=500&auto=format&fit=crop&q=80,Patanjali Dant Kanti Herbal Toothpaste 200g,PCR-0166,Patanjali,Personal Care,Green,100,92,172,Ayurvedic oral care toothpaste for gums & cavity protection.
https://images.unsplash.com/photo-1608248543803-ba4f8c70ae0b?w=500&auto=format&fit=crop&q=80,Patanjali Dant Kanti Herbal Toothpaste 200g (Pack of 2),PCR-0167,Patanjali,Personal Care,Green,200,175,105,Ayurvedic oral care toothpaste for gums & cavity protection.
https://images.unsplash.com/photo-1585232004423-244e0e6904e3?w=500&auto=format&fit=crop&q=80,Patanjali Dant Kanti Herbal Toothpaste 200g (Pack of 3),PCR-0168,Patanjali,Personal Care,Green,300,258,145,Ayurvedic oral care toothpaste for gums & cavity protection.
https://images.unsplash.com/photo-1584308666744-24d5c474f2ae?w=500&auto=format&fit=crop&q=80,Patanjali Dant Kanti Herbal Toothpaste 200g (Pack of 4),PCR-0169,Patanjali,Personal Care,Green,400,340,311,Ayurvedic oral care toothpaste for gums & cavity protection.
https://images.unsplash.com/photo-1556228720-195a672e8a03?w=500&auto=format&fit=crop&q=80,Patanjali Dant Kanti Herbal Toothpaste 200g (Family Pack of 6),PCR-0170,Patanjali,Personal Care,Green,600,497,63,Ayurvedic oral care toothpaste for gums & cavity protection.
https://images.unsplash.com/photo-1571781926291-c477ebfd024b?w=500&auto=format&fit=crop&q=80,Closeup Ever Fresh Red Hot Gel 150g,PCR-0171,Closeup,Personal Care,Red,80,73,227,Long lasting fresh breath gel toothpaste.
https://images.unsplash.com/photo-1522337360788-8b13dee7a37e?w=500&auto=format&fit=crop&q=80,Closeup Ever Fresh Red Hot Gel 150g (Pack of 2),PCR-0172,Closeup,Personal Care,Red,160,139,136,Long lasting fresh breath gel toothpaste.
https://images.unsplash.com/photo-1556228578-8c89e6adf883?w=500&auto=format&fit=crop&q=80,Closeup Ever Fresh Red Hot Gel 150g (Pack of 3),PCR-0173,Closeup,Personal Care,Red,240,204,193,Long lasting fresh breath gel toothpaste.
https://images.unsplash.com/photo-1526947425960-945c6e72858f?w=500&auto=format&fit=crop&q=80,Closeup Ever Fresh Red Hot Gel 150g (Pack of 4),PCR-0174,Closeup,Personal Care,Red,320,270,345,Long lasting fresh breath gel toothpaste.
https://images.unsplash.com/photo-1608248543803-ba4f8c70ae0b?w=500&auto=format&fit=crop&q=80,Closeup Ever Fresh Red Hot Gel 150g (Family Pack of 6),PCR-0175,Closeup,Personal Care,Red,480,394,348,Long lasting fresh breath gel toothpaste.
https://images.unsplash.com/photo-1585232004423-244e0e6904e3?w=500&auto=format&fit=crop&q=80,Closeup Ever Fresh Red Hot Gel 300g,PCR-0176,Closeup,Personal Care,Red,135,123,347,Long lasting fresh breath gel toothpaste.
https://images.unsplash.com/photo-1584308666744-24d5c474f2ae?w=500&auto=format&fit=crop&q=80,Closeup Ever Fresh Red Hot Gel 300g (Pack of 2),PCR-0177,Closeup,Personal Care,Red,270,234,91,Long lasting fresh breath gel toothpaste.
https://images.unsplash.com/photo-1556228720-195a672e8a03?w=500&auto=format&fit=crop&q=80,Closeup Ever Fresh Red Hot Gel 300g (Pack of 3),PCR-0178,Closeup,Personal Care,Red,405,344,126,Long lasting fresh breath gel toothpaste.
https://images.unsplash.com/photo-1571781926291-c477ebfd024b?w=500&auto=format&fit=crop&q=80,Closeup Ever Fresh Red Hot Gel 300g (Pack of 4),PCR-0179,Closeup,Personal Care,Red,540,455,62,Long lasting fresh breath gel toothpaste.
https://images.unsplash.com/photo-1522337360788-8b13dee7a37e?w=500&auto=format&fit=crop&q=80,Closeup Ever Fresh Red Hot Gel 300g (Family Pack of 6),PCR-0180,Closeup,Personal Care,Red,810,664,220,Long lasting fresh breath gel toothpaste.
https://images.unsplash.com/photo-1556228578-8c89e6adf883?w=500&auto=format&fit=crop&q=80,Pepsodent Germicheck Toothpaste 140g,PCR-0181,Pepsodent,Personal Care,Blue,75,68,65,Fight germs for 12 hours toothpaste.
https://images.unsplash.com/photo-1526947425960-945c6e72858f?w=500&auto=format&fit=crop&q=80,Pepsodent Germicheck Toothpaste 140g (Pack of 2),PCR-0182,Pepsodent,Personal Care,Blue,150,129,110,Fight germs for 12 hours toothpaste.
https://images.unsplash.com/photo-1608248543803-ba4f8c70ae0b?w=500&auto=format&fit=crop&q=80,Pepsodent Germicheck Toothpaste 140g (Pack of 3),PCR-0183,Pepsodent,Personal Care,Blue,225,190,329,Fight germs for 12 hours toothpaste.
https://images.unsplash.com/photo-1585232004423-244e0e6904e3?w=500&auto=format&fit=crop&q=80,Pepsodent Germicheck Toothpaste 140g (Pack of 4),PCR-0184,Pepsodent,Personal Care,Blue,300,252,112,Fight germs for 12 hours toothpaste.
https://images.unsplash.com/photo-1584308666744-24d5c474f2ae?w=500&auto=format&fit=crop&q=80,Pepsodent Germicheck Toothpaste 140g (Family Pack of 6),PCR-0185,Pepsodent,Personal Care,Blue,450,367,275,Fight germs for 12 hours toothpaste.
https://images.unsplash.com/photo-1556228720-195a672e8a03?w=500&auto=format&fit=crop&q=80,Pepsodent Germicheck Toothpaste 300g,PCR-0186,Pepsodent,Personal Care,Blue,135,123,155,Fight germs for 12 hours toothpaste.
https://images.unsplash.com/photo-1571781926291-c477ebfd024b?w=500&auto=format&fit=crop&q=80,Pepsodent Germicheck Toothpaste 300g (Pack of 2),PCR-0187,Pepsodent,Personal Care,Blue,270,234,105,Fight germs for 12 hours toothpaste.
https://images.unsplash.com/photo-1522337360788-8b13dee7a37e?w=500&auto=format&fit=crop&q=80,Pepsodent Germicheck Toothpaste 300g (Pack of 3),PCR-0188,Pepsodent,Personal Care,Blue,405,344,105,Fight germs for 12 hours toothpaste.
https://images.unsplash.com/photo-1556228578-8c89e6adf883?w=500&auto=format&fit=crop&q=80,Pepsodent Germicheck Toothpaste 300g (Pack of 4),PCR-0189,Pepsodent,Personal Care,Blue,540,455,227,Fight germs for 12 hours toothpaste.
https://images.unsplash.com/photo-1526947425960-945c6e72858f?w=500&auto=format&fit=crop&q=80,Pepsodent Germicheck Toothpaste 300g (Family Pack of 6),PCR-0190,Pepsodent,Personal Care,Blue,810,664,80,Fight germs for 12 hours toothpaste.
https://images.unsplash.com/photo-1608248543803-ba4f8c70ae0b?w=500&auto=format&fit=crop&q=80,Dabur Red Ayurvedic Toothpaste 100g,PCR-0191,Dabur,Personal Care,Red,52,48,129,Classic ayurvedic 12 herb toothpaste.
https://images.unsplash.com/photo-1585232004423-244e0e6904e3?w=500&auto=format&fit=crop&q=80,Dabur Red Ayurvedic Toothpaste 100g (Pack of 2),PCR-0192,Dabur,Personal Care,Red,104,91,105,Classic ayurvedic 12 herb toothpaste.
https://images.unsplash.com/photo-1584308666744-24d5c474f2ae?w=500&auto=format&fit=crop&q=80,Dabur Red Ayurvedic Toothpaste 100g (Pack of 3),PCR-0193,Dabur,Personal Care,Red,156,134,219,Classic ayurvedic 12 herb toothpaste.
https://images.unsplash.com/photo-1556228720-195a672e8a03?w=500&auto=format&fit=crop&q=80,Dabur Red Ayurvedic Toothpaste 100g (Pack of 4),PCR-0194,Dabur,Personal Care,Red,208,178,319,Classic ayurvedic 12 herb toothpaste.
https://images.unsplash.com/photo-1571781926291-c477ebfd024b?w=500&auto=format&fit=crop&q=80,Dabur Red Ayurvedic Toothpaste 100g (Family Pack of 6),PCR-0195,Dabur,Personal Care,Red,312,259,302,Classic ayurvedic 12 herb toothpaste.
https://images.unsplash.com/photo-1522337360788-8b13dee7a37e?w=500&auto=format&fit=crop&q=80,Dabur Red Ayurvedic Toothpaste 200g,PCR-0196,Dabur,Personal Care,Red,98,90,64,Classic ayurvedic 12 herb toothpaste.
https://images.unsplash.com/photo-1556228578-8c89e6adf883?w=500&auto=format&fit=crop&q=80,Dabur Red Ayurvedic Toothpaste 200g (Pack of 2),PCR-0197,Dabur,Personal Care,Red,196,171,333,Classic ayurvedic 12 herb toothpaste.
https://images.unsplash.com/photo-1526947425960-945c6e72858f?w=500&auto=format&fit=crop&q=80,Dabur Red Ayurvedic Toothpaste 200g (Pack of 3),PCR-0198,Dabur,Personal Care,Red,294,252,335,Classic ayurvedic 12 herb toothpaste.
https://images.unsplash.com/photo-1608248543803-ba4f8c70ae0b?w=500&auto=format&fit=crop&q=80,Dabur Red Ayurvedic Toothpaste 200g (Pack of 4),PCR-0199,Dabur,Personal Care,Red,392,333,91,Classic ayurvedic 12 herb toothpaste.
https://images.unsplash.com/photo-1585232004423-244e0e6904e3?w=500&auto=format&fit=crop&q=80,Dabur Red Ayurvedic Toothpaste 200g (Family Pack of 6),PCR-0200,Dabur,Personal Care,Red,588,486,335,Classic ayurvedic 12 herb toothpaste.
https://images.unsplash.com/photo-1584308666744-24d5c474f2ae?w=500&auto=format&fit=crop&q=80,Sensodyne Sensitive Repair & Protect 70g,PCR-0201,Sensodyne,Personal Care,Purple,145,134,127,Fast relief for sensitive teeth toothpaste.
https://images.unsplash.com/photo-1556228720-195a672e8a03?w=500&auto=format&fit=crop&q=80,Sensodyne Sensitive Repair & Protect 70g (Pack of 2),PCR-0202,Sensodyne,Personal Care,Purple,290,255,226,Fast relief for sensitive teeth toothpaste.
https://images.unsplash.com/photo-1571781926291-c477ebfd024b?w=500&auto=format&fit=crop&q=80,Sensodyne Sensitive Repair & Protect 70g (Pack of 3),PCR-0203,Sensodyne,Personal Care,Purple,435,375,127,Fast relief for sensitive teeth toothpaste.
https://images.unsplash.com/photo-1522337360788-8b13dee7a37e?w=500&auto=format&fit=crop&q=80,Sensodyne Sensitive Repair & Protect 70g (Pack of 4),PCR-0204,Sensodyne,Personal Care,Purple,580,496,192,Fast relief for sensitive teeth toothpaste.
https://images.unsplash.com/photo-1556228578-8c89e6adf883?w=500&auto=format&fit=crop&q=80,Sensodyne Sensitive Repair & Protect 70g (Family Pack of 6),PCR-0205,Sensodyne,Personal Care,Purple,870,724,193,Fast relief for sensitive teeth toothpaste.
https://images.unsplash.com/photo-1526947425960-945c6e72858f?w=500&auto=format&fit=crop&q=80,Sensodyne Sensitive Repair & Protect 150g,PCR-0206,Sensodyne,Personal Care,Purple,265,246,125,Fast relief for sensitive teeth toothpaste.
https://images.unsplash.com/photo-1608248543803-ba4f8c70ae0b?w=500&auto=format&fit=crop&q=80,Sensodyne Sensitive Repair & Protect 150g (Pack of 2),PCR-0207,Sensodyne,Personal Care,Purple,530,467,81,Fast relief for sensitive teeth toothpaste.
https://images.unsplash.com/photo-1585232004423-244e0e6904e3?w=500&auto=format&fit=crop&q=80,Sensodyne Sensitive Repair & Protect 150g (Pack of 3),PCR-0208,Sensodyne,Personal Care,Purple,795,689,223,Fast relief for sensitive teeth toothpaste.
https://images.unsplash.com/photo-1584308666744-24d5c474f2ae?w=500&auto=format&fit=crop&q=80,Sensodyne Sensitive Repair & Protect 150g (Pack of 4),PCR-0209,Sensodyne,Personal Care,Purple,1060,910,264,Fast relief for sensitive teeth toothpaste.
https://images.unsplash.com/photo-1556228720-195a672e8a03?w=500&auto=format&fit=crop&q=80,Sensodyne Sensitive Repair & Protect 150g (Family Pack of 6),PCR-0210,Sensodyne,Personal Care,Purple,1590,1328,268,Fast relief for sensitive teeth toothpaste.
https://images.unsplash.com/photo-1571781926291-c477ebfd024b?w=500&auto=format&fit=crop&q=80,Head & Shoulders Smooth & Silky Shampoo 75ml,PCR-0211,Head & Shoulders,Personal Care,Blue,65,59,319,Anti-dandruff shampoo for smooth & shiny hair.
https://images.unsplash.com/photo-1522337360788-8b13dee7a37e?w=500&auto=format&fit=crop&q=80,Head & Shoulders Smooth & Silky Shampoo 75ml (Pack of 2),PCR-0212,Head & Shoulders,Personal Care,Blue,130,112,307,Anti-dandruff shampoo for smooth & shiny hair.
https://images.unsplash.com/photo-1556228578-8c89e6adf883?w=500&auto=format&fit=crop&q=80,Head & Shoulders Smooth & Silky Shampoo 75ml (Pack of 3),PCR-0213,Head & Shoulders,Personal Care,Blue,195,165,92,Anti-dandruff shampoo for smooth & shiny hair.
https://images.unsplash.com/photo-1526947425960-945c6e72858f?w=500&auto=format&fit=crop&q=80,Head & Shoulders Smooth & Silky Shampoo 75ml (Pack of 4),PCR-0214,Head & Shoulders,Personal Care,Blue,260,218,115,Anti-dandruff shampoo for smooth & shiny hair.
https://images.unsplash.com/photo-1608248543803-ba4f8c70ae0b?w=500&auto=format&fit=crop&q=80,Head & Shoulders Smooth & Silky Shampoo 75ml (Family Pack of 6),PCR-0215,Head & Shoulders,Personal Care,Blue,390,319,238,Anti-dandruff shampoo for smooth & shiny hair.
https://images.unsplash.com/photo-1585232004423-244e0e6904e3?w=500&auto=format&fit=crop&q=80,Head & Shoulders Smooth & Silky Shampoo 180ml,PCR-0216,Head & Shoulders,Personal Care,Blue,135,124,318,Anti-dandruff shampoo for smooth & shiny hair.
https://images.unsplash.com/photo-1584308666744-24d5c474f2ae?w=500&auto=format&fit=crop&q=80,Head & Shoulders Smooth & Silky Shampoo 180ml (Pack of 2),PCR-0217,Head & Shoulders,Personal Care,Blue,270,236,95,Anti-dandruff shampoo for smooth & shiny hair.
https://images.unsplash.com/photo-1556228720-195a672e8a03?w=500&auto=format&fit=crop&q=80,Head & Shoulders Smooth & Silky Shampoo 180ml (Pack of 3),PCR-0218,Head & Shoulders,Personal Care,Blue,405,347,293,Anti-dandruff shampoo for smooth & shiny hair.
https://images.unsplash.com/photo-1571781926291-c477ebfd024b?w=500&auto=format&fit=crop&q=80,Head & Shoulders Smooth & Silky Shampoo 180ml (Pack of 4),PCR-0219,Head & Shoulders,Personal Care,Blue,540,459,289,Anti-dandruff shampoo for smooth & shiny hair.
https://images.unsplash.com/photo-1522337360788-8b13dee7a37e?w=500&auto=format&fit=crop&q=80,Head & Shoulders Smooth & Silky Shampoo 180ml (Family Pack of 6),PCR-0220,Head & Shoulders,Personal Care,Blue,810,670,127,Anti-dandruff shampoo for smooth & shiny hair.
https://images.unsplash.com/photo-1556228578-8c89e6adf883?w=500&auto=format&fit=crop&q=80,Head & Shoulders Smooth & Silky Shampoo 340ml,PCR-0221,Head & Shoulders,Personal Care,Blue,225,206,258,Anti-dandruff shampoo for smooth & shiny hair.
https://images.unsplash.com/photo-1526947425960-945c6e72858f?w=500&auto=format&fit=crop&q=80,Head & Shoulders Smooth & Silky Shampoo 340ml (Pack of 2),PCR-0222,Head & Shoulders,Personal Care,Blue,450,391,172,Anti-dandruff shampoo for smooth & shiny hair.
https://images.unsplash.com/photo-1608248543803-ba4f8c70ae0b?w=500&auto=format&fit=crop&q=80,Head & Shoulders Smooth & Silky Shampoo 340ml (Pack of 3),PCR-0223,Head & Shoulders,Personal Care,Blue,675,577,233,Anti-dandruff shampoo for smooth & shiny hair.
https://images.unsplash.com/photo-1585232004423-244e0e6904e3?w=500&auto=format&fit=crop&q=80,Head & Shoulders Smooth & Silky Shampoo 340ml (Pack of 4),PCR-0224,Head & Shoulders,Personal Care,Blue,900,762,265,Anti-dandruff shampoo for smooth & shiny hair.
https://images.unsplash.com/photo-1584308666744-24d5c474f2ae?w=500&auto=format&fit=crop&q=80,Head & Shoulders Smooth & Silky Shampoo 340ml (Family Pack of 6),PCR-0225,Head & Shoulders,Personal Care,Blue,1350,1112,162,Anti-dandruff shampoo for smooth & shiny hair.
https://images.unsplash.com/photo-1556228720-195a672e8a03?w=500&auto=format&fit=crop&q=80,Head & Shoulders Smooth & Silky Shampoo 650ml,PCR-0226,Head & Shoulders,Personal Care,Blue,550,485,207,Anti-dandruff shampoo for smooth & shiny hair.
https://images.unsplash.com/photo-1571781926291-c477ebfd024b?w=500&auto=format&fit=crop&q=80,Head & Shoulders Smooth & Silky Shampoo 650ml (Pack of 2),PCR-0227,Head & Shoulders,Personal Care,Blue,1100,922,321,Anti-dandruff shampoo for smooth & shiny hair.
https://images.unsplash.com/photo-1522337360788-8b13dee7a37e?w=500&auto=format&fit=crop&q=80,Head & Shoulders Smooth & Silky Shampoo 650ml (Pack of 3),PCR-0228,Head & Shoulders,Personal Care,Blue,1650,1358,193,Anti-dandruff shampoo for smooth & shiny hair.
https://images.unsplash.com/photo-1556228578-8c89e6adf883?w=500&auto=format&fit=crop&q=80,Head & Shoulders Smooth & Silky Shampoo 650ml (Pack of 4),PCR-0229,Head & Shoulders,Personal Care,Blue,2200,1794,70,Anti-dandruff shampoo for smooth & shiny hair.
https://images.unsplash.com/photo-1526947425960-945c6e72858f?w=500&auto=format&fit=crop&q=80,Head & Shoulders Smooth & Silky Shampoo 650ml (Family Pack of 6),PCR-0230,Head & Shoulders,Personal Care,Blue,3300,2619,344,Anti-dandruff shampoo for smooth & shiny hair.
https://images.unsplash.com/photo-1608248543803-ba4f8c70ae0b?w=500&auto=format&fit=crop&q=80,Dove Hair Fall Rescue Shampoo 180ml,PCR-0231,Dove,Personal Care,White,135,124,250,Nutritive solutions hair fall control shampoo.
https://images.unsplash.com/photo-1585232004423-244e0e6904e3?w=500&auto=format&fit=crop&q=80,Dove Hair Fall Rescue Shampoo 180ml (Pack of 2),PCR-0232,Dove,Personal Care,White,270,236,314,Nutritive solutions hair fall control shampoo.
https://images.unsplash.com/photo-1584308666744-24d5c474f2ae?w=500&auto=format&fit=crop&q=80,Dove Hair Fall Rescue Shampoo 180ml (Pack of 3),PCR-0233,Dove,Personal Care,White,405,347,81,Nutritive solutions hair fall control shampoo.
https://images.unsplash.com/photo-1556228720-195a672e8a03?w=500&auto=format&fit=crop&q=80,Dove Hair Fall Rescue Shampoo 180ml (Pack of 4),PCR-0234,Dove,Personal Care,White,540,459,233,Nutritive solutions hair fall control shampoo.
https://images.unsplash.com/photo-1571781926291-c477ebfd024b?w=500&auto=format&fit=crop&q=80,Dove Hair Fall Rescue Shampoo 180ml (Family Pack of 6),PCR-0235,Dove,Personal Care,White,810,670,138,Nutritive solutions hair fall control shampoo.
https://images.unsplash.com/photo-1522337360788-8b13dee7a37e?w=500&auto=format&fit=crop&q=80,Dove Hair Fall Rescue Shampoo 340ml,PCR-0236,Dove,Personal Care,White,225,206,126,Nutritive solutions hair fall control shampoo.
https://images.unsplash.com/photo-1556228578-8c89e6adf883?w=500&auto=format&fit=crop&q=80,Dove Hair Fall Rescue Shampoo 340ml (Pack of 2),PCR-0237,Dove,Personal Care,White,450,391,265,Nutritive solutions hair fall control shampoo.
https://images.unsplash.com/photo-1526947425960-945c6e72858f?w=500&auto=format&fit=crop&q=80,Dove Hair Fall Rescue Shampoo 340ml (Pack of 3),PCR-0238,Dove,Personal Care,White,675,577,78,Nutritive solutions hair fall control shampoo.
https://images.unsplash.com/photo-1608248543803-ba4f8c70ae0b?w=500&auto=format&fit=crop&q=80,Dove Hair Fall Rescue Shampoo 340ml (Pack of 4),PCR-0239,Dove,Personal Care,White,900,762,97,Nutritive solutions hair fall control shampoo.
https://images.unsplash.com/photo-1585232004423-244e0e6904e3?w=500&auto=format&fit=crop&q=80,Dove Hair Fall Rescue Shampoo 340ml (Family Pack of 6),PCR-0240,Dove,Personal Care,White,1350,1112,146,Nutritive solutions hair fall control shampoo.
https://images.unsplash.com/photo-1584308666744-24d5c474f2ae?w=500&auto=format&fit=crop&q=80,Dove Hair Fall Rescue Shampoo 650ml,PCR-0241,Dove,Personal Care,White,425,389,140,Nutritive solutions hair fall control shampoo.
https://images.unsplash.com/photo-1556228720-195a672e8a03?w=500&auto=format&fit=crop&q=80,Dove Hair Fall Rescue Shampoo 650ml (Pack of 2),PCR-0242,Dove,Personal Care,White,850,739,114,Nutritive solutions hair fall control shampoo.
https://images.unsplash.com/photo-1571781926291-c477ebfd024b?w=500&auto=format&fit=crop&q=80,Dove Hair Fall Rescue Shampoo 650ml (Pack of 3),PCR-0243,Dove,Personal Care,White,1275,1089,150,Nutritive solutions hair fall control shampoo.
https://images.unsplash.com/photo-1522337360788-8b13dee7a37e?w=500&auto=format&fit=crop&q=80,Dove Hair Fall Rescue Shampoo 650ml (Pack of 4),PCR-0244,Dove,Personal Care,White,1700,1439,145,Nutritive solutions hair fall control shampoo.
https://images.unsplash.com/photo-1556228578-8c89e6adf883?w=500&auto=format&fit=crop&q=80,Dove Hair Fall Rescue Shampoo 650ml (Family Pack of 6),PCR-0245,Dove,Personal Care,White,2550,2101,333,Nutritive solutions hair fall control shampoo.
https://images.unsplash.com/photo-1526947425960-945c6e72858f?w=500&auto=format&fit=crop&q=80,Pantene Advanced Hair Fall Solution Shampoo 75ml,PCR-0246,Pantene,Personal Care,Blue,60,55,202,Pro-v formula hair fall control shampoo.
https://images.unsplash.com/photo-1583947215259-38e31be8751f?w=500&auto=format&fit=crop&q=80,Surf Excel Easy Wash Detergent Powder 1kg,HSH-0001,Surf Excel,Household,Blue,140,128,376,Super stain removal washing powder for clothes.
https://images.unsplash.com/photo-1585421514284-efb74c2b69ba?w=500&auto=format&fit=crop&q=80,Surf Excel Easy Wash Detergent Powder 1kg (Pack of 2),HSH-0002,Surf Excel,Household,Blue,280,243,80,Super stain removal washing powder for clothes.
https://images.unsplash.com/photo-1563453392212-326f5e854473?w=500&auto=format&fit=crop&q=80,Surf Excel Easy Wash Detergent Powder 1kg (Pack of 3),HSH-0003,Surf Excel,Household,Blue,420,358,132,Super stain removal washing powder for clothes.
https://images.unsplash.com/photo-1584483766114-2cea6facdf57?w=500&auto=format&fit=crop&q=80,Surf Excel Easy Wash Detergent Powder 1kg (Pack of 4),HSH-0004,Surf Excel,Household,Blue,560,474,296,Super stain removal washing powder for clothes.
https://images.unsplash.com/photo-1610557892470-55d9e80c0bce?w=500&auto=format&fit=crop&q=80,Surf Excel Easy Wash Detergent Powder 1kg (Family Pack of 6),HSH-0005,Surf Excel,Household,Blue,840,691,313,Super stain removal washing powder for clothes.
https://images.unsplash.com/photo-1583947215259-38e31be8751f?w=500&auto=format&fit=crop&q=80,Surf Excel Easy Wash Detergent Powder 2kg,HSH-0006,Surf Excel,Household,Blue,265,242,302,Super stain removal washing powder for clothes.
https://images.unsplash.com/photo-1585421514284-efb74c2b69ba?w=500&auto=format&fit=crop&q=80,Surf Excel Easy Wash Detergent Powder 2kg (Pack of 2),HSH-0007,Surf Excel,Household,Blue,530,460,159,Super stain removal washing powder for clothes.
https://images.unsplash.com/photo-1563453392212-326f5e854473?w=500&auto=format&fit=crop&q=80,Surf Excel Easy Wash Detergent Powder 2kg (Pack of 3),HSH-0008,Surf Excel,Household,Blue,795,678,274,Super stain removal washing powder for clothes.
https://images.unsplash.com/photo-1584483766114-2cea6facdf57?w=500&auto=format&fit=crop&q=80,Surf Excel Easy Wash Detergent Powder 2kg (Pack of 4),HSH-0009,Surf Excel,Household,Blue,1060,895,326,Super stain removal washing powder for clothes.
https://images.unsplash.com/photo-1610557892470-55d9e80c0bce?w=500&auto=format&fit=crop&q=80,Surf Excel Easy Wash Detergent Powder 2kg (Family Pack of 6),HSH-0010,Surf Excel,Household,Blue,1590,1307,134,Super stain removal washing powder for clothes.
https://images.unsplash.com/photo-1583947215259-38e31be8751f?w=500&auto=format&fit=crop&q=80,Surf Excel Easy Wash Detergent Powder 4kg,HSH-0011,Surf Excel,Household,Blue,499,459,112,Super stain removal washing powder for clothes.
https://images.unsplash.com/photo-1585421514284-efb74c2b69ba?w=500&auto=format&fit=crop&q=80,Surf Excel Easy Wash Detergent Powder 4kg (Pack of 2),HSH-0012,Surf Excel,Household,Blue,998,872,373,Super stain removal washing powder for clothes.
https://images.unsplash.com/photo-1563453392212-326f5e854473?w=500&auto=format&fit=crop&q=80,Surf Excel Easy Wash Detergent Powder 4kg (Pack of 3),HSH-0013,Surf Excel,Household,Blue,1497,1285,282,Super stain removal washing powder for clothes.
https://images.unsplash.com/photo-1584483766114-2cea6facdf57?w=500&auto=format&fit=crop&q=80,Surf Excel Easy Wash Detergent Powder 4kg (Pack of 4),HSH-0014,Surf Excel,Household,Blue,1996,1698,289,Super stain removal washing powder for clothes.
https://images.unsplash.com/photo-1610557892470-55d9e80c0bce?w=500&auto=format&fit=crop&q=80,Surf Excel Easy Wash Detergent Powder 4kg (Family Pack of 6),HSH-0015,Surf Excel,Household,Blue,2994,2479,97,Super stain removal washing powder for clothes.
https://images.unsplash.com/photo-1583947215259-38e31be8751f?w=500&auto=format&fit=crop&q=80,Surf Excel Matic Top Load Detergent 1kg,HSH-0016,Surf Excel,Household,Blue,165,150,103,Machine wash low sud detergent powder.
https://images.unsplash.com/photo-1585421514284-efb74c2b69ba?w=500&auto=format&fit=crop&q=80,Surf Excel Matic Top Load Detergent 1kg (Pack of 2),HSH-0017,Surf Excel,Household,Blue,330,285,126,Machine wash low sud detergent powder.
https://images.unsplash.com/photo-1563453392212-326f5e854473?w=500&auto=format&fit=crop&q=80,Surf Excel Matic Top Load Detergent 1kg (Pack of 3),HSH-0018,Surf Excel,Household,Blue,495,420,78,Machine wash low sud detergent powder.
https://images.unsplash.com/photo-1584483766114-2cea6facdf57?w=500&auto=format&fit=crop&q=80,Surf Excel Matic Top Load Detergent 1kg (Pack of 4),HSH-0019,Surf Excel,Household,Blue,660,555,176,Machine wash low sud detergent powder.
https://images.unsplash.com/photo-1610557892470-55d9e80c0bce?w=500&auto=format&fit=crop&q=80,Surf Excel Matic Top Load Detergent 1kg (Family Pack of 6),HSH-0020,Surf Excel,Household,Blue,990,810,293,Machine wash low sud detergent powder.
https://images.unsplash.com/photo-1583947215259-38e31be8751f?w=500&auto=format&fit=crop&q=80,Surf Excel Matic Top Load Detergent 2kg,HSH-0021,Surf Excel,Household,Blue,315,288,397,Machine wash low sud detergent powder.
https://images.unsplash.com/photo-1585421514284-efb74c2b69ba?w=500&auto=format&fit=crop&q=80,Surf Excel Matic Top Load Detergent 2kg (Pack of 2),HSH-0022,Surf Excel,Household,Blue,630,547,310,Machine wash low sud detergent powder.
https://images.unsplash.com/photo-1563453392212-326f5e854473?w=500&auto=format&fit=crop&q=80,Surf Excel Matic Top Load Detergent 2kg (Pack of 3),HSH-0023,Surf Excel,Household,Blue,945,806,327,Machine wash low sud detergent powder.
https://images.unsplash.com/photo-1584483766114-2cea6facdf57?w=500&auto=format&fit=crop&q=80,Surf Excel Matic Top Load Detergent 2kg (Pack of 4),HSH-0024,Surf Excel,Household,Blue,1260,1066,279,Machine wash low sud detergent powder.
https://images.unsplash.com/photo-1610557892470-55d9e80c0bce?w=500&auto=format&fit=crop&q=80,Surf Excel Matic Top Load Detergent 2kg (Family Pack of 6),HSH-0025,Surf Excel,Household,Blue,1890,1555,388,Machine wash low sud detergent powder.
https://images.unsplash.com/photo-1583947215259-38e31be8751f?w=500&auto=format&fit=crop&q=80,Surf Excel Matic Front Load Detergent Liquid 1L,HSH-0026,Surf Excel,Household,Blue,225,206,343,Front load machine liquid detergent.
https://images.unsplash.com/photo-1585421514284-efb74c2b69ba?w=500&auto=format&fit=crop&q=80,Surf Excel Matic Front Load Detergent Liquid 1L (Pack of 2),HSH-0027,Surf Excel,Household,Blue,450,391,205,Front load machine liquid detergent.
https://images.unsplash.com/photo-1563453392212-326f5e854473?w=500&auto=format&fit=crop&q=80,Surf Excel Matic Front Load Detergent Liquid 1L (Pack of 3),HSH-0028,Surf Excel,Household,Blue,675,577,144,Front load machine liquid detergent.
https://images.unsplash.com/photo-1584483766114-2cea6facdf57?w=500&auto=format&fit=crop&q=80,Surf Excel Matic Front Load Detergent Liquid 1L (Pack of 4),HSH-0029,Surf Excel,Household,Blue,900,762,120,Front load machine liquid detergent.
https://images.unsplash.com/photo-1610557892470-55d9e80c0bce?w=500&auto=format&fit=crop&q=80,Surf Excel Matic Front Load Detergent Liquid 1L (Family Pack of 6),HSH-0030,Surf Excel,Household,Blue,1350,1112,188,Front load machine liquid detergent.
https://images.unsplash.com/photo-1583947215259-38e31be8751f?w=500&auto=format&fit=crop&q=80,Surf Excel Matic Front Load Detergent Liquid 2L,HSH-0031,Surf Excel,Household,Blue,425,389,276,Front load machine liquid detergent.
https://images.unsplash.com/photo-1585421514284-efb74c2b69ba?w=500&auto=format&fit=crop&q=80,Surf Excel Matic Front Load Detergent Liquid 2L (Pack of 2),HSH-0032,Surf Excel,Household,Blue,850,739,374,Front load machine liquid detergent.
https://images.unsplash.com/photo-1563453392212-326f5e854473?w=500&auto=format&fit=crop&q=80,Surf Excel Matic Front Load Detergent Liquid 2L (Pack of 3),HSH-0033,Surf Excel,Household,Blue,1275,1089,343,Front load machine liquid detergent.
https://images.unsplash.com/photo-1584483766114-2cea6facdf57?w=500&auto=format&fit=crop&q=80,Surf Excel Matic Front Load Detergent Liquid 2L (Pack of 4),HSH-0034,Surf Excel,Household,Blue,1700,1439,289,Front load machine liquid detergent.
https://images.unsplash.com/photo-1610557892470-55d9e80c0bce?w=500&auto=format&fit=crop&q=80,Surf Excel Matic Front Load Detergent Liquid 2L (Family Pack of 6),HSH-0035,Surf Excel,Household,Blue,2550,2101,268,Front load machine liquid detergent.
https://images.unsplash.com/photo-1583947215259-38e31be8751f?w=500&auto=format&fit=crop&q=80,Ariel Matic Top Load Detergent Powder 1kg,HSH-0036,Ariel,Household,Blue,199,182,223,Tough stain removal machine detergent.
https://images.unsplash.com/photo-1585421514284-efb74c2b69ba?w=500&auto=format&fit=crop&q=80,Ariel Matic Top Load Detergent Powder 1kg (Pack of 2),HSH-0037,Ariel,Household,Blue,398,346,97,Tough stain removal machine detergent.
https://images.unsplash.com/photo-1563453392212-326f5e854473?w=500&auto=format&fit=crop&q=80,Ariel Matic Top Load Detergent Powder 1kg (Pack of 3),HSH-0038,Ariel,Household,Blue,597,510,282,Tough stain removal machine detergent.
https://images.unsplash.com/photo-1584483766114-2cea6facdf57?w=500&auto=format&fit=crop&q=80,Ariel Matic Top Load Detergent Powder 1kg (Pack of 4),HSH-0039,Ariel,Household,Blue,796,673,170,Tough stain removal machine detergent.
https://images.unsplash.com/photo-1610557892470-55d9e80c0bce?w=500&auto=format&fit=crop&q=80,Ariel Matic Top Load Detergent Powder 1kg (Family Pack of 6),HSH-0040,Ariel,Household,Blue,1194,983,97,Tough stain removal machine detergent.
https://images.unsplash.com/photo-1583947215259-38e31be8751f?w=500&auto=format&fit=crop&q=80,Ariel Matic Top Load Detergent Powder 2kg,HSH-0041,Ariel,Household,Blue,385,352,243,Tough stain removal machine detergent.
https://images.unsplash.com/photo-1585421514284-efb74c2b69ba?w=500&auto=format&fit=crop&q=80,Ariel Matic Top Load Detergent Powder 2kg (Pack of 2),HSH-0042,Ariel,Household,Blue,770,669,92,Tough stain removal machine detergent.
https://images.unsplash.com/photo-1563453392212-326f5e854473?w=500&auto=format&fit=crop&q=80,Ariel Matic Top Load Detergent Powder 2kg (Pack of 3),HSH-0043,Ariel,Household,Blue,1155,986,104,Tough stain removal machine detergent.
https://images.unsplash.com/photo-1584483766114-2cea6facdf57?w=500&auto=format&fit=crop&q=80,Ariel Matic Top Load Detergent Powder 2kg (Pack of 4),HSH-0044,Ariel,Household,Blue,1540,1302,177,Tough stain removal machine detergent.
https://images.unsplash.com/photo-1610557892470-55d9e80c0bce?w=500&auto=format&fit=crop&q=80,Ariel Matic Top Load Detergent Powder 2kg (Family Pack of 6),HSH-0045,Ariel,Household,Blue,2310,1901,161,Tough stain removal machine detergent.
https://images.unsplash.com/photo-1583947215259-38e31be8751f?w=500&auto=format&fit=crop&q=80,Ariel Original Washing Powder 1kg,HSH-0046,Ariel,Household,Blue,185,169,188,Deep clean brilliant wash detergent.
https://images.unsplash.com/photo-1585421514284-efb74c2b69ba?w=500&auto=format&fit=crop&q=80,Ariel Original Washing Powder 1kg (Pack of 2),HSH-0047,Ariel,Household,Blue,370,321,267,Deep clean brilliant wash detergent.
https://images.unsplash.com/photo-1563453392212-326f5e854473?w=500&auto=format&fit=crop&q=80,Ariel Original Washing Powder 1kg (Pack of 3),HSH-0048,Ariel,Household,Blue,555,473,70,Deep clean brilliant wash detergent.
https://images.unsplash.com/photo-1584483766114-2cea6facdf57?w=500&auto=format&fit=crop&q=80,Ariel Original Washing Powder 1kg (Pack of 4),HSH-0049,Ariel,Household,Blue,740,625,163,Deep clean brilliant wash detergent.
https://images.unsplash.com/photo-1610557892470-55d9e80c0bce?w=500&auto=format&fit=crop&q=80,Ariel Original Washing Powder 1kg (Family Pack of 6),HSH-0050,Ariel,Household,Blue,1110,913,219,Deep clean brilliant wash detergent.
https://images.unsplash.com/photo-1583947215259-38e31be8751f?w=500&auto=format&fit=crop&q=80,Ariel Original Washing Powder 3kg,HSH-0051,Ariel,Household,Blue,525,479,164,Deep clean brilliant wash detergent.
https://images.unsplash.com/photo-1585421514284-efb74c2b69ba?w=500&auto=format&fit=crop&q=80,Ariel Original Washing Powder 3kg (Pack of 2),HSH-0052,Ariel,Household,Blue,1050,910,330,Deep clean brilliant wash detergent.
https://images.unsplash.com/photo-1563453392212-326f5e854473?w=500&auto=format&fit=crop&q=80,Ariel Original Washing Powder 3kg (Pack of 3),HSH-0053,Ariel,Household,Blue,1575,1341,265,Deep clean brilliant wash detergent.
https://images.unsplash.com/photo-1584483766114-2cea6facdf57?w=500&auto=format&fit=crop&q=80,Ariel Original Washing Powder 3kg (Pack of 4),HSH-0054,Ariel,Household,Blue,2100,1772,167,Deep clean brilliant wash detergent.
https://images.unsplash.com/photo-1610557892470-55d9e80c0bce?w=500&auto=format&fit=crop&q=80,Ariel Original Washing Powder 3kg (Family Pack of 6),HSH-0055,Ariel,Household,Blue,3150,2587,125,Deep clean brilliant wash detergent.
https://images.unsplash.com/photo-1583947215259-38e31be8751f?w=500&auto=format&fit=crop&q=80,Tide Plus Detergent Powder 1kg,HSH-0056,Tide,Household,Orange,135,123,342,Jasmines & roses fragranced detergent.
https://images.unsplash.com/photo-1585421514284-efb74c2b69ba?w=500&auto=format&fit=crop&q=80,Tide Plus Detergent Powder 1kg (Pack of 2),HSH-0057,Tide,Household,Orange,270,234,281,Jasmines & roses fragranced detergent.
https://images.unsplash.com/photo-1563453392212-326f5e854473?w=500&auto=format&fit=crop&q=80,Tide Plus Detergent Powder 1kg (Pack of 3),HSH-0058,Tide,Household,Orange,405,344,186,Jasmines & roses fragranced detergent.
https://images.unsplash.com/photo-1584483766114-2cea6facdf57?w=500&auto=format&fit=crop&q=80,Tide Plus Detergent Powder 1kg (Pack of 4),HSH-0059,Tide,Household,Orange,540,455,180,Jasmines & roses fragranced detergent.
https://images.unsplash.com/photo-1610557892470-55d9e80c0bce?w=500&auto=format&fit=crop&q=80,Tide Plus Detergent Powder 1kg (Family Pack of 6),HSH-0060,Tide,Household,Orange,810,664,342,Jasmines & roses fragranced detergent.
https://images.unsplash.com/photo-1583947215259-38e31be8751f?w=500&auto=format&fit=crop&q=80,Tide Plus Detergent Powder 2kg,HSH-0061,Tide,Household,Orange,255,233,331,Jasmines & roses fragranced detergent.
https://images.unsplash.com/photo-1585421514284-efb74c2b69ba?w=500&auto=format&fit=crop&q=80,Tide Plus Detergent Powder 2kg (Pack of 2),HSH-0062,Tide,Household,Orange,510,443,111,Jasmines & roses fragranced detergent.
https://images.unsplash.com/photo-1563453392212-326f5e854473?w=500&auto=format&fit=crop&q=80,Tide Plus Detergent Powder 2kg (Pack of 3),HSH-0063,Tide,Household,Orange,765,652,136,Jasmines & roses fragranced detergent.
https://images.unsplash.com/photo-1584483766114-2cea6facdf57?w=500&auto=format&fit=crop&q=80,Tide Plus Detergent Powder 2kg (Pack of 4),HSH-0064,Tide,Household,Orange,1020,862,278,Jasmines & roses fragranced detergent.
https://images.unsplash.com/photo-1610557892470-55d9e80c0bce?w=500&auto=format&fit=crop&q=80,Tide Plus Detergent Powder 2kg (Family Pack of 6),HSH-0065,Tide,Household,Orange,1530,1258,321,Jasmines & roses fragranced detergent.
https://images.unsplash.com/photo-1583947215259-38e31be8751f?w=500&auto=format&fit=crop&q=80,Rin Detergent Powder 1kg,HSH-0066,Rin,Household,Blue,120,110,255,Bright white advanced shine detergent.
https://images.unsplash.com/photo-1585421514284-efb74c2b69ba?w=500&auto=format&fit=crop&q=80,Rin Detergent Powder 1kg (Pack of 2),HSH-0067,Rin,Household,Blue,240,209,140,Bright white advanced shine detergent.
https://images.unsplash.com/photo-1563453392212-326f5e854473?w=500&auto=format&fit=crop&q=80,Rin Detergent Powder 1kg (Pack of 3),HSH-0068,Rin,Household,Blue,360,308,81,Bright white advanced shine detergent.
https://images.unsplash.com/photo-1584483766114-2cea6facdf57?w=500&auto=format&fit=crop&q=80,Rin Detergent Powder 1kg (Pack of 4),HSH-0069,Rin,Household,Blue,480,407,162,Bright white advanced shine detergent.
https://images.unsplash.com/photo-1610557892470-55d9e80c0bce?w=500&auto=format&fit=crop&q=80,Rin Detergent Powder 1kg (Family Pack of 6),HSH-0070,Rin,Household,Blue,720,594,254,Bright white advanced shine detergent.
https://images.unsplash.com/photo-1583947215259-38e31be8751f?w=500&auto=format&fit=crop&q=80,Rin Detergent Powder 4kg,HSH-0071,Rin,Household,Blue,445,406,380,Bright white advanced shine detergent.
https://images.unsplash.com/photo-1585421514284-efb74c2b69ba?w=500&auto=format&fit=crop&q=80,Rin Detergent Powder 4kg (Pack of 2),HSH-0072,Rin,Household,Blue,890,771,332,Bright white advanced shine detergent.
https://images.unsplash.com/photo-1563453392212-326f5e854473?w=500&auto=format&fit=crop&q=80,Rin Detergent Powder 4kg (Pack of 3),HSH-0073,Rin,Household,Blue,1335,1137,163,Bright white advanced shine detergent.
https://images.unsplash.com/photo-1584483766114-2cea6facdf57?w=500&auto=format&fit=crop&q=80,Rin Detergent Powder 4kg (Pack of 4),HSH-0074,Rin,Household,Blue,1780,1502,260,Bright white advanced shine detergent.
https://images.unsplash.com/photo-1610557892470-55d9e80c0bce?w=500&auto=format&fit=crop&q=80,Rin Detergent Powder 4kg (Family Pack of 6),HSH-0075,Rin,Household,Blue,2670,2192,73,Bright white advanced shine detergent.
https://images.unsplash.com/photo-1583947215259-38e31be8751f?w=500&auto=format&fit=crop&q=80,Ghadi Machine Wash Detergent Powder 1kg,HSH-0076,Ghadi,Household,Blue,105,96,158,Ghadi detergent machine wash powder.
https://images.unsplash.com/photo-1585421514284-efb74c2b69ba?w=500&auto=format&fit=crop&q=80,Ghadi Machine Wash Detergent Powder 1kg (Pack of 2),HSH-0077,Ghadi,Household,Blue,210,182,142,Ghadi detergent machine wash powder.
https://images.unsplash.com/photo-1563453392212-326f5e854473?w=500&auto=format&fit=crop&q=80,Ghadi Machine Wash Detergent Powder 1kg (Pack of 3),HSH-0078,Ghadi,Household,Blue,315,269,371,Ghadi detergent machine wash powder.
https://images.unsplash.com/photo-1584483766114-2cea6facdf57?w=500&auto=format&fit=crop&q=80,Ghadi Machine Wash Detergent Powder 1kg (Pack of 4),HSH-0079,Ghadi,Household,Blue,420,355,362,Ghadi detergent machine wash powder.
https://images.unsplash.com/photo-1610557892470-55d9e80c0bce?w=500&auto=format&fit=crop&q=80,Ghadi Machine Wash Detergent Powder 1kg (Family Pack of 6),HSH-0080,Ghadi,Household,Blue,630,518,76,Ghadi detergent machine wash powder.
https://images.unsplash.com/photo-1583947215259-38e31be8751f?w=500&auto=format&fit=crop&q=80,Ghadi Machine Wash Detergent Powder 2kg,HSH-0081,Ghadi,Household,Blue,199,181,79,Ghadi detergent machine wash powder.
https://images.unsplash.com/photo-1585421514284-efb74c2b69ba?w=500&auto=format&fit=crop&q=80,Ghadi Machine Wash Detergent Powder 2kg (Pack of 2),HSH-0082,Ghadi,Household,Blue,398,344,168,Ghadi detergent machine wash powder.
https://images.unsplash.com/photo-1563453392212-326f5e854473?w=500&auto=format&fit=crop&q=80,Ghadi Machine Wash Detergent Powder 2kg (Pack of 3),HSH-0083,Ghadi,Household,Blue,597,507,359,Ghadi detergent machine wash powder.
https://images.unsplash.com/photo-1584483766114-2cea6facdf57?w=500&auto=format&fit=crop&q=80,Ghadi Machine Wash Detergent Powder 2kg (Pack of 4),HSH-0084,Ghadi,Household,Blue,796,670,181,Ghadi detergent machine wash powder.
https://images.unsplash.com/photo-1610557892470-55d9e80c0bce?w=500&auto=format&fit=crop&q=80,Ghadi Machine Wash Detergent Powder 2kg (Family Pack of 6),HSH-0085,Ghadi,Household,Blue,1194,977,95,Ghadi detergent machine wash powder.
https://images.unsplash.com/photo-1583947215259-38e31be8751f?w=500&auto=format&fit=crop&q=80,Nirma Detergent Powder 1kg,HSH-0086,Nirma,Household,Orange,110,100,181,Value for money washing powder.
https://images.unsplash.com/photo-1585421514284-efb74c2b69ba?w=500&auto=format&fit=crop&q=80,Nirma Detergent Powder 1kg (Pack of 2),HSH-0087,Nirma,Household,Orange,220,190,274,Value for money washing powder.
https://images.unsplash.com/photo-1563453392212-326f5e854473?w=500&auto=format&fit=crop&q=80,Nirma Detergent Powder 1kg (Pack of 3),HSH-0088,Nirma,Household,Orange,330,280,237,Value for money washing powder.
https://images.unsplash.com/photo-1584483766114-2cea6facdf57?w=500&auto=format&fit=crop&q=80,Nirma Detergent Powder 1kg (Pack of 4),HSH-0089,Nirma,Household,Orange,440,370,76,Value for money washing powder.
https://images.unsplash.com/photo-1610557892470-55d9e80c0bce?w=500&auto=format&fit=crop&q=80,Nirma Detergent Powder 1kg (Family Pack of 6),HSH-0090,Nirma,Household,Orange,660,540,149,Value for money washing powder.
https://images.unsplash.com/photo-1583947215259-38e31be8751f?w=500&auto=format&fit=crop&q=80,Wipro Safewash Front Load Matic Detergent 1L,HSH-0091,Wipro,Household,Green,299,272,355,Wool safe liquid detergent for front load.
https://images.unsplash.com/photo-1585421514284-efb74c2b69ba?w=500&auto=format&fit=crop&q=80,Wipro Safewash Front Load Matic Detergent 1L (Pack of 2),HSH-0092,Wipro,Household,Green,598,517,79,Wool safe liquid detergent for front load.
https://images.unsplash.com/photo-1563453392212-326f5e854473?w=500&auto=format&fit=crop&q=80,Wipro Safewash Front Load Matic Detergent 1L (Pack of 3),HSH-0093,Wipro,Household,Green,897,762,89,Wool safe liquid detergent for front load.
https://images.unsplash.com/photo-1584483766114-2cea6facdf57?w=500&auto=format&fit=crop&q=80,Wipro Safewash Front Load Matic Detergent 1L (Pack of 4),HSH-0094,Wipro,Household,Green,1196,1006,272,Wool safe liquid detergent for front load.
https://images.unsplash.com/photo-1610557892470-55d9e80c0bce?w=500&auto=format&fit=crop&q=80,Wipro Safewash Front Load Matic Detergent 1L (Family Pack of 6),HSH-0095,Wipro,Household,Green,1794,1469,244,Wool safe liquid detergent for front load.
https://images.unsplash.com/photo-1583947215259-38e31be8751f?w=500&auto=format&fit=crop&q=80,Henko Stain Champion Detergent Powder 1kg,HSH-0096,Henko,Household,Purple,155,142,128,Tough stain champion washing powder.
https://images.unsplash.com/photo-1585421514284-efb74c2b69ba?w=500&auto=format&fit=crop&q=80,Henko Stain Champion Detergent Powder 1kg (Pack of 2),HSH-0097,Henko,Household,Purple,310,270,358,Tough stain champion washing powder.
https://images.unsplash.com/photo-1563453392212-326f5e854473?w=500&auto=format&fit=crop&q=80,Henko Stain Champion Detergent Powder 1kg (Pack of 3),HSH-0098,Henko,Household,Purple,465,398,178,Tough stain champion washing powder.
https://images.unsplash.com/photo-1584483766114-2cea6facdf57?w=500&auto=format&fit=crop&q=80,Henko Stain Champion Detergent Powder 1kg (Pack of 4),HSH-0099,Henko,Household,Purple,620,525,230,Tough stain champion washing powder.
https://images.unsplash.com/photo-1610557892470-55d9e80c0bce?w=500&auto=format&fit=crop&q=80,Henko Stain Champion Detergent Powder 1kg (Family Pack of 6),HSH-0100,Henko,Household,Purple,930,767,131,Tough stain champion washing powder.
https://images.unsplash.com/photo-1583947215259-38e31be8751f?w=500&auto=format&fit=crop&q=80,Fena Super Bright Detergent Powder 1kg,HSH-0101,Fena,Household,Green,112,102,155,Everyday bright clothes washing powder.
https://images.unsplash.com/photo-1585421514284-efb74c2b69ba?w=500&auto=format&fit=crop&q=80,Fena Super Bright Detergent Powder 1kg (Pack of 2),HSH-0102,Fena,Household,Green,224,194,82,Everyday bright clothes washing powder.
https://images.unsplash.com/photo-1563453392212-326f5e854473?w=500&auto=format&fit=crop&q=80,Fena Super Bright Detergent Powder 1kg (Pack of 3),HSH-0103,Fena,Household,Green,336,286,94,Everyday bright clothes washing powder.
https://images.unsplash.com/photo-1584483766114-2cea6facdf57?w=500&auto=format&fit=crop&q=80,Fena Super Bright Detergent Powder 1kg (Pack of 4),HSH-0104,Fena,Household,Green,448,377,308,Everyday bright clothes washing powder.
https://images.unsplash.com/photo-1610557892470-55d9e80c0bce?w=500&auto=format&fit=crop&q=80,Fena Super Bright Detergent Powder 1kg (Family Pack of 6),HSH-0105,Fena,Household,Green,672,551,154,Everyday bright clothes washing powder.
https://images.unsplash.com/photo-1583947215259-38e31be8751f?w=500&auto=format&fit=crop&q=80,Vim Dishwash Gel Lemon 250ml,HSH-0106,Vim,Household,Yellow,65,59,290,Powerful lemon dishwashing liquid grease cleaner.
https://images.unsplash.com/photo-1585421514284-efb74c2b69ba?w=500&auto=format&fit=crop&q=80,Vim Dishwash Gel Lemon 250ml (Pack of 2),HSH-0107,Vim,Household,Yellow,130,112,346,Powerful lemon dishwashing liquid grease cleaner.
https://images.unsplash.com/photo-1563453392212-326f5e854473?w=500&auto=format&fit=crop&q=80,Vim Dishwash Gel Lemon 250ml (Pack of 3),HSH-0108,Vim,Household,Yellow,195,165,238,Powerful lemon dishwashing liquid grease cleaner.
https://images.unsplash.com/photo-1584483766114-2cea6facdf57?w=500&auto=format&fit=crop&q=80,Vim Dishwash Gel Lemon 250ml (Pack of 4),HSH-0109,Vim,Household,Yellow,260,218,233,Powerful lemon dishwashing liquid grease cleaner.
https://images.unsplash.com/photo-1610557892470-55d9e80c0bce?w=500&auto=format&fit=crop&q=80,Vim Dishwash Gel Lemon 250ml (Family Pack of 6),HSH-0110,Vim,Household,Yellow,390,319,261,Powerful lemon dishwashing liquid grease cleaner.
https://images.unsplash.com/photo-1583947215259-38e31be8751f?w=500&auto=format&fit=crop&q=80,Vim Dishwash Gel Lemon 750ml,HSH-0111,Vim,Household,Yellow,180,162,371,Powerful lemon dishwashing liquid grease cleaner.
https://images.unsplash.com/photo-1585421514284-efb74c2b69ba?w=500&auto=format&fit=crop&q=80,Vim Dishwash Gel Lemon 750ml (Pack of 2),HSH-0112,Vim,Household,Yellow,360,308,350,Powerful lemon dishwashing liquid grease cleaner.
https://images.unsplash.com/photo-1563453392212-326f5e854473?w=500&auto=format&fit=crop&q=80,Vim Dishwash Gel Lemon 750ml (Pack of 3),HSH-0113,Vim,Household,Yellow,540,454,100,Powerful lemon dishwashing liquid grease cleaner.
https://images.unsplash.com/photo-1584483766114-2cea6facdf57?w=500&auto=format&fit=crop&q=80,Vim Dishwash Gel Lemon 750ml (Pack of 4),HSH-0114,Vim,Household,Yellow,720,599,301,Powerful lemon dishwashing liquid grease cleaner.
https://images.unsplash.com/photo-1610557892470-55d9e80c0bce?w=500&auto=format&fit=crop&q=80,Vim Dishwash Gel Lemon 750ml (Family Pack of 6),HSH-0115,Vim,Household,Yellow,1080,875,197,Powerful lemon dishwashing liquid grease cleaner.
https://images.unsplash.com/photo-1583947215259-38e31be8751f?w=500&auto=format&fit=crop&q=80,Vim Dishwash Gel Lemon 1.8L,HSH-0116,Vim,Household,Yellow,335,305,374,Powerful lemon dishwashing liquid grease cleaner.
https://images.unsplash.com/photo-1585421514284-efb74c2b69ba?w=500&auto=format&fit=crop&q=80,Vim Dishwash Gel Lemon 1.8L (Pack of 2),HSH-0117,Vim,Household,Yellow,670,580,285,Powerful lemon dishwashing liquid grease cleaner.
https://images.unsplash.com/photo-1563453392212-326f5e854473?w=500&auto=format&fit=crop&q=80,Vim Dishwash Gel Lemon 1.8L (Pack of 3),HSH-0118,Vim,Household,Yellow,1005,854,397,Powerful lemon dishwashing liquid grease cleaner.
https://images.unsplash.com/photo-1584483766114-2cea6facdf57?w=500&auto=format&fit=crop&q=80,Vim Dishwash Gel Lemon 1.8L (Pack of 4),HSH-0119,Vim,Household,Yellow,1340,1128,364,Powerful lemon dishwashing liquid grease cleaner.
https://images.unsplash.com/photo-1610557892470-55d9e80c0bce?w=500&auto=format&fit=crop&q=80,Vim Dishwash Gel Lemon 1.8L (Family Pack of 6),HSH-0120,Vim,Household,Yellow,2010,1647,273,Powerful lemon dishwashing liquid grease cleaner.
https://images.unsplash.com/photo-1583947215259-38e31be8751f?w=500&auto=format&fit=crop&q=80,Vim Dishwash Bar Lemon 200g,HSH-0121,Vim,Household,Yellow,20,20,203,Classic lemon dishwash bar.
https://images.unsplash.com/photo-1585421514284-efb74c2b69ba?w=500&auto=format&fit=crop&q=80,Vim Dishwash Bar Lemon 200g (Pack of 2),HSH-0122,Vim,Household,Yellow,40,38,197,Classic lemon dishwash bar.
https://images.unsplash.com/photo-1563453392212-326f5e854473?w=500&auto=format&fit=crop&q=80,Vim Dishwash Bar Lemon 200g (Pack of 3),HSH-0123,Vim,Household,Yellow,60,56,286,Classic lemon dishwash bar.
https://images.unsplash.com/photo-1584483766114-2cea6facdf57?w=500&auto=format&fit=crop&q=80,Vim Dishwash Bar Lemon 200g (Pack of 4),HSH-0124,Vim,Household,Yellow,80,74,114,Classic lemon dishwash bar.
https://images.unsplash.com/photo-1610557892470-55d9e80c0bce?w=500&auto=format&fit=crop&q=80,Vim Dishwash Bar Lemon 200g (Family Pack of 6),HSH-0125,Vim,Household,Yellow,120,108,292,Classic lemon dishwash bar.
https://images.unsplash.com/photo-1583947215259-38e31be8751f?w=500&auto=format&fit=crop&q=80,Vim Dishwash Bar Lemon 400g,HSH-0126,Vim,Household,Yellow,35,32,335,Classic lemon dishwash bar.
https://images.unsplash.com/photo-1585421514284-efb74c2b69ba?w=500&auto=format&fit=crop&q=80,Vim Dishwash Bar Lemon 400g (Pack of 2),HSH-0127,Vim,Household,Yellow,70,61,194,Classic lemon dishwash bar.
https://images.unsplash.com/photo-1563453392212-326f5e854473?w=500&auto=format&fit=crop&q=80,Vim Dishwash Bar Lemon 400g (Pack of 3),HSH-0128,Vim,Household,Yellow,105,90,112,Classic lemon dishwash bar.
https://images.unsplash.com/photo-1584483766114-2cea6facdf57?w=500&auto=format&fit=crop&q=80,Vim Dishwash Bar Lemon 400g (Pack of 4),HSH-0129,Vim,Household,Yellow,140,118,277,Classic lemon dishwash bar.
https://images.unsplash.com/photo-1610557892470-55d9e80c0bce?w=500&auto=format&fit=crop&q=80,Vim Dishwash Bar Lemon 400g (Family Pack of 6),HSH-0130,Vim,Household,Yellow,210,173,393,Classic lemon dishwash bar.
https://images.unsplash.com/photo-1583947215259-38e31be8751f?w=500&auto=format&fit=crop&q=80,Pril Dishwash Gel Orange 750ml,HSH-0131,Pril,Household,Orange,175,160,123,Tough on grease easy on hands gel.
https://images.unsplash.com/photo-1585421514284-efb74c2b69ba?w=500&auto=format&fit=crop&q=80,Pril Dishwash Gel Orange 750ml (Pack of 2),HSH-0132,Pril,Household,Orange,350,304,391,Tough on grease easy on hands gel.
https://images.unsplash.com/photo-1563453392212-326f5e854473?w=500&auto=format&fit=crop&q=80,Pril Dishwash Gel Orange 750ml (Pack of 3),HSH-0133,Pril,Household,Orange,525,448,94,Tough on grease easy on hands gel.
https://images.unsplash.com/photo-1584483766114-2cea6facdf57?w=500&auto=format&fit=crop&q=80,Pril Dishwash Gel Orange 750ml (Pack of 4),HSH-0134,Pril,Household,Orange,700,592,323,Tough on grease easy on hands gel.
https://images.unsplash.com/photo-1610557892470-55d9e80c0bce?w=500&auto=format&fit=crop&q=80,Pril Dishwash Gel Orange 750ml (Family Pack of 6),HSH-0135,Pril,Household,Orange,1050,864,155,Tough on grease easy on hands gel.
https://images.unsplash.com/photo-1583947215259-38e31be8751f?w=500&auto=format&fit=crop&q=80,Harpic Power Plus Toilet Cleaner 500ml,HSH-0136,Harpic,Household,Blue,105,96,171,10x max stain remover disinfectant toilet cleaning liquid.
https://images.unsplash.com/photo-1585421514284-efb74c2b69ba?w=500&auto=format&fit=crop&q=80,Harpic Power Plus Toilet Cleaner 500ml (Pack of 2),HSH-0137,Harpic,Household,Blue,210,182,319,10x max stain remover disinfectant toilet cleaning liquid.
https://images.unsplash.com/photo-1563453392212-326f5e854473?w=500&auto=format&fit=crop&q=80,Harpic Power Plus Toilet Cleaner 500ml (Pack of 3),HSH-0138,Harpic,Household,Blue,315,269,291,10x max stain remover disinfectant toilet cleaning liquid.
https://images.unsplash.com/photo-1584483766114-2cea6facdf57?w=500&auto=format&fit=crop&q=80,Harpic Power Plus Toilet Cleaner 500ml (Pack of 4),HSH-0139,Harpic,Household,Blue,420,355,394,10x max stain remover disinfectant toilet cleaning liquid.
https://images.unsplash.com/photo-1610557892470-55d9e80c0bce?w=500&auto=format&fit=crop&q=80,Harpic Power Plus Toilet Cleaner 500ml (Family Pack of 6),HSH-0140,Harpic,Household,Blue,630,518,221,10x max stain remover disinfectant toilet cleaning liquid.
https://images.unsplash.com/photo-1583947215259-38e31be8751f?w=500&auto=format&fit=crop&q=80,Harpic Power Plus Toilet Cleaner 1L,HSH-0141,Harpic,Household,Blue,215,195,304,10x max stain remover disinfectant toilet cleaning liquid.
https://images.unsplash.com/photo-1585421514284-efb74c2b69ba?w=500&auto=format&fit=crop&q=80,Harpic Power Plus Toilet Cleaner 1L (Pack of 2),HSH-0142,Harpic,Household,Blue,430,370,313,10x max stain remover disinfectant toilet cleaning liquid.
https://images.unsplash.com/photo-1563453392212-326f5e854473?w=500&auto=format&fit=crop&q=80,Harpic Power Plus Toilet Cleaner 1L (Pack of 3),HSH-0143,Harpic,Household,Blue,645,546,167,10x max stain remover disinfectant toilet cleaning liquid.
https://images.unsplash.com/photo-1584483766114-2cea6facdf57?w=500&auto=format&fit=crop&q=80,Harpic Power Plus Toilet Cleaner 1L (Pack of 4),HSH-0144,Harpic,Household,Blue,860,722,71,10x max stain remover disinfectant toilet cleaning liquid.
https://images.unsplash.com/photo-1610557892470-55d9e80c0bce?w=500&auto=format&fit=crop&q=80,Harpic Power Plus Toilet Cleaner 1L (Family Pack of 6),HSH-0145,Harpic,Household,Blue,1290,1053,263,10x max stain remover disinfectant toilet cleaning liquid.
https://images.unsplash.com/photo-1583947215259-38e31be8751f?w=500&auto=format&fit=crop&q=80,Harpic Power Plus Toilet Cleaner 1.5L,HSH-0146,Harpic,Household,Blue,299,272,308,10x max stain remover disinfectant toilet cleaning liquid.
https://images.unsplash.com/photo-1585421514284-efb74c2b69ba?w=500&auto=format&fit=crop&q=80,Harpic Power Plus Toilet Cleaner 1.5L (Pack of 2),HSH-0147,Harpic,Household,Blue,598,517,375,10x max stain remover disinfectant toilet cleaning liquid.
https://images.unsplash.com/photo-1509440159596-0249088772ff?w=500&auto=format&fit=crop&q=80,Britannia 100% Whole Wheat Bread 400g,BKR-0001,Britannia,Bakery,Brown,50,48,242,Healthy brown bread baked with whole wheat flour.
https://images.unsplash.com/photo-1578985545062-69928b1d9587?w=500&auto=format&fit=crop&q=80,Britannia 100% Whole Wheat Bread 400g (Pack of 2),BKR-0002,Britannia,Bakery,Brown,100,91,71,Healthy brown bread baked with whole wheat flour.
https://images.unsplash.com/photo-1586444248902-2f64eddc13df?w=500&auto=format&fit=crop&q=80,Britannia 100% Whole Wheat Bread 400g (Pack of 3),BKR-0003,Britannia,Bakery,Brown,150,134,173,Healthy brown bread baked with whole wheat flour.
https://images.unsplash.com/photo-1555507036-ab1f4038808a?w=500&auto=format&fit=crop&q=80,Britannia 100% Whole Wheat Bread 400g (Pack of 4),BKR-0004,Britannia,Bakery,Brown,200,178,247,Healthy brown bread baked with whole wheat flour.
https://images.unsplash.com/photo-1549931319-a545dcf3bc73?w=500&auto=format&fit=crop&q=80,Britannia 100% Whole Wheat Bread 400g (Family Pack of 6),BKR-0005,Britannia,Bakery,Brown,300,259,193,Healthy brown bread baked with whole wheat flour.
https://images.unsplash.com/photo-1608198093002-ad4e005484ec?w=500&auto=format&fit=crop&q=80,Britannia Milk Bread 400g,BKR-0006,Britannia,Bakery,White,45,43,203,Soft milky sandwich bread loaf.
https://images.unsplash.com/photo-1517686469429-8bdb88b9f907?w=500&auto=format&fit=crop&q=80,Britannia Milk Bread 400g (Pack of 2),BKR-0007,Britannia,Bakery,White,90,82,166,Soft milky sandwich bread loaf.
https://images.unsplash.com/photo-1509440159596-0249088772ff?w=500&auto=format&fit=crop&q=80,Britannia Milk Bread 400g (Pack of 3),BKR-0008,Britannia,Bakery,White,135,120,81,Soft milky sandwich bread loaf.
https://images.unsplash.com/photo-1578985545062-69928b1d9587?w=500&auto=format&fit=crop&q=80,Britannia Milk Bread 400g (Pack of 4),BKR-0009,Britannia,Bakery,White,180,159,232,Soft milky sandwich bread loaf.
https://images.unsplash.com/photo-1586444248902-2f64eddc13df?w=500&auto=format&fit=crop&q=80,Britannia Milk Bread 400g (Family Pack of 6),BKR-0010,Britannia,Bakery,White,270,232,107,Soft milky sandwich bread loaf.
https://images.unsplash.com/photo-1555507036-ab1f4038808a?w=500&auto=format&fit=crop&q=80,Modern White Sandwich Bread 400g,BKR-0011,Modern,Bakery,White,40,38,248,Soft white bread perfect for breakfast sandwiches.
https://images.unsplash.com/photo-1549931319-a545dcf3bc73?w=500&auto=format&fit=crop&q=80,Modern White Sandwich Bread 400g (Pack of 2),BKR-0012,Modern,Bakery,White,80,72,178,Soft white bread perfect for breakfast sandwiches.
https://images.unsplash.com/photo-1608198093002-ad4e005484ec?w=500&auto=format&fit=crop&q=80,Modern White Sandwich Bread 400g (Pack of 3),BKR-0013,Modern,Bakery,White,120,106,65,Soft white bread perfect for breakfast sandwiches.
https://images.unsplash.com/photo-1517686469429-8bdb88b9f907?w=500&auto=format&fit=crop&q=80,Modern White Sandwich Bread 400g (Pack of 4),BKR-0014,Modern,Bakery,White,160,141,237,Soft white bread perfect for breakfast sandwiches.
https://images.unsplash.com/photo-1509440159596-0249088772ff?w=500&auto=format&fit=crop&q=80,Modern White Sandwich Bread 400g (Family Pack of 6),BKR-0015,Modern,Bakery,White,240,205,194,Soft white bread perfect for breakfast sandwiches.
https://images.unsplash.com/photo-1578985545062-69928b1d9587?w=500&auto=format&fit=crop&q=80,Modern 100% Atta Bread 400g,BKR-0016,Modern,Bakery,Brown,52,49,111,High fiber whole wheat atta bread.
https://images.unsplash.com/photo-1586444248902-2f64eddc13df?w=500&auto=format&fit=crop&q=80,Modern 100% Atta Bread 400g (Pack of 2),BKR-0017,Modern,Bakery,Brown,104,93,90,High fiber whole wheat atta bread.
https://images.unsplash.com/photo-1555507036-ab1f4038808a?w=500&auto=format&fit=crop&q=80,Modern 100% Atta Bread 400g (Pack of 3),BKR-0018,Modern,Bakery,Brown,156,137,76,High fiber whole wheat atta bread.
https://images.unsplash.com/photo-1549931319-a545dcf3bc73?w=500&auto=format&fit=crop&q=80,Modern 100% Atta Bread 400g (Pack of 4),BKR-0019,Modern,Bakery,Brown,208,181,109,High fiber whole wheat atta bread.
https://images.unsplash.com/photo-1608198093002-ad4e005484ec?w=500&auto=format&fit=crop&q=80,Modern 100% Atta Bread 400g (Family Pack of 6),BKR-0020,Modern,Bakery,Brown,312,265,103,High fiber whole wheat atta bread.
https://images.unsplash.com/photo-1517686469429-8bdb88b9f907?w=500&auto=format&fit=crop&q=80,Wibs Soft White Bread 400g,BKR-0021,Wibs,Bakery,White,42,40,57,Mumbai classic soft spongy white bread.
https://images.unsplash.com/photo-1509440159596-0249088772ff?w=500&auto=format&fit=crop&q=80,Wibs Soft White Bread 400g (Pack of 2),BKR-0022,Wibs,Bakery,White,84,76,126,Mumbai classic soft spongy white bread.
https://images.unsplash.com/photo-1578985545062-69928b1d9587?w=500&auto=format&fit=crop&q=80,Wibs Soft White Bread 400g (Pack of 3),BKR-0023,Wibs,Bakery,White,126,112,207,Mumbai classic soft spongy white bread.
https://images.unsplash.com/photo-1586444248902-2f64eddc13df?w=500&auto=format&fit=crop&q=80,Wibs Soft White Bread 400g (Pack of 4),BKR-0024,Wibs,Bakery,White,168,148,244,Mumbai classic soft spongy white bread.
https://images.unsplash.com/photo-1555507036-ab1f4038808a?w=500&auto=format&fit=crop&q=80,Wibs Soft White Bread 400g (Family Pack of 6),BKR-0025,Wibs,Bakery,White,252,216,53,Mumbai classic soft spongy white bread.
https://images.unsplash.com/photo-1549931319-a545dcf3bc73?w=500&auto=format&fit=crop&q=80,Bakehouse Multigrain Bread 400g,BKR-0026,Bakehouse,Bakery,Brown,75,68,205,Seeds loaded multigrain premium bread.
https://images.unsplash.com/photo-1608198093002-ad4e005484ec?w=500&auto=format&fit=crop&q=80,Bakehouse Multigrain Bread 400g (Pack of 2),BKR-0027,Bakehouse,Bakery,Brown,150,129,176,Seeds loaded multigrain premium bread.
https://images.unsplash.com/photo-1517686469429-8bdb88b9f907?w=500&auto=format&fit=crop&q=80,Bakehouse Multigrain Bread 400g (Pack of 3),BKR-0028,Bakehouse,Bakery,Brown,225,190,175,Seeds loaded multigrain premium bread.
https://images.unsplash.com/photo-1509440159596-0249088772ff?w=500&auto=format&fit=crop&q=80,Bakehouse Multigrain Bread 400g (Pack of 4),BKR-0029,Bakehouse,Bakery,Brown,300,252,206,Seeds loaded multigrain premium bread.
https://images.unsplash.com/photo-1578985545062-69928b1d9587?w=500&auto=format&fit=crop&q=80,Bakehouse Multigrain Bread 400g (Family Pack of 6),BKR-0030,Bakehouse,Bakery,Brown,450,367,240,Seeds loaded multigrain premium bread.
https://images.unsplash.com/photo-1586444248902-2f64eddc13df?w=500&auto=format&fit=crop&q=80,Bakehouse Garlic Bread Loaf 250g,BKR-0031,Bakehouse,Bakery,Golden,85,75,163,Oven fresh garlic herb butter seasoned bread loaf.
https://images.unsplash.com/photo-1555507036-ab1f4038808a?w=500&auto=format&fit=crop&q=80,Bakehouse Garlic Bread Loaf 250g (Pack of 2),BKR-0032,Bakehouse,Bakery,Golden,170,142,179,Oven fresh garlic herb butter seasoned bread loaf.
https://images.unsplash.com/photo-1549931319-a545dcf3bc73?w=500&auto=format&fit=crop&q=80,Bakehouse Garlic Bread Loaf 250g (Pack of 3),BKR-0033,Bakehouse,Bakery,Golden,255,210,87,Oven fresh garlic herb butter seasoned bread loaf.
https://images.unsplash.com/photo-1608198093002-ad4e005484ec?w=500&auto=format&fit=crop&q=80,Bakehouse Garlic Bread Loaf 250g (Pack of 4),BKR-0034,Bakehouse,Bakery,Golden,340,278,81,Oven fresh garlic herb butter seasoned bread loaf.
https://images.unsplash.com/photo-1517686469429-8bdb88b9f907?w=500&auto=format&fit=crop&q=80,Bakehouse Garlic Bread Loaf 250g (Family Pack of 6),BKR-0035,Bakehouse,Bakery,Golden,510,405,204,Oven fresh garlic herb butter seasoned bread loaf.
https://images.unsplash.com/photo-1509440159596-0249088772ff?w=500&auto=format&fit=crop&q=80,Britannia Gobbles Chocolate Cake 120g,BKR-0036,Britannia,Bakery,Brown,40,38,160,Soft spongy chocolate snack cake slice.
https://images.unsplash.com/photo-1578985545062-69928b1d9587?w=500&auto=format&fit=crop&q=80,Britannia Gobbles Chocolate Cake 120g (Pack of 2),BKR-0037,Britannia,Bakery,Brown,80,72,102,Soft spongy chocolate snack cake slice.
https://images.unsplash.com/photo-1586444248902-2f64eddc13df?w=500&auto=format&fit=crop&q=80,Britannia Gobbles Chocolate Cake 120g (Pack of 3),BKR-0038,Britannia,Bakery,Brown,120,106,230,Soft spongy chocolate snack cake slice.
https://images.unsplash.com/photo-1555507036-ab1f4038808a?w=500&auto=format&fit=crop&q=80,Britannia Gobbles Chocolate Cake 120g (Pack of 4),BKR-0039,Britannia,Bakery,Brown,160,141,202,Soft spongy chocolate snack cake slice.
https://images.unsplash.com/photo-1549931319-a545dcf3bc73?w=500&auto=format&fit=crop&q=80,Britannia Gobbles Chocolate Cake 120g (Family Pack of 6),BKR-0040,Britannia,Bakery,Brown,240,205,122,Soft spongy chocolate snack cake slice.
https://images.unsplash.com/photo-1608198093002-ad4e005484ec?w=500&auto=format&fit=crop&q=80,Britannia Gobbles Pineapple Cake 120g,BKR-0041,Britannia,Bakery,Yellow,40,38,81,Juicy pineapple flavoured cake slice.
https://images.unsplash.com/photo-1517686469429-8bdb88b9f907?w=500&auto=format&fit=crop&q=80,Britannia Gobbles Pineapple Cake 120g (Pack of 2),BKR-0042,Britannia,Bakery,Yellow,80,72,147,Juicy pineapple flavoured cake slice.
https://images.unsplash.com/photo-1509440159596-0249088772ff?w=500&auto=format&fit=crop&q=80,Britannia Gobbles Pineapple Cake 120g (Pack of 3),BKR-0043,Britannia,Bakery,Yellow,120,106,137,Juicy pineapple flavoured cake slice.
https://images.unsplash.com/photo-1578985545062-69928b1d9587?w=500&auto=format&fit=crop&q=80,Britannia Gobbles Pineapple Cake 120g (Pack of 4),BKR-0044,Britannia,Bakery,Yellow,160,141,143,Juicy pineapple flavoured cake slice.
https://images.unsplash.com/photo-1586444248902-2f64eddc13df?w=500&auto=format&fit=crop&q=80,Britannia Gobbles Pineapple Cake 120g (Family Pack of 6),BKR-0045,Britannia,Bakery,Yellow,240,205,241,Juicy pineapple flavoured cake slice.
https://images.unsplash.com/photo-1555507036-ab1f4038808a?w=500&auto=format&fit=crop&q=80,Elite Fruit Cake 300g Pack 300g,BKR-0046,Elite,Bakery,Brown,130,118,130,Traditional rich fruit cake loaded with candied fruits.
https://images.unsplash.com/photo-1549931319-a545dcf3bc73?w=500&auto=format&fit=crop&q=80,Elite Fruit Cake 300g Pack 300g (Pack of 2),BKR-0047,Elite,Bakery,Brown,260,224,174,Traditional rich fruit cake loaded with candied fruits.
https://images.unsplash.com/photo-1608198093002-ad4e005484ec?w=500&auto=format&fit=crop&q=80,Elite Fruit Cake 300g Pack 300g (Pack of 3),BKR-0048,Elite,Bakery,Brown,390,330,215,Traditional rich fruit cake loaded with candied fruits.
https://images.unsplash.com/photo-1517686469429-8bdb88b9f907?w=500&auto=format&fit=crop&q=80,Elite Fruit Cake 300g Pack 300g (Pack of 4),BKR-0049,Elite,Bakery,Brown,520,437,224,Traditional rich fruit cake loaded with candied fruits.
https://images.unsplash.com/photo-1509440159596-0249088772ff?w=500&auto=format&fit=crop&q=80,Elite Fruit Cake 300g Pack 300g (Family Pack of 6),BKR-0050,Elite,Bakery,Brown,780,637,128,Traditional rich fruit cake loaded with candied fruits.
https://images.unsplash.com/photo-1578985545062-69928b1d9587?w=500&auto=format&fit=crop&q=80,Elite Plum Cake Premium 500g,BKR-0051,Elite,Bakery,Dark Brown,245,222,162,Festive rich plum cake with nuts & spices.
https://images.unsplash.com/photo-1586444248902-2f64eddc13df?w=500&auto=format&fit=crop&q=80,Elite Plum Cake Premium 500g (Pack of 2),BKR-0052,Elite,Bakery,Dark Brown,490,422,221,Festive rich plum cake with nuts & spices.
https://images.unsplash.com/photo-1555507036-ab1f4038808a?w=500&auto=format&fit=crop&q=80,Elite Plum Cake Premium 500g (Pack of 3),BKR-0053,Elite,Bakery,Dark Brown,735,622,72,Festive rich plum cake with nuts & spices.
https://images.unsplash.com/photo-1549931319-a545dcf3bc73?w=500&auto=format&fit=crop&q=80,Elite Plum Cake Premium 500g (Pack of 4),BKR-0054,Elite,Bakery,Dark Brown,980,821,191,Festive rich plum cake with nuts & spices.
https://images.unsplash.com/photo-1608198093002-ad4e005484ec?w=500&auto=format&fit=crop&q=80,Elite Plum Cake Premium 500g (Family Pack of 6),BKR-0055,Elite,Bakery,Dark Brown,1470,1199,198,Festive rich plum cake with nuts & spices.
https://images.unsplash.com/photo-1517686469429-8bdb88b9f907?w=500&auto=format&fit=crop&q=80,Monginis Chocolate Truffle Pastry 1 Piece,BKR-0056,Monginis,Bakery,Dark Brown,65,59,148,Rich chocolate truffle fresh cream pastry.
https://images.unsplash.com/photo-1509440159596-0249088772ff?w=500&auto=format&fit=crop&q=80,Monginis Chocolate Truffle Pastry 1 Piece (Pack of 2),BKR-0057,Monginis,Bakery,Dark Brown,130,112,181,Rich chocolate truffle fresh cream pastry.
https://images.unsplash.com/photo-1578985545062-69928b1d9587?w=500&auto=format&fit=crop&q=80,Monginis Chocolate Truffle Pastry 1 Piece (Pack of 3),BKR-0058,Monginis,Bakery,Dark Brown,195,165,183,Rich chocolate truffle fresh cream pastry.
https://images.unsplash.com/photo-1586444248902-2f64eddc13df?w=500&auto=format&fit=crop&q=80,Monginis Chocolate Truffle Pastry 1 Piece (Pack of 4),BKR-0059,Monginis,Bakery,Dark Brown,260,218,100,Rich chocolate truffle fresh cream pastry.
https://images.unsplash.com/photo-1555507036-ab1f4038808a?w=500&auto=format&fit=crop&q=80,Monginis Chocolate Truffle Pastry 1 Piece (Family Pack of 6),BKR-0060,Monginis,Bakery,Dark Brown,390,319,94,Rich chocolate truffle fresh cream pastry.
https://images.unsplash.com/photo-1549931319-a545dcf3bc73?w=500&auto=format&fit=crop&q=80,Monginis Black Forest Pastry 1 Piece,BKR-0061,Monginis,Bakery,Dark Brown,60,54,223,Cherry cream chocolate black forest pastry.
https://images.unsplash.com/photo-1608198093002-ad4e005484ec?w=500&auto=format&fit=crop&q=80,Monginis Black Forest Pastry 1 Piece (Pack of 2),BKR-0062,Monginis,Bakery,Dark Brown,120,103,136,Cherry cream chocolate black forest pastry.
https://images.unsplash.com/photo-1517686469429-8bdb88b9f907?w=500&auto=format&fit=crop&q=80,Monginis Black Forest Pastry 1 Piece (Pack of 3),BKR-0063,Monginis,Bakery,Dark Brown,180,151,224,Cherry cream chocolate black forest pastry.
https://images.unsplash.com/photo-1509440159596-0249088772ff?w=500&auto=format&fit=crop&q=80,Monginis Black Forest Pastry 1 Piece (Pack of 4),BKR-0064,Monginis,Bakery,Dark Brown,240,200,222,Cherry cream chocolate black forest pastry.
https://images.unsplash.com/photo-1578985545062-69928b1d9587?w=500&auto=format&fit=crop&q=80,Monginis Black Forest Pastry 1 Piece (Family Pack of 6),BKR-0065,Monginis,Bakery,Dark Brown,360,292,95,Cherry cream chocolate black forest pastry.
https://images.unsplash.com/photo-1586444248902-2f64eddc13df?w=500&auto=format&fit=crop&q=80,Monginis Butterscotch Pastry 1 Piece,BKR-0066,Monginis,Bakery,Golden,60,54,58,Crunchy butterscotch cream pastry.
https://images.unsplash.com/photo-1555507036-ab1f4038808a?w=500&auto=format&fit=crop&q=80,Monginis Butterscotch Pastry 1 Piece (Pack of 2),BKR-0067,Monginis,Bakery,Golden,120,103,74,Crunchy butterscotch cream pastry.
https://images.unsplash.com/photo-1549931319-a545dcf3bc73?w=500&auto=format&fit=crop&q=80,Monginis Butterscotch Pastry 1 Piece (Pack of 3),BKR-0068,Monginis,Bakery,Golden,180,151,155,Crunchy butterscotch cream pastry.
https://images.unsplash.com/photo-1608198093002-ad4e005484ec?w=500&auto=format&fit=crop&q=80,Monginis Butterscotch Pastry 1 Piece (Pack of 4),BKR-0069,Monginis,Bakery,Golden,240,200,153,Crunchy butterscotch cream pastry.
https://images.unsplash.com/photo-1517686469429-8bdb88b9f907?w=500&auto=format&fit=crop&q=80,Monginis Butterscotch Pastry 1 Piece (Family Pack of 6),BKR-0070,Monginis,Bakery,Golden,360,292,208,Crunchy butterscotch cream pastry.
https://images.unsplash.com/photo-1509440159596-0249088772ff?w=500&auto=format&fit=crop&q=80,Modern Burger Buns 4 Piece,BKR-0071,Modern,Bakery,Golden,45,42,200,Soft golden bakery burger buns with sesame seeds.
https://images.unsplash.com/photo-1578985545062-69928b1d9587?w=500&auto=format&fit=crop&q=80,Modern Burger Buns 4 Piece (Pack of 2),BKR-0072,Modern,Bakery,Golden,90,80,191,Soft golden bakery burger buns with sesame seeds.
https://images.unsplash.com/photo-1586444248902-2f64eddc13df?w=500&auto=format&fit=crop&q=80,Modern Burger Buns 4 Piece (Pack of 3),BKR-0073,Modern,Bakery,Golden,135,118,159,Soft golden bakery burger buns with sesame seeds.
https://images.unsplash.com/photo-1555507036-ab1f4038808a?w=500&auto=format&fit=crop&q=80,Modern Burger Buns 4 Piece (Pack of 4),BKR-0074,Modern,Bakery,Golden,180,155,208,Soft golden bakery burger buns with sesame seeds.
https://images.unsplash.com/photo-1549931319-a545dcf3bc73?w=500&auto=format&fit=crop&q=80,Modern Burger Buns 4 Piece (Family Pack of 6),BKR-0075,Modern,Bakery,Golden,270,227,87,Soft golden bakery burger buns with sesame seeds.
https://images.unsplash.com/photo-1608198093002-ad4e005484ec?w=500&auto=format&fit=crop&q=80,Bakehouse Sesame Burger Buns 4 Piece,BKR-0076,Bakehouse,Bakery,Golden,75,68,65,Premium brioche style burger buns.
https://images.unsplash.com/photo-1517686469429-8bdb88b9f907?w=500&auto=format&fit=crop&q=80,Bakehouse Sesame Burger Buns 4 Piece (Pack of 2),BKR-0077,Bakehouse,Bakery,Golden,150,129,167,Premium brioche style burger buns.
https://images.unsplash.com/photo-1509440159596-0249088772ff?w=500&auto=format&fit=crop&q=80,Bakehouse Sesame Burger Buns 4 Piece (Pack of 3),BKR-0078,Bakehouse,Bakery,Golden,225,190,131,Premium brioche style burger buns.
https://images.unsplash.com/photo-1578985545062-69928b1d9587?w=500&auto=format&fit=crop&q=80,Bakehouse Sesame Burger Buns 4 Piece (Pack of 4),BKR-0079,Bakehouse,Bakery,Golden,300,252,87,Premium brioche style burger buns.
https://images.unsplash.com/photo-1586444248902-2f64eddc13df?w=500&auto=format&fit=crop&q=80,Bakehouse Sesame Burger Buns 4 Piece (Family Pack of 6),BKR-0080,Bakehouse,Bakery,Golden,450,367,185,Premium brioche style burger buns.
https://images.unsplash.com/photo-1555507036-ab1f4038808a?w=500&auto=format&fit=crop&q=80,Modern Pav Buns 6 Piece,BKR-0081,Modern,Bakery,White,35,32,113,Soft bakery pav buns ideal for pav bhaji and vada pav.
https://images.unsplash.com/photo-1549931319-a545dcf3bc73?w=500&auto=format&fit=crop&q=80,Modern Pav Buns 6 Piece (Pack of 2),BKR-0082,Modern,Bakery,White,70,61,108,Soft bakery pav buns ideal for pav bhaji and vada pav.
https://images.unsplash.com/photo-1608198093002-ad4e005484ec?w=500&auto=format&fit=crop&q=80,Modern Pav Buns 6 Piece (Pack of 3),BKR-0083,Modern,Bakery,White,105,90,91,Soft bakery pav buns ideal for pav bhaji and vada pav.
https://images.unsplash.com/photo-1517686469429-8bdb88b9f907?w=500&auto=format&fit=crop&q=80,Modern Pav Buns 6 Piece (Pack of 4),BKR-0084,Modern,Bakery,White,140,118,96,Soft bakery pav buns ideal for pav bhaji and vada pav.
https://images.unsplash.com/photo-1509440159596-0249088772ff?w=500&auto=format&fit=crop&q=80,Modern Pav Buns 6 Piece (Family Pack of 6),BKR-0085,Modern,Bakery,White,210,173,156,Soft bakery pav buns ideal for pav bhaji and vada pav.
https://images.unsplash.com/photo-1578985545062-69928b1d9587?w=500&auto=format&fit=crop&q=80,Bakehouse Ladi Pav 12 Piece,BKR-0086,Bakehouse,Bakery,White,60,55,138,Fresh mumbai style ladi pav pack.
https://images.unsplash.com/photo-1586444248902-2f64eddc13df?w=500&auto=format&fit=crop&q=80,Bakehouse Ladi Pav 12 Piece (Pack of 2),BKR-0087,Bakehouse,Bakery,White,120,104,156,Fresh mumbai style ladi pav pack.
https://images.unsplash.com/photo-1555507036-ab1f4038808a?w=500&auto=format&fit=crop&q=80,Bakehouse Ladi Pav 12 Piece (Pack of 3),BKR-0088,Bakehouse,Bakery,White,180,154,137,Fresh mumbai style ladi pav pack.
https://images.unsplash.com/photo-1549931319-a545dcf3bc73?w=500&auto=format&fit=crop&q=80,Bakehouse Ladi Pav 12 Piece (Pack of 4),BKR-0089,Bakehouse,Bakery,White,240,204,233,Fresh mumbai style ladi pav pack.
https://images.unsplash.com/photo-1608198093002-ad4e005484ec?w=500&auto=format&fit=crop&q=80,Bakehouse Ladi Pav 12 Piece (Family Pack of 6),BKR-0090,Bakehouse,Bakery,White,360,297,102,Fresh mumbai style ladi pav pack.
https://images.unsplash.com/photo-1517686469429-8bdb88b9f907?w=500&auto=format&fit=crop&q=80,Bakehouse Croissant Butter 2 Piece,BKR-0091,Bakehouse,Bakery,Golden,90,80,104,Flaky buttery French bakery croissant.
https://images.unsplash.com/photo-1548907040-4baa42d10919?w=500&auto=format&fit=crop&q=80,Cadbury Dairy Milk Silk Chocolate 60g,CNC-0001,Cadbury,Chocolates & Confectionery,Purple,80,73,123,Smooth chocolate bar with creamy milk taste.
https://images.unsplash.com/photo-1606312619070-d48b4c652a52?w=500&auto=format&fit=crop&q=80,Cadbury Dairy Milk Silk Chocolate 60g (Pack of 2),CNC-0002,Cadbury,Chocolates & Confectionery,Purple,160,139,112,Smooth chocolate bar with creamy milk taste.
https://images.unsplash.com/photo-1511381939415-e44015466834?w=500&auto=format&fit=crop&q=80,Cadbury Dairy Milk Silk Chocolate 60g (Pack of 3),CNC-0003,Cadbury,Chocolates & Confectionery,Purple,240,204,110,Smooth chocolate bar with creamy milk taste.
https://images.unsplash.com/photo-1582293041079-7814c2f12063?w=500&auto=format&fit=crop&q=80,Cadbury Dairy Milk Silk Chocolate 60g (Pack of 4),CNC-0004,Cadbury,Chocolates & Confectionery,Purple,320,270,128,Smooth chocolate bar with creamy milk taste.
https://images.unsplash.com/photo-1549007994-cb92caebd54b?w=500&auto=format&fit=crop&q=80,Cadbury Dairy Milk Silk Chocolate 60g (Family Pack of 6),CNC-0005,Cadbury,Chocolates & Confectionery,Purple,480,394,81,Smooth chocolate bar with creamy milk taste.
https://images.unsplash.com/photo-1481391319762-47dff72954d9?w=500&auto=format&fit=crop&q=80,Cadbury Dairy Milk Silk Chocolate 150g,CNC-0006,Cadbury,Chocolates & Confectionery,Purple,175,160,236,Smooth chocolate bar with creamy milk taste.
https://images.unsplash.com/photo-1541781774459-bb2af2f05b55?w=500&auto=format&fit=crop&q=80,Cadbury Dairy Milk Silk Chocolate 150g (Pack of 2),CNC-0007,Cadbury,Chocolates & Confectionery,Purple,350,304,196,Smooth chocolate bar with creamy milk taste.
https://images.unsplash.com/photo-1548907040-4baa42d10919?w=500&auto=format&fit=crop&q=80,Cadbury Dairy Milk Silk Chocolate 150g (Pack of 3),CNC-0008,Cadbury,Chocolates & Confectionery,Purple,525,448,306,Smooth chocolate bar with creamy milk taste.
https://images.unsplash.com/photo-1606312619070-d48b4c652a52?w=500&auto=format&fit=crop&q=80,Cadbury Dairy Milk Silk Chocolate 150g (Pack of 4),CNC-0009,Cadbury,Chocolates & Confectionery,Purple,700,592,103,Smooth chocolate bar with creamy milk taste.
https://images.unsplash.com/photo-1511381939415-e44015466834?w=500&auto=format&fit=crop&q=80,Cadbury Dairy Milk Silk Chocolate 150g (Family Pack of 6),CNC-0010,Cadbury,Chocolates & Confectionery,Purple,1050,864,412,Smooth chocolate bar with creamy milk taste.
https://images.unsplash.com/photo-1582293041079-7814c2f12063?w=500&auto=format&fit=crop&q=80,Cadbury Dairy Milk Silk Chocolate 300g,CNC-0011,Cadbury,Chocolates & Confectionery,Purple,340,310,310,Smooth chocolate bar with creamy milk taste.
https://images.unsplash.com/photo-1549007994-cb92caebd54b?w=500&auto=format&fit=crop&q=80,Cadbury Dairy Milk Silk Chocolate 300g (Pack of 2),CNC-0012,Cadbury,Chocolates & Confectionery,Purple,680,589,158,Smooth chocolate bar with creamy milk taste.
https://images.unsplash.com/photo-1481391319762-47dff72954d9?w=500&auto=format&fit=crop&q=80,Cadbury Dairy Milk Silk Chocolate 300g (Pack of 3),CNC-0013,Cadbury,Chocolates & Confectionery,Purple,1020,868,114,Smooth chocolate bar with creamy milk taste.
https://images.unsplash.com/photo-1541781774459-bb2af2f05b55?w=500&auto=format&fit=crop&q=80,Cadbury Dairy Milk Silk Chocolate 300g (Pack of 4),CNC-0014,Cadbury,Chocolates & Confectionery,Purple,1360,1147,124,Smooth chocolate bar with creamy milk taste.
https://images.unsplash.com/photo-1548907040-4baa42d10919?w=500&auto=format&fit=crop&q=80,Cadbury Dairy Milk Silk Chocolate 300g (Family Pack of 6),CNC-0015,Cadbury,Chocolates & Confectionery,Purple,2040,1674,401,Smooth chocolate bar with creamy milk taste.
https://images.unsplash.com/photo-1606312619070-d48b4c652a52?w=500&auto=format&fit=crop&q=80,Cadbury Dairy Milk Fruit & Nut 80g,CNC-0016,Cadbury,Chocolates & Confectionery,Purple,95,87,392,Roasted raisins & crunchy almonds milk chocolate.
https://images.unsplash.com/photo-1511381939415-e44015466834?w=500&auto=format&fit=crop&q=80,Cadbury Dairy Milk Fruit & Nut 80g (Pack of 2),CNC-0017,Cadbury,Chocolates & Confectionery,Purple,190,165,333,Roasted raisins & crunchy almonds milk chocolate.
https://images.unsplash.com/photo-1582293041079-7814c2f12063?w=500&auto=format&fit=crop&q=80,Cadbury Dairy Milk Fruit & Nut 80g (Pack of 3),CNC-0018,Cadbury,Chocolates & Confectionery,Purple,285,244,93,Roasted raisins & crunchy almonds milk chocolate.
https://images.unsplash.com/photo-1549007994-cb92caebd54b?w=500&auto=format&fit=crop&q=80,Cadbury Dairy Milk Fruit & Nut 80g (Pack of 4),CNC-0019,Cadbury,Chocolates & Confectionery,Purple,380,322,274,Roasted raisins & crunchy almonds milk chocolate.
https://images.unsplash.com/photo-1481391319762-47dff72954d9?w=500&auto=format&fit=crop&q=80,Cadbury Dairy Milk Fruit & Nut 80g (Family Pack of 6),CNC-0020,Cadbury,Chocolates & Confectionery,Purple,570,470,116,Roasted raisins & crunchy almonds milk chocolate.
https://images.unsplash.com/photo-1541781774459-bb2af2f05b55?w=500&auto=format&fit=crop&q=80,Cadbury Dairy Milk Fruit & Nut 165g,CNC-0021,Cadbury,Chocolates & Confectionery,Purple,190,174,415,Roasted raisins & crunchy almonds milk chocolate.
https://images.unsplash.com/photo-1548907040-4baa42d10919?w=500&auto=format&fit=crop&q=80,Cadbury Dairy Milk Fruit & Nut 165g (Pack of 2),CNC-0022,Cadbury,Chocolates & Confectionery,Purple,380,331,424,Roasted raisins & crunchy almonds milk chocolate.
https://images.unsplash.com/photo-1606312619070-d48b4c652a52?w=500&auto=format&fit=crop&q=80,Cadbury Dairy Milk Fruit & Nut 165g (Pack of 3),CNC-0023,Cadbury,Chocolates & Confectionery,Purple,570,487,183,Roasted raisins & crunchy almonds milk chocolate.
https://images.unsplash.com/photo-1511381939415-e44015466834?w=500&auto=format&fit=crop&q=80,Cadbury Dairy Milk Fruit & Nut 165g (Pack of 4),CNC-0024,Cadbury,Chocolates & Confectionery,Purple,760,644,346,Roasted raisins & crunchy almonds milk chocolate.
https://images.unsplash.com/photo-1582293041079-7814c2f12063?w=500&auto=format&fit=crop&q=80,Cadbury Dairy Milk Fruit & Nut 165g (Family Pack of 6),CNC-0025,Cadbury,Chocolates & Confectionery,Purple,1140,940,155,Roasted raisins & crunchy almonds milk chocolate.
https://images.unsplash.com/photo-1549007994-cb92caebd54b?w=500&auto=format&fit=crop&q=80,Cadbury Dairy Milk Crackle 80g,CNC-0026,Cadbury,Chocolates & Confectionery,Purple,95,87,126,Crackling crispies creamy milk chocolate.
https://images.unsplash.com/photo-1481391319762-47dff72954d9?w=500&auto=format&fit=crop&q=80,Cadbury Dairy Milk Crackle 80g (Pack of 2),CNC-0027,Cadbury,Chocolates & Confectionery,Purple,190,165,159,Crackling crispies creamy milk chocolate.
https://images.unsplash.com/photo-1541781774459-bb2af2f05b55?w=500&auto=format&fit=crop&q=80,Cadbury Dairy Milk Crackle 80g (Pack of 3),CNC-0028,Cadbury,Chocolates & Confectionery,Purple,285,244,269,Crackling crispies creamy milk chocolate.
https://images.unsplash.com/photo-1548907040-4baa42d10919?w=500&auto=format&fit=crop&q=80,Cadbury Dairy Milk Crackle 80g (Pack of 4),CNC-0029,Cadbury,Chocolates & Confectionery,Purple,380,322,376,Crackling crispies creamy milk chocolate.
https://images.unsplash.com/photo-1606312619070-d48b4c652a52?w=500&auto=format&fit=crop&q=80,Cadbury Dairy Milk Crackle 80g (Family Pack of 6),CNC-0030,Cadbury,Chocolates & Confectionery,Purple,570,470,338,Crackling crispies creamy milk chocolate.
https://images.unsplash.com/photo-1511381939415-e44015466834?w=500&auto=format&fit=crop&q=80,Cadbury Dairy Milk Crackle 150g,CNC-0031,Cadbury,Chocolates & Confectionery,Purple,175,160,345,Crackling crispies creamy milk chocolate.
https://images.unsplash.com/photo-1582293041079-7814c2f12063?w=500&auto=format&fit=crop&q=80,Cadbury Dairy Milk Crackle 150g (Pack of 2),CNC-0032,Cadbury,Chocolates & Confectionery,Purple,350,304,105,Crackling crispies creamy milk chocolate.
https://images.unsplash.com/photo-1549007994-cb92caebd54b?w=500&auto=format&fit=crop&q=80,Cadbury Dairy Milk Crackle 150g (Pack of 3),CNC-0033,Cadbury,Chocolates & Confectionery,Purple,525,448,395,Crackling crispies creamy milk chocolate.
https://images.unsplash.com/photo-1481391319762-47dff72954d9?w=500&auto=format&fit=crop&q=80,Cadbury Dairy Milk Crackle 150g (Pack of 4),CNC-0034,Cadbury,Chocolates & Confectionery,Purple,700,592,115,Crackling crispies creamy milk chocolate.
https://images.unsplash.com/photo-1541781774459-bb2af2f05b55?w=500&auto=format&fit=crop&q=80,Cadbury Dairy Milk Crackle 150g (Family Pack of 6),CNC-0035,Cadbury,Chocolates & Confectionery,Purple,1050,864,297,Crackling crispies creamy milk chocolate.
https://images.unsplash.com/photo-1548907040-4baa42d10919?w=500&auto=format&fit=crop&q=80,Cadbury 5 Star Chocolate 45g,CNC-0036,Cadbury,Chocolates & Confectionery,Golden,45,41,420,Caramel nougat crunchy chocolate bar.
https://images.unsplash.com/photo-1606312619070-d48b4c652a52?w=500&auto=format&fit=crop&q=80,Cadbury 5 Star Chocolate 45g (Pack of 2),CNC-0037,Cadbury,Chocolates & Confectionery,Golden,90,78,305,Caramel nougat crunchy chocolate bar.
https://images.unsplash.com/photo-1511381939415-e44015466834?w=500&auto=format&fit=crop&q=80,Cadbury 5 Star Chocolate 45g (Pack of 3),CNC-0038,Cadbury,Chocolates & Confectionery,Golden,135,115,102,Caramel nougat crunchy chocolate bar.
https://images.unsplash.com/photo-1582293041079-7814c2f12063?w=500&auto=format&fit=crop&q=80,Cadbury 5 Star Chocolate 45g (Pack of 4),CNC-0039,Cadbury,Chocolates & Confectionery,Golden,180,152,263,Caramel nougat crunchy chocolate bar.
https://images.unsplash.com/photo-1549007994-cb92caebd54b?w=500&auto=format&fit=crop&q=80,Cadbury 5 Star Chocolate 45g (Family Pack of 6),CNC-0040,Cadbury,Chocolates & Confectionery,Golden,270,221,215,Caramel nougat crunchy chocolate bar.
https://images.unsplash.com/photo-1481391319762-47dff72954d9?w=500&auto=format&fit=crop&q=80,Cadbury 5 Star Chocolate 95g,CNC-0041,Cadbury,Chocolates & Confectionery,Golden,75,68,166,Caramel nougat crunchy chocolate bar.
https://images.unsplash.com/photo-1541781774459-bb2af2f05b55?w=500&auto=format&fit=crop&q=80,Cadbury 5 Star Chocolate 95g (Pack of 2),CNC-0042,Cadbury,Chocolates & Confectionery,Golden,150,129,140,Caramel nougat crunchy chocolate bar.
https://images.unsplash.com/photo-1548907040-4baa42d10919?w=500&auto=format&fit=crop&q=80,Cadbury 5 Star Chocolate 95g (Pack of 3),CNC-0043,Cadbury,Chocolates & Confectionery,Golden,225,190,320,Caramel nougat crunchy chocolate bar.
https://images.unsplash.com/photo-1606312619070-d48b4c652a52?w=500&auto=format&fit=crop&q=80,Cadbury 5 Star Chocolate 95g (Pack of 4),CNC-0044,Cadbury,Chocolates & Confectionery,Golden,300,252,117,Caramel nougat crunchy chocolate bar.
https://images.unsplash.com/photo-1511381939415-e44015466834?w=500&auto=format&fit=crop&q=80,Cadbury 5 Star Chocolate 95g (Family Pack of 6),CNC-0045,Cadbury,Chocolates & Confectionery,Golden,450,367,118,Caramel nougat crunchy chocolate bar.
https://images.unsplash.com/photo-1582293041079-7814c2f12063?w=500&auto=format&fit=crop&q=80,Cadbury Perk Chocolate 24g,CNC-0046,Cadbury,Chocolates & Confectionery,Blue,15,15,210,Wafer chocolate covered perk bar.
https://images.unsplash.com/photo-1549007994-cb92caebd54b?w=500&auto=format&fit=crop&q=80,Cadbury Perk Chocolate 24g (Pack of 2),CNC-0047,Cadbury,Chocolates & Confectionery,Blue,30,28,89,Wafer chocolate covered perk bar.
https://images.unsplash.com/photo-1481391319762-47dff72954d9?w=500&auto=format&fit=crop&q=80,Cadbury Perk Chocolate 24g (Pack of 3),CNC-0048,Cadbury,Chocolates & Confectionery,Blue,45,42,112,Wafer chocolate covered perk bar.
https://images.unsplash.com/photo-1541781774459-bb2af2f05b55?w=500&auto=format&fit=crop&q=80,Cadbury Perk Chocolate 24g (Pack of 4),CNC-0049,Cadbury,Chocolates & Confectionery,Blue,60,56,89,Wafer chocolate covered perk bar.
https://images.unsplash.com/photo-1548907040-4baa42d10919?w=500&auto=format&fit=crop&q=80,Cadbury Perk Chocolate 24g (Family Pack of 6),CNC-0050,Cadbury,Chocolates & Confectionery,Blue,90,81,350,Wafer chocolate covered perk bar.
https://images.unsplash.com/photo-1606312619070-d48b4c652a52?w=500&auto=format&fit=crop&q=80,Cadbury Perk Chocolate 50g,CNC-0051,Cadbury,Chocolates & Confectionery,Blue,30,28,391,Wafer chocolate covered perk bar.
https://images.unsplash.com/photo-1511381939415-e44015466834?w=500&auto=format&fit=crop&q=80,Cadbury Perk Chocolate 50g (Pack of 2),CNC-0052,Cadbury,Chocolates & Confectionery,Blue,60,53,125,Wafer chocolate covered perk bar.
https://images.unsplash.com/photo-1582293041079-7814c2f12063?w=500&auto=format&fit=crop&q=80,Cadbury Perk Chocolate 50g (Pack of 3),CNC-0053,Cadbury,Chocolates & Confectionery,Blue,90,78,271,Wafer chocolate covered perk bar.
https://images.unsplash.com/photo-1549007994-cb92caebd54b?w=500&auto=format&fit=crop&q=80,Cadbury Perk Chocolate 50g (Pack of 4),CNC-0054,Cadbury,Chocolates & Confectionery,Blue,120,104,408,Wafer chocolate covered perk bar.
https://images.unsplash.com/photo-1481391319762-47dff72954d9?w=500&auto=format&fit=crop&q=80,Cadbury Perk Chocolate 50g (Family Pack of 6),CNC-0055,Cadbury,Chocolates & Confectionery,Blue,180,151,180,Wafer chocolate covered perk bar.
https://images.unsplash.com/photo-1541781774459-bb2af2f05b55?w=500&auto=format&fit=crop&q=80,Cadbury Bournville 50% Dark Chocolate 80g,CNC-0056,Cadbury,Chocolates & Confectionery,Black,110,98,217,Rich 50% cocoa dark chocolate with intense flavor.
https://images.unsplash.com/photo-1548907040-4baa42d10919?w=500&auto=format&fit=crop&q=80,Cadbury Bournville 50% Dark Chocolate 80g (Pack of 2),CNC-0057,Cadbury,Chocolates & Confectionery,Black,220,186,268,Rich 50% cocoa dark chocolate with intense flavor.
https://images.unsplash.com/photo-1606312619070-d48b4c652a52?w=500&auto=format&fit=crop&q=80,Cadbury Bournville 50% Dark Chocolate 80g (Pack of 3),CNC-0058,Cadbury,Chocolates & Confectionery,Black,330,274,139,Rich 50% cocoa dark chocolate with intense flavor.
https://images.unsplash.com/photo-1511381939415-e44015466834?w=500&auto=format&fit=crop&q=80,Cadbury Bournville 50% Dark Chocolate 80g (Pack of 4),CNC-0059,Cadbury,Chocolates & Confectionery,Black,440,363,353,Rich 50% cocoa dark chocolate with intense flavor.
https://images.unsplash.com/photo-1582293041079-7814c2f12063?w=500&auto=format&fit=crop&q=80,Cadbury Bournville 50% Dark Chocolate 80g (Family Pack of 6),CNC-0060,Cadbury,Chocolates & Confectionery,Black,660,529,182,Rich 50% cocoa dark chocolate with intense flavor.
https://images.unsplash.com/photo-1549007994-cb92caebd54b?w=500&auto=format&fit=crop&q=80,Cadbury Bournville 50% Dark Chocolate 130g,CNC-0061,Cadbury,Chocolates & Confectionery,Black,165,150,367,Rich 50% cocoa dark chocolate with intense flavor.
https://images.unsplash.com/photo-1481391319762-47dff72954d9?w=500&auto=format&fit=crop&q=80,Cadbury Bournville 50% Dark Chocolate 130g (Pack of 2),CNC-0062,Cadbury,Chocolates & Confectionery,Black,330,285,192,Rich 50% cocoa dark chocolate with intense flavor.
https://images.unsplash.com/photo-1541781774459-bb2af2f05b55?w=500&auto=format&fit=crop&q=80,Cadbury Bournville 50% Dark Chocolate 130g (Pack of 3),CNC-0063,Cadbury,Chocolates & Confectionery,Black,495,420,205,Rich 50% cocoa dark chocolate with intense flavor.
https://images.unsplash.com/photo-1548907040-4baa42d10919?w=500&auto=format&fit=crop&q=80,Cadbury Bournville 50% Dark Chocolate 130g (Pack of 4),CNC-0064,Cadbury,Chocolates & Confectionery,Black,660,555,131,Rich 50% cocoa dark chocolate with intense flavor.
https://images.unsplash.com/photo-1606312619070-d48b4c652a52?w=500&auto=format&fit=crop&q=80,Cadbury Bournville 50% Dark Chocolate 130g (Family Pack of 6),CNC-0065,Cadbury,Chocolates & Confectionery,Black,990,810,296,Rich 50% cocoa dark chocolate with intense flavor.
https://images.unsplash.com/photo-1511381939415-e44015466834?w=500&auto=format&fit=crop&q=80,Cadbury Bournville 70% Cocoa Intense Dark 80g,CNC-0066,Cadbury,Chocolates & Confectionery,Black,120,108,421,Intensely dark 70% cocoa chocolate.
https://images.unsplash.com/photo-1582293041079-7814c2f12063?w=500&auto=format&fit=crop&q=80,Cadbury Bournville 70% Cocoa Intense Dark 80g (Pack of 2),CNC-0067,Cadbury,Chocolates & Confectionery,Black,240,205,435,Intensely dark 70% cocoa chocolate.
https://images.unsplash.com/photo-1549007994-cb92caebd54b?w=500&auto=format&fit=crop&q=80,Cadbury Bournville 70% Cocoa Intense Dark 80g (Pack of 3),CNC-0068,Cadbury,Chocolates & Confectionery,Black,360,302,111,Intensely dark 70% cocoa chocolate.
https://images.unsplash.com/photo-1481391319762-47dff72954d9?w=500&auto=format&fit=crop&q=80,Cadbury Bournville 70% Cocoa Intense Dark 80g (Pack of 4),CNC-0069,Cadbury,Chocolates & Confectionery,Black,480,400,375,Intensely dark 70% cocoa chocolate.
https://images.unsplash.com/photo-1541781774459-bb2af2f05b55?w=500&auto=format&fit=crop&q=80,Cadbury Bournville 70% Cocoa Intense Dark 80g (Family Pack of 6),CNC-0070,Cadbury,Chocolates & Confectionery,Black,720,583,281,Intensely dark 70% cocoa chocolate.
https://images.unsplash.com/photo-1548907040-4baa42d10919?w=500&auto=format&fit=crop&q=80,Cadbury Gems Chocolate Buttons 32g,CNC-0071,Cadbury,Chocolates & Confectionery,Multi,20,20,350,Colorful sugar coated milk chocolate buttons.
https://images.unsplash.com/photo-1606312619070-d48b4c652a52?w=500&auto=format&fit=crop&q=80,Cadbury Gems Chocolate Buttons 32g (Pack of 2),CNC-0072,Cadbury,Chocolates & Confectionery,Multi,40,38,276,Colorful sugar coated milk chocolate buttons.
https://images.unsplash.com/photo-1511381939415-e44015466834?w=500&auto=format&fit=crop&q=80,Cadbury Gems Chocolate Buttons 32g (Pack of 3),CNC-0073,Cadbury,Chocolates & Confectionery,Multi,60,56,380,Colorful sugar coated milk chocolate buttons.
https://images.unsplash.com/photo-1582293041079-7814c2f12063?w=500&auto=format&fit=crop&q=80,Cadbury Gems Chocolate Buttons 32g (Pack of 4),CNC-0074,Cadbury,Chocolates & Confectionery,Multi,80,74,114,Colorful sugar coated milk chocolate buttons.
https://images.unsplash.com/photo-1549007994-cb92caebd54b?w=500&auto=format&fit=crop&q=80,Cadbury Gems Chocolate Buttons 32g (Family Pack of 6),CNC-0075,Cadbury,Chocolates & Confectionery,Multi,120,108,108,Colorful sugar coated milk chocolate buttons.
https://images.unsplash.com/photo-1481391319762-47dff72954d9?w=500&auto=format&fit=crop&q=80,Cadbury Gems Chocolate Buttons 150g Jar,CNC-0076,Cadbury,Chocolates & Confectionery,Multi,100,92,283,Colorful sugar coated milk chocolate buttons.
https://images.unsplash.com/photo-1541781774459-bb2af2f05b55?w=500&auto=format&fit=crop&q=80,Cadbury Gems Chocolate Buttons 150g Jar (Pack of 2),CNC-0077,Cadbury,Chocolates & Confectionery,Multi,200,175,112,Colorful sugar coated milk chocolate buttons.
https://images.unsplash.com/photo-1548907040-4baa42d10919?w=500&auto=format&fit=crop&q=80,Cadbury Gems Chocolate Buttons 150g Jar (Pack of 3),CNC-0078,Cadbury,Chocolates & Confectionery,Multi,300,258,80,Colorful sugar coated milk chocolate buttons.
https://images.unsplash.com/photo-1606312619070-d48b4c652a52?w=500&auto=format&fit=crop&q=80,Cadbury Gems Chocolate Buttons 150g Jar (Pack of 4),CNC-0079,Cadbury,Chocolates & Confectionery,Multi,400,340,179,Colorful sugar coated milk chocolate buttons.
https://images.unsplash.com/photo-1511381939415-e44015466834?w=500&auto=format&fit=crop&q=80,Cadbury Gems Chocolate Buttons 150g Jar (Family Pack of 6),CNC-0080,Cadbury,Chocolates & Confectionery,Multi,600,497,366,Colorful sugar coated milk chocolate buttons.
https://images.unsplash.com/photo-1582293041079-7814c2f12063?w=500&auto=format&fit=crop&q=80,Nestle KitKat 4 Finger Chocolate Bar 38g,CNC-0081,Nestle,Chocolates & Confectionery,Red,30,28,438,Crisp wafer fingers covered in smooth milk chocolate.
https://images.unsplash.com/photo-1549007994-cb92caebd54b?w=500&auto=format&fit=crop&q=80,Nestle KitKat 4 Finger Chocolate Bar 38g (Pack of 2),CNC-0082,Nestle,Chocolates & Confectionery,Red,60,53,324,Crisp wafer fingers covered in smooth milk chocolate.
https://images.unsplash.com/photo-1481391319762-47dff72954d9?w=500&auto=format&fit=crop&q=80,Nestle KitKat 4 Finger Chocolate Bar 38g (Pack of 3),CNC-0083,Nestle,Chocolates & Confectionery,Red,90,78,432,Crisp wafer fingers covered in smooth milk chocolate.
https://images.unsplash.com/photo-1541781774459-bb2af2f05b55?w=500&auto=format&fit=crop&q=80,Nestle KitKat 4 Finger Chocolate Bar 38g (Pack of 4),CNC-0084,Nestle,Chocolates & Confectionery,Red,120,104,216,Crisp wafer fingers covered in smooth milk chocolate.
https://images.unsplash.com/photo-1548907040-4baa42d10919?w=500&auto=format&fit=crop&q=80,Nestle KitKat 4 Finger Chocolate Bar 38g (Family Pack of 6),CNC-0085,Nestle,Chocolates & Confectionery,Red,180,151,117,Crisp wafer fingers covered in smooth milk chocolate.
https://images.unsplash.com/photo-1606312619070-d48b4c652a52?w=500&auto=format&fit=crop&q=80,Nestle KitKat 4 Finger Chocolate Bar 4x38g Pack,CNC-0086,Nestle,Chocolates & Confectionery,Red,115,105,403,Crisp wafer fingers covered in smooth milk chocolate.
https://images.unsplash.com/photo-1511381939415-e44015466834?w=500&auto=format&fit=crop&q=80,Nestle KitKat 4 Finger Chocolate Bar 4x38g Pack (Pack of 2),CNC-0087,Nestle,Chocolates & Confectionery,Red,230,200,138,Crisp wafer fingers covered in smooth milk chocolate.
https://images.unsplash.com/photo-1582293041079-7814c2f12063?w=500&auto=format&fit=crop&q=80,Nestle KitKat 4 Finger Chocolate Bar 4x38g Pack (Pack of 3),CNC-0088,Nestle,Chocolates & Confectionery,Red,345,294,412,Crisp wafer fingers covered in smooth milk chocolate.
https://images.unsplash.com/photo-1549007994-cb92caebd54b?w=500&auto=format&fit=crop&q=80,Nestle KitKat 4 Finger Chocolate Bar 4x38g Pack (Pack of 4),CNC-0089,Nestle,Chocolates & Confectionery,Red,460,388,360,Crisp wafer fingers covered in smooth milk chocolate.
https://images.unsplash.com/photo-1481391319762-47dff72954d9?w=500&auto=format&fit=crop&q=80,Nestle KitKat 4 Finger Chocolate Bar 4x38g Pack (Family Pack of 6),CNC-0090,Nestle,Chocolates & Confectionery,Red,690,567,98,Crisp wafer fingers covered in smooth milk chocolate.
https://images.unsplash.com/photo-1541781774459-bb2af2f05b55?w=500&auto=format&fit=crop&q=80,Nestle KitKat Dessert Delight Choco Pudding 50g,CNC-0091,Nestle,Chocolates & Confectionery,Brown,40,37,384,Choco pudding dessert flavoured kitkat.
https://images.unsplash.com/photo-1548907040-4baa42d10919?w=500&auto=format&fit=crop&q=80,Nestle KitKat Dessert Delight Choco Pudding 50g (Pack of 2),CNC-0092,Nestle,Chocolates & Confectionery,Brown,80,70,112,Choco pudding dessert flavoured kitkat.
https://images.unsplash.com/photo-1606312619070-d48b4c652a52?w=500&auto=format&fit=crop&q=80,Nestle KitKat Dessert Delight Choco Pudding 50g (Pack of 3),CNC-0093,Nestle,Chocolates & Confectionery,Brown,120,104,149,Choco pudding dessert flavoured kitkat.
https://images.unsplash.com/photo-1511381939415-e44015466834?w=500&auto=format&fit=crop&q=80,Nestle KitKat Dessert Delight Choco Pudding 50g (Pack of 4),CNC-0094,Nestle,Chocolates & Confectionery,Brown,160,137,157,Choco pudding dessert flavoured kitkat.
https://images.unsplash.com/photo-1582293041079-7814c2f12063?w=500&auto=format&fit=crop&q=80,Nestle KitKat Dessert Delight Choco Pudding 50g (Family Pack of 6),CNC-0095,Nestle,Chocolates & Confectionery,Brown,240,200,214,Choco pudding dessert flavoured kitkat.
https://images.unsplash.com/photo-1549007994-cb92caebd54b?w=500&auto=format&fit=crop&q=80,Nestle Munch Crunchier Chocolate 20g,CNC-0096,Nestle,Chocolates & Confectionery,Yellow,10,10,375,Crunchier wafer munch chocolate bar.
https://images.unsplash.com/photo-1481391319762-47dff72954d9?w=500&auto=format&fit=crop&q=80,Nestle Munch Crunchier Chocolate 20g (Pack of 2),CNC-0097,Nestle,Chocolates & Confectionery,Yellow,20,19,324,Crunchier wafer munch chocolate bar.
https://images.unsplash.com/photo-1541781774459-bb2af2f05b55?w=500&auto=format&fit=crop&q=80,Nestle Munch Crunchier Chocolate 20g (Pack of 3),CNC-0098,Nestle,Chocolates & Confectionery,Yellow,30,28,360,Crunchier wafer munch chocolate bar.
https://images.unsplash.com/photo-1548907040-4baa42d10919?w=500&auto=format&fit=crop&q=80,Nestle Munch Crunchier Chocolate 20g (Pack of 4),CNC-0099,Nestle,Chocolates & Confectionery,Yellow,40,37,245,Crunchier wafer munch chocolate bar.
https://images.unsplash.com/photo-1606312619070-d48b4c652a52?w=500&auto=format&fit=crop&q=80,Nestle Munch Crunchier Chocolate 20g (Family Pack of 6),CNC-0100,Nestle,Chocolates & Confectionery,Yellow,60,54,384,Crunchier wafer munch chocolate bar.
https://images.unsplash.com/photo-1511381939415-e44015466834?w=500&auto=format&fit=crop&q=80,Nestle Munch Crunchier Chocolate 60g,CNC-0101,Nestle,Chocolates & Confectionery,Yellow,25,24,100,Crunchier wafer munch chocolate bar.
https://images.unsplash.com/photo-1582293041079-7814c2f12063?w=500&auto=format&fit=crop&q=80,Nestle Munch Crunchier Chocolate 60g (Pack of 2),CNC-0102,Nestle,Chocolates & Confectionery,Yellow,50,46,116,Crunchier wafer munch chocolate bar.
https://images.unsplash.com/photo-1549007994-cb92caebd54b?w=500&auto=format&fit=crop&q=80,Nestle Munch Crunchier Chocolate 60g (Pack of 3),CNC-0103,Nestle,Chocolates & Confectionery,Yellow,75,67,172,Crunchier wafer munch chocolate bar.
https://images.unsplash.com/photo-1481391319762-47dff72954d9?w=500&auto=format&fit=crop&q=80,Nestle Munch Crunchier Chocolate 60g (Pack of 4),CNC-0104,Nestle,Chocolates & Confectionery,Yellow,100,89,233,Crunchier wafer munch chocolate bar.
https://images.unsplash.com/photo-1541781774459-bb2af2f05b55?w=500&auto=format&fit=crop&q=80,Nestle Munch Crunchier Chocolate 60g (Family Pack of 6),CNC-0105,Nestle,Chocolates & Confectionery,Yellow,150,130,306,Crunchier wafer munch chocolate bar.
https://images.unsplash.com/photo-1548907040-4baa42d10919?w=500&auto=format&fit=crop&q=80,Nestle Bar-One Chocolate 30g,CNC-0106,Nestle,Chocolates & Confectionery,Brown,20,20,305,Nougat caramel chocolate bar.
https://images.unsplash.com/photo-1606312619070-d48b4c652a52?w=500&auto=format&fit=crop&q=80,Nestle Bar-One Chocolate 30g (Pack of 2),CNC-0107,Nestle,Chocolates & Confectionery,Brown,40,38,181,Nougat caramel chocolate bar.
https://images.unsplash.com/photo-1511381939415-e44015466834?w=500&auto=format&fit=crop&q=80,Nestle Bar-One Chocolate 30g (Pack of 3),CNC-0108,Nestle,Chocolates & Confectionery,Brown,60,56,211,Nougat caramel chocolate bar.
https://images.unsplash.com/photo-1582293041079-7814c2f12063?w=500&auto=format&fit=crop&q=80,Nestle Bar-One Chocolate 30g (Pack of 4),CNC-0109,Nestle,Chocolates & Confectionery,Brown,80,74,347,Nougat caramel chocolate bar.
https://images.unsplash.com/photo-1549007994-cb92caebd54b?w=500&auto=format&fit=crop&q=80,Nestle Bar-One Chocolate 30g (Family Pack of 6),CNC-0110,Nestle,Chocolates & Confectionery,Brown,120,108,212,Nougat caramel chocolate bar.
https://images.unsplash.com/photo-1481391319762-47dff72954d9?w=500&auto=format&fit=crop&q=80,Nestle Bar-One Chocolate 60g,CNC-0111,Nestle,Chocolates & Confectionery,Brown,40,37,288,Nougat caramel chocolate bar.
https://images.unsplash.com/photo-1541781774459-bb2af2f05b55?w=500&auto=format&fit=crop&q=80,Nestle Bar-One Chocolate 60g (Pack of 2),CNC-0112,Nestle,Chocolates & Confectionery,Brown,80,70,179,Nougat caramel chocolate bar.
https://images.unsplash.com/photo-1548907040-4baa42d10919?w=500&auto=format&fit=crop&q=80,Nestle Bar-One Chocolate 60g (Pack of 3),CNC-0113,Nestle,Chocolates & Confectionery,Brown,120,104,298,Nougat caramel chocolate bar.
https://images.unsplash.com/photo-1606312619070-d48b4c652a52?w=500&auto=format&fit=crop&q=80,Nestle Bar-One Chocolate 60g (Pack of 4),CNC-0114,Nestle,Chocolates & Confectionery,Brown,160,137,320,Nougat caramel chocolate bar.
https://images.unsplash.com/photo-1511381939415-e44015466834?w=500&auto=format&fit=crop&q=80,Nestle Bar-One Chocolate 60g (Family Pack of 6),CNC-0115,Nestle,Chocolates & Confectionery,Brown,240,200,117,Nougat caramel chocolate bar.
https://images.unsplash.com/photo-1582293041079-7814c2f12063?w=500&auto=format&fit=crop&q=80,Nestle Milk Chocolate Bar 110g,CNC-0116,Nestle,Chocolates & Confectionery,Brown,150,137,127,Creamy nestle milk chocolate.
https://images.unsplash.com/photo-1549007994-cb92caebd54b?w=500&auto=format&fit=crop&q=80,Nestle Milk Chocolate Bar 110g (Pack of 2),CNC-0117,Nestle,Chocolates & Confectionery,Brown,300,260,439,Creamy nestle milk chocolate.
https://images.unsplash.com/photo-1481391319762-47dff72954d9?w=500&auto=format&fit=crop&q=80,Nestle Milk Chocolate Bar 110g (Pack of 3),CNC-0118,Nestle,Chocolates & Confectionery,Brown,450,384,167,Creamy nestle milk chocolate.
https://images.unsplash.com/photo-1541781774459-bb2af2f05b55?w=500&auto=format&fit=crop&q=80,Nestle Milk Chocolate Bar 110g (Pack of 4),CNC-0119,Nestle,Chocolates & Confectionery,Brown,600,507,110,Creamy nestle milk chocolate.
https://images.unsplash.com/photo-1548907040-4baa42d10919?w=500&auto=format&fit=crop&q=80,Nestle Milk Chocolate Bar 110g (Family Pack of 6),CNC-0120,Nestle,Chocolates & Confectionery,Brown,900,740,425,Creamy nestle milk chocolate.
https://images.unsplash.com/photo-1606312619070-d48b4c652a52?w=500&auto=format&fit=crop&q=80,Ferrero Rocher Chocolate Box 16 Piece,CNC-0121,Ferrero,Chocolates & Confectionery,Gold,549,499,262,Whole crunchy hazelnut coated in milk chocolate.
https://images.unsplash.com/photo-1511381939415-e44015466834?w=500&auto=format&fit=crop&q=80,Ferrero Rocher Chocolate Box 16 Piece (Pack of 2),CNC-0122,Ferrero,Chocolates & Confectionery,Gold,1098,948,426,Whole crunchy hazelnut coated in milk chocolate.
https://images.unsplash.com/photo-1582293041079-7814c2f12063?w=500&auto=format&fit=crop&q=80,Ferrero Rocher Chocolate Box 16 Piece (Pack of 3),CNC-0123,Ferrero,Chocolates & Confectionery,Gold,1647,1397,125,Whole crunchy hazelnut coated in milk chocolate.
https://images.unsplash.com/photo-1549007994-cb92caebd54b?w=500&auto=format&fit=crop&q=80,Ferrero Rocher Chocolate Box 16 Piece (Pack of 4),CNC-0124,Ferrero,Chocolates & Confectionery,Gold,2196,1846,267,Whole crunchy hazelnut coated in milk chocolate.
https://images.unsplash.com/photo-1481391319762-47dff72954d9?w=500&auto=format&fit=crop&q=80,Ferrero Rocher Chocolate Box 16 Piece (Family Pack of 6),CNC-0125,Ferrero,Chocolates & Confectionery,Gold,3294,2695,408,Whole crunchy hazelnut coated in milk chocolate.
https://images.unsplash.com/photo-1541781774459-bb2af2f05b55?w=500&auto=format&fit=crop&q=80,Ferrero Rocher Chocolate Box 3 Piece,CNC-0126,Ferrero,Chocolates & Confectionery,Gold,105,96,355,Whole crunchy hazelnut coated in milk chocolate.
https://images.unsplash.com/photo-1548907040-4baa42d10919?w=500&auto=format&fit=crop&q=80,Ferrero Rocher Chocolate Box 3 Piece (Pack of 2),CNC-0127,Ferrero,Chocolates & Confectionery,Gold,210,182,197,Whole crunchy hazelnut coated in milk chocolate.
https://images.unsplash.com/photo-1606312619070-d48b4c652a52?w=500&auto=format&fit=crop&q=80,Ferrero Rocher Chocolate Box 3 Piece (Pack of 3),CNC-0128,Ferrero,Chocolates & Confectionery,Gold,315,269,134,Whole crunchy hazelnut coated in milk chocolate.
https://images.unsplash.com/photo-1511381939415-e44015466834?w=500&auto=format&fit=crop&q=80,Ferrero Rocher Chocolate Box 3 Piece (Pack of 4),CNC-0129,Ferrero,Chocolates & Confectionery,Gold,420,355,423,Whole crunchy hazelnut coated in milk chocolate.
https://images.unsplash.com/photo-1582293041079-7814c2f12063?w=500&auto=format&fit=crop&q=80,Ferrero Rocher Chocolate Box 3 Piece (Family Pack of 6),CNC-0130,Ferrero,Chocolates & Confectionery,Gold,630,518,233,Whole crunchy hazelnut coated in milk chocolate.
https://images.unsplash.com/photo-1549007994-cb92caebd54b?w=500&auto=format&fit=crop&q=80,Ferrero Rocher Chocolate Box 24 Piece,CNC-0131,Ferrero,Chocolates & Confectionery,Gold,799,735,167,Whole crunchy hazelnut coated in milk chocolate.
https://images.unsplash.com/photo-1481391319762-47dff72954d9?w=500&auto=format&fit=crop&q=80,Ferrero Rocher Chocolate Box 24 Piece (Pack of 2),CNC-0132,Ferrero,Chocolates & Confectionery,Gold,1598,1396,86,Whole crunchy hazelnut coated in milk chocolate.
https://images.unsplash.com/photo-1519689680058-324335c77eba?w=500&auto=format&fit=crop&q=80,Pampers All Round Protection Baby Diapers Pants Medium 34s,BBC-0001,Pampers,Baby Care,White,699,629,78,Ultra absorbent pant style baby diapers with anti-rash lotion.
https://images.unsplash.com/photo-1555252333-9f8e92e65df9?w=500&auto=format&fit=crop&q=80,Pampers All Round Protection Baby Diapers Pants Medium 34s (Pack of 2),BBC-0002,Pampers,Baby Care,White,1398,1195,162,Ultra absorbent pant style baby diapers with anti-rash lotion.
https://images.unsplash.com/photo-1522771739844-6a9f6d5f14af?w=500&auto=format&fit=crop&q=80,Pampers All Round Protection Baby Diapers Pants Medium 34s (Pack of 3),BBC-0003,Pampers,Baby Care,White,2097,1761,254,Ultra absorbent pant style baby diapers with anti-rash lotion.
https://images.unsplash.com/photo-1544367567-0f2fcb009e0b?w=500&auto=format&fit=crop&q=80,Pampers All Round Protection Baby Diapers Pants Medium 34s (Pack of 4),BBC-0004,Pampers,Baby Care,White,2796,2327,279,Ultra absorbent pant style baby diapers with anti-rash lotion.
https://images.unsplash.com/photo-1576495199011-eb94736d05d6?w=500&auto=format&fit=crop&q=80,Pampers All Round Protection Baby Diapers Pants Medium 34s (Family Pack of 6),BBC-0005,Pampers,Baby Care,White,4194,3397,74,Ultra absorbent pant style baby diapers with anti-rash lotion.
https://images.unsplash.com/photo-1607582278043-57198ac8da43?w=500&auto=format&fit=crop&q=80,Pampers All Round Protection Baby Diapers Pants Medium 64s,BBC-0006,Pampers,Baby Care,White,1299,1149,296,Ultra absorbent pant style baby diapers with anti-rash lotion.
https://images.unsplash.com/photo-1519457431-44ccd64a579b?w=500&auto=format&fit=crop&q=80,Pampers All Round Protection Baby Diapers Pants Medium 64s (Pack of 2),BBC-0007,Pampers,Baby Care,White,2598,2183,120,Ultra absorbent pant style baby diapers with anti-rash lotion.
https://images.unsplash.com/photo-1519689680058-324335c77eba?w=500&auto=format&fit=crop&q=80,Pampers All Round Protection Baby Diapers Pants Medium 64s (Pack of 3),BBC-0008,Pampers,Baby Care,White,3897,3217,127,Ultra absorbent pant style baby diapers with anti-rash lotion.
https://images.unsplash.com/photo-1555252333-9f8e92e65df9?w=500&auto=format&fit=crop&q=80,Pampers All Round Protection Baby Diapers Pants Medium 64s (Pack of 4),BBC-0009,Pampers,Baby Care,White,5196,4251,166,Ultra absorbent pant style baby diapers with anti-rash lotion.
https://images.unsplash.com/photo-1522771739844-6a9f6d5f14af?w=500&auto=format&fit=crop&q=80,Pampers All Round Protection Baby Diapers Pants Medium 64s (Family Pack of 6),BBC-0010,Pampers,Baby Care,White,7794,6205,263,Ultra absorbent pant style baby diapers with anti-rash lotion.
https://images.unsplash.com/photo-1544367567-0f2fcb009e0b?w=500&auto=format&fit=crop&q=80,Pampers All Round Protection Baby Diapers Pants Large 58s,BBC-0011,Pampers,Baby Care,White,1299,1169,131,Ultra absorbent pant style baby diapers with anti-rash lotion.
https://images.unsplash.com/photo-1576495199011-eb94736d05d6?w=500&auto=format&fit=crop&q=80,Pampers All Round Protection Baby Diapers Pants Large 58s (Pack of 2),BBC-0012,Pampers,Baby Care,White,2598,2221,143,Ultra absorbent pant style baby diapers with anti-rash lotion.
https://images.unsplash.com/photo-1607582278043-57198ac8da43?w=500&auto=format&fit=crop&q=80,Pampers All Round Protection Baby Diapers Pants Large 58s (Pack of 3),BBC-0013,Pampers,Baby Care,White,3897,3273,275,Ultra absorbent pant style baby diapers with anti-rash lotion.
https://images.unsplash.com/photo-1519457431-44ccd64a579b?w=500&auto=format&fit=crop&q=80,Pampers All Round Protection Baby Diapers Pants Large 58s (Pack of 4),BBC-0014,Pampers,Baby Care,White,5196,4325,187,Ultra absorbent pant style baby diapers with anti-rash lotion.
https://images.unsplash.com/photo-1519689680058-324335c77eba?w=500&auto=format&fit=crop&q=80,Pampers All Round Protection Baby Diapers Pants Large 58s (Family Pack of 6),BBC-0015,Pampers,Baby Care,White,7794,6313,173,Ultra absorbent pant style baby diapers with anti-rash lotion.
https://images.unsplash.com/photo-1555252333-9f8e92e65df9?w=500&auto=format&fit=crop&q=80,Pampers All Round Protection Baby Diapers Pants Extra Large 44s,BBC-0016,Pampers,Baby Care,White,1099,989,138,Ultra absorbent pant style baby diapers with anti-rash lotion.
https://images.unsplash.com/photo-1522771739844-6a9f6d5f14af?w=500&auto=format&fit=crop&q=80,Pampers All Round Protection Baby Diapers Pants Extra Large 44s (Pack of 2),BBC-0017,Pampers,Baby Care,White,2198,1879,53,Ultra absorbent pant style baby diapers with anti-rash lotion.
https://images.unsplash.com/photo-1544367567-0f2fcb009e0b?w=500&auto=format&fit=crop&q=80,Pampers All Round Protection Baby Diapers Pants Extra Large 44s (Pack of 3),BBC-0018,Pampers,Baby Care,White,3297,2769,161,Ultra absorbent pant style baby diapers with anti-rash lotion.
https://images.unsplash.com/photo-1576495199011-eb94736d05d6?w=500&auto=format&fit=crop&q=80,Pampers All Round Protection Baby Diapers Pants Extra Large 44s (Pack of 4),BBC-0019,Pampers,Baby Care,White,4396,3659,299,Ultra absorbent pant style baby diapers with anti-rash lotion.
https://images.unsplash.com/photo-1607582278043-57198ac8da43?w=500&auto=format&fit=crop&q=80,Pampers All Round Protection Baby Diapers Pants Extra Large 44s (Family Pack of 6),BBC-0020,Pampers,Baby Care,White,6594,5341,185,Ultra absorbent pant style baby diapers with anti-rash lotion.
https://images.unsplash.com/photo-1519457431-44ccd64a579b?w=500&auto=format&fit=crop&q=80,Pampers Premium Care Diapers Medium 44s,BBC-0021,Pampers,Baby Care,Purple,1099,989,79,Ultra soft premium cotton like baby pants.
https://images.unsplash.com/photo-1519689680058-324335c77eba?w=500&auto=format&fit=crop&q=80,Pampers Premium Care Diapers Medium 44s (Pack of 2),BBC-0022,Pampers,Baby Care,Purple,2198,1879,188,Ultra soft premium cotton like baby pants.
https://images.unsplash.com/photo-1555252333-9f8e92e65df9?w=500&auto=format&fit=crop&q=80,Pampers Premium Care Diapers Medium 44s (Pack of 3),BBC-0023,Pampers,Baby Care,Purple,3297,2769,194,Ultra soft premium cotton like baby pants.
https://images.unsplash.com/photo-1522771739844-6a9f6d5f14af?w=500&auto=format&fit=crop&q=80,Pampers Premium Care Diapers Medium 44s (Pack of 4),BBC-0024,Pampers,Baby Care,Purple,4396,3659,122,Ultra soft premium cotton like baby pants.
https://images.unsplash.com/photo-1544367567-0f2fcb009e0b?w=500&auto=format&fit=crop&q=80,Pampers Premium Care Diapers Medium 44s (Family Pack of 6),BBC-0025,Pampers,Baby Care,Purple,6594,5341,173,Ultra soft premium cotton like baby pants.
https://images.unsplash.com/photo-1576495199011-eb94736d05d6?w=500&auto=format&fit=crop&q=80,Pampers Premium Care Diapers Large 40s,BBC-0026,Pampers,Baby Care,Purple,1099,989,217,Ultra soft premium cotton like baby pants.
https://images.unsplash.com/photo-1607582278043-57198ac8da43?w=500&auto=format&fit=crop&q=80,Pampers Premium Care Diapers Large 40s (Pack of 2),BBC-0027,Pampers,Baby Care,Purple,2198,1879,131,Ultra soft premium cotton like baby pants.
https://images.unsplash.com/photo-1519457431-44ccd64a579b?w=500&auto=format&fit=crop&q=80,Pampers Premium Care Diapers Large 40s (Pack of 3),BBC-0028,Pampers,Baby Care,Purple,3297,2769,83,Ultra soft premium cotton like baby pants.
https://images.unsplash.com/photo-1519689680058-324335c77eba?w=500&auto=format&fit=crop&q=80,Pampers Premium Care Diapers Large 40s (Pack of 4),BBC-0029,Pampers,Baby Care,Purple,4396,3659,75,Ultra soft premium cotton like baby pants.
https://images.unsplash.com/photo-1555252333-9f8e92e65df9?w=500&auto=format&fit=crop&q=80,Pampers Premium Care Diapers Large 40s (Family Pack of 6),BBC-0030,Pampers,Baby Care,Purple,6594,5341,82,Ultra soft premium cotton like baby pants.
https://images.unsplash.com/photo-1522771739844-6a9f6d5f14af?w=500&auto=format&fit=crop&q=80,Huggies Wonder Pants Baby Diapers Medium 56s,BBC-0031,Huggies,Baby Care,White,999,895,57,Soft cushiony baby pant diapers with 12 hour absorption.
https://images.unsplash.com/photo-1544367567-0f2fcb009e0b?w=500&auto=format&fit=crop&q=80,Huggies Wonder Pants Baby Diapers Medium 56s (Pack of 2),BBC-0032,Huggies,Baby Care,White,1998,1700,70,Soft cushiony baby pant diapers with 12 hour absorption.
https://images.unsplash.com/photo-1576495199011-eb94736d05d6?w=500&auto=format&fit=crop&q=80,Huggies Wonder Pants Baby Diapers Medium 56s (Pack of 3),BBC-0033,Huggies,Baby Care,White,2997,2506,174,Soft cushiony baby pant diapers with 12 hour absorption.
https://images.unsplash.com/photo-1607582278043-57198ac8da43?w=500&auto=format&fit=crop&q=80,Huggies Wonder Pants Baby Diapers Medium 56s (Pack of 4),BBC-0034,Huggies,Baby Care,White,3996,3312,132,Soft cushiony baby pant diapers with 12 hour absorption.
https://images.unsplash.com/photo-1519457431-44ccd64a579b?w=500&auto=format&fit=crop&q=80,Huggies Wonder Pants Baby Diapers Medium 56s (Family Pack of 6),BBC-0035,Huggies,Baby Care,White,5994,4833,142,Soft cushiony baby pant diapers with 12 hour absorption.
https://images.unsplash.com/photo-1519689680058-324335c77eba?w=500&auto=format&fit=crop&q=80,Huggies Wonder Pants Baby Diapers Large 50s,BBC-0036,Huggies,Baby Care,White,1099,975,94,Soft cushiony baby pant diapers with 12 hour absorption.
https://images.unsplash.com/photo-1555252333-9f8e92e65df9?w=500&auto=format&fit=crop&q=80,Huggies Wonder Pants Baby Diapers Large 50s (Pack of 2),BBC-0037,Huggies,Baby Care,White,2198,1852,191,Soft cushiony baby pant diapers with 12 hour absorption.
https://images.unsplash.com/photo-1522771739844-6a9f6d5f14af?w=500&auto=format&fit=crop&q=80,Huggies Wonder Pants Baby Diapers Large 50s (Pack of 3),BBC-0038,Huggies,Baby Care,White,3297,2730,189,Soft cushiony baby pant diapers with 12 hour absorption.
https://images.unsplash.com/photo-1544367567-0f2fcb009e0b?w=500&auto=format&fit=crop&q=80,Huggies Wonder Pants Baby Diapers Large 50s (Pack of 4),BBC-0039,Huggies,Baby Care,White,4396,3608,150,Soft cushiony baby pant diapers with 12 hour absorption.
https://images.unsplash.com/photo-1576495199011-eb94736d05d6?w=500&auto=format&fit=crop&q=80,Huggies Wonder Pants Baby Diapers Large 50s (Family Pack of 6),BBC-0040,Huggies,Baby Care,White,6594,5265,172,Soft cushiony baby pant diapers with 12 hour absorption.
https://images.unsplash.com/photo-1607582278043-57198ac8da43?w=500&auto=format&fit=crop&q=80,Huggies Wonder Pants Baby Diapers Extra Large 40s,BBC-0041,Huggies,Baby Care,White,999,889,107,Soft cushiony baby pant diapers with 12 hour absorption.
https://images.unsplash.com/photo-1519457431-44ccd64a579b?w=500&auto=format&fit=crop&q=80,Huggies Wonder Pants Baby Diapers Extra Large 40s (Pack of 2),BBC-0042,Huggies,Baby Care,White,1998,1689,174,Soft cushiony baby pant diapers with 12 hour absorption.
https://images.unsplash.com/photo-1519689680058-324335c77eba?w=500&auto=format&fit=crop&q=80,Huggies Wonder Pants Baby Diapers Extra Large 40s (Pack of 3),BBC-0043,Huggies,Baby Care,White,2997,2489,178,Soft cushiony baby pant diapers with 12 hour absorption.
https://images.unsplash.com/photo-1555252333-9f8e92e65df9?w=500&auto=format&fit=crop&q=80,Huggies Wonder Pants Baby Diapers Extra Large 40s (Pack of 4),BBC-0044,Huggies,Baby Care,White,3996,3289,300,Soft cushiony baby pant diapers with 12 hour absorption.
https://images.unsplash.com/photo-1522771739844-6a9f6d5f14af?w=500&auto=format&fit=crop&q=80,Huggies Wonder Pants Baby Diapers Extra Large 40s (Family Pack of 6),BBC-0045,Huggies,Baby Care,White,5994,4801,230,Soft cushiony baby pant diapers with 12 hour absorption.
https://images.unsplash.com/photo-1544367567-0f2fcb009e0b?w=500&auto=format&fit=crop&q=80,MamyPoko Pants Extra Absorb Diapers Medium 62s,BBC-0046,MamyPoko,Baby Care,Blue,999,899,269,12hr overnight dry baby pants diapers.
https://images.unsplash.com/photo-1576495199011-eb94736d05d6?w=500&auto=format&fit=crop&q=80,MamyPoko Pants Extra Absorb Diapers Medium 62s (Pack of 2),BBC-0047,MamyPoko,Baby Care,Blue,1998,1708,97,12hr overnight dry baby pants diapers.
https://images.unsplash.com/photo-1607582278043-57198ac8da43?w=500&auto=format&fit=crop&q=80,MamyPoko Pants Extra Absorb Diapers Medium 62s (Pack of 3),BBC-0048,MamyPoko,Baby Care,Blue,2997,2517,194,12hr overnight dry baby pants diapers.
https://images.unsplash.com/photo-1519457431-44ccd64a579b?w=500&auto=format&fit=crop&q=80,MamyPoko Pants Extra Absorb Diapers Medium 62s (Pack of 4),BBC-0049,MamyPoko,Baby Care,Blue,3996,3326,295,12hr overnight dry baby pants diapers.
https://images.unsplash.com/photo-1519689680058-324335c77eba?w=500&auto=format&fit=crop&q=80,MamyPoko Pants Extra Absorb Diapers Medium 62s (Family Pack of 6),BBC-0050,MamyPoko,Baby Care,Blue,5994,4855,88,12hr overnight dry baby pants diapers.
https://images.unsplash.com/photo-1555252333-9f8e92e65df9?w=500&auto=format&fit=crop&q=80,MamyPoko Pants Extra Absorb Diapers Large 54s,BBC-0051,MamyPoko,Baby Care,Blue,1099,979,259,12hr overnight dry baby pants diapers.
https://images.unsplash.com/photo-1522771739844-6a9f6d5f14af?w=500&auto=format&fit=crop&q=80,MamyPoko Pants Extra Absorb Diapers Large 54s (Pack of 2),BBC-0052,MamyPoko,Baby Care,Blue,2198,1860,270,12hr overnight dry baby pants diapers.
https://images.unsplash.com/photo-1544367567-0f2fcb009e0b?w=500&auto=format&fit=crop&q=80,MamyPoko Pants Extra Absorb Diapers Large 54s (Pack of 3),BBC-0053,MamyPoko,Baby Care,Blue,3297,2741,271,12hr overnight dry baby pants diapers.
https://images.unsplash.com/photo-1576495199011-eb94736d05d6?w=500&auto=format&fit=crop&q=80,MamyPoko Pants Extra Absorb Diapers Large 54s (Pack of 4),BBC-0054,MamyPoko,Baby Care,Blue,4396,3622,295,12hr overnight dry baby pants diapers.
https://images.unsplash.com/photo-1607582278043-57198ac8da43?w=500&auto=format&fit=crop&q=80,MamyPoko Pants Extra Absorb Diapers Large 54s (Family Pack of 6),BBC-0055,MamyPoko,Baby Care,Blue,6594,5287,151,12hr overnight dry baby pants diapers.
https://images.unsplash.com/photo-1519457431-44ccd64a579b?w=500&auto=format&fit=crop&q=80,MamyPoko Pants Standard Diapers Medium 78s,BBC-0056,MamyPoko,Baby Care,White,999,895,207,Value pack everyday baby pants.
https://images.unsplash.com/photo-1519689680058-324335c77eba?w=500&auto=format&fit=crop&q=80,MamyPoko Pants Standard Diapers Medium 78s (Pack of 2),BBC-0057,MamyPoko,Baby Care,White,1998,1700,171,Value pack everyday baby pants.
https://images.unsplash.com/photo-1555252333-9f8e92e65df9?w=500&auto=format&fit=crop&q=80,MamyPoko Pants Standard Diapers Medium 78s (Pack of 3),BBC-0058,MamyPoko,Baby Care,White,2997,2506,70,Value pack everyday baby pants.
https://images.unsplash.com/photo-1522771739844-6a9f6d5f14af?w=500&auto=format&fit=crop&q=80,MamyPoko Pants Standard Diapers Medium 78s (Pack of 4),BBC-0059,MamyPoko,Baby Care,White,3996,3312,128,Value pack everyday baby pants.
https://images.unsplash.com/photo-1544367567-0f2fcb009e0b?w=500&auto=format&fit=crop&q=80,MamyPoko Pants Standard Diapers Medium 78s (Family Pack of 6),BBC-0060,MamyPoko,Baby Care,White,5994,4833,227,Value pack everyday baby pants.
https://images.unsplash.com/photo-1576495199011-eb94736d05d6?w=500&auto=format&fit=crop&q=80,Supples Baby Pants Diapers Medium 90s,BBC-0061,Supples,Baby Care,Blue,999,889,241,Premium quality soft baby pants.
https://images.unsplash.com/photo-1607582278043-57198ac8da43?w=500&auto=format&fit=crop&q=80,Supples Baby Pants Diapers Medium 90s (Pack of 2),BBC-0062,Supples,Baby Care,Blue,1998,1689,265,Premium quality soft baby pants.
https://images.unsplash.com/photo-1519457431-44ccd64a579b?w=500&auto=format&fit=crop&q=80,Supples Baby Pants Diapers Medium 90s (Pack of 3),BBC-0063,Supples,Baby Care,Blue,2997,2489,70,Premium quality soft baby pants.
https://images.unsplash.com/photo-1519689680058-324335c77eba?w=500&auto=format&fit=crop&q=80,Supples Baby Pants Diapers Medium 90s (Pack of 4),BBC-0064,Supples,Baby Care,Blue,3996,3289,275,Premium quality soft baby pants.
https://images.unsplash.com/photo-1555252333-9f8e92e65df9?w=500&auto=format&fit=crop&q=80,Supples Baby Pants Diapers Medium 90s (Family Pack of 6),BBC-0065,Supples,Baby Care,Blue,5994,4801,121,Premium quality soft baby pants.
https://images.unsplash.com/photo-1522771739844-6a9f6d5f14af?w=500&auto=format&fit=crop&q=80,Supples Baby Pants Diapers Large 84s,BBC-0066,Supples,Baby Care,Blue,1099,969,74,Premium quality soft baby pants.
https://images.unsplash.com/photo-1544367567-0f2fcb009e0b?w=500&auto=format&fit=crop&q=80,Supples Baby Pants Diapers Large 84s (Pack of 2),BBC-0067,Supples,Baby Care,Blue,2198,1841,115,Premium quality soft baby pants.
https://images.unsplash.com/photo-1576495199011-eb94736d05d6?w=500&auto=format&fit=crop&q=80,Supples Baby Pants Diapers Large 84s (Pack of 3),BBC-0068,Supples,Baby Care,Blue,3297,2713,185,Premium quality soft baby pants.
https://images.unsplash.com/photo-1607582278043-57198ac8da43?w=500&auto=format&fit=crop&q=80,Supples Baby Pants Diapers Large 84s (Pack of 4),BBC-0069,Supples,Baby Care,Blue,4396,3585,238,Premium quality soft baby pants.
https://images.unsplash.com/photo-1519457431-44ccd64a579b?w=500&auto=format&fit=crop&q=80,Supples Baby Pants Diapers Large 84s (Family Pack of 6),BBC-0070,Supples,Baby Care,Blue,6594,5233,287,Premium quality soft baby pants.
https://images.unsplash.com/photo-1519689680058-324335c77eba?w=500&auto=format&fit=crop&q=80,Little's Comfy Pants Diapers Medium 62s,BBC-0071,Little's,Baby Care,Green,799,699,71,Aloe lotion soft baby diapers.
https://images.unsplash.com/photo-1555252333-9f8e92e65df9?w=500&auto=format&fit=crop&q=80,Little's Comfy Pants Diapers Medium 62s (Pack of 2),BBC-0072,Little's,Baby Care,Green,1598,1328,200,Aloe lotion soft baby diapers.
https://images.unsplash.com/photo-1522771739844-6a9f6d5f14af?w=500&auto=format&fit=crop&q=80,Little's Comfy Pants Diapers Medium 62s (Pack of 3),BBC-0073,Little's,Baby Care,Green,2397,1957,162,Aloe lotion soft baby diapers.
https://images.unsplash.com/photo-1544367567-0f2fcb009e0b?w=500&auto=format&fit=crop&q=80,Little's Comfy Pants Diapers Medium 62s (Pack of 4),BBC-0074,Little's,Baby Care,Green,3196,2586,65,Aloe lotion soft baby diapers.
https://images.unsplash.com/photo-1576495199011-eb94736d05d6?w=500&auto=format&fit=crop&q=80,Little's Comfy Pants Diapers Medium 62s (Family Pack of 6),BBC-0075,Little's,Baby Care,Green,4794,3775,117,Aloe lotion soft baby diapers.
https://images.unsplash.com/photo-1607582278043-57198ac8da43?w=500&auto=format&fit=crop&q=80,Himalaya Baby Wipes 72 Wipes,BBC-0076,Himalaya,Baby Care,Green,225,199,107,Alcohol free gentle wet wipes for baby skin cleansing.
https://images.unsplash.com/photo-1519457431-44ccd64a579b?w=500&auto=format&fit=crop&q=80,Himalaya Baby Wipes 72 Wipes (Pack of 2),BBC-0077,Himalaya,Baby Care,Green,450,378,116,Alcohol free gentle wet wipes for baby skin cleansing.
https://images.unsplash.com/photo-1519689680058-324335c77eba?w=500&auto=format&fit=crop&q=80,Himalaya Baby Wipes 72 Wipes (Pack of 3),BBC-0078,Himalaya,Baby Care,Green,675,557,246,Alcohol free gentle wet wipes for baby skin cleansing.
https://images.unsplash.com/photo-1555252333-9f8e92e65df9?w=500&auto=format&fit=crop&q=80,Himalaya Baby Wipes 72 Wipes (Pack of 4),BBC-0079,Himalaya,Baby Care,Green,900,736,191,Alcohol free gentle wet wipes for baby skin cleansing.
https://images.unsplash.com/photo-1522771739844-6a9f6d5f14af?w=500&auto=format&fit=crop&q=80,Himalaya Baby Wipes 72 Wipes (Family Pack of 6),BBC-0080,Himalaya,Baby Care,Green,1350,1075,113,Alcohol free gentle wet wipes for baby skin cleansing.
https://images.unsplash.com/photo-1544367567-0f2fcb009e0b?w=500&auto=format&fit=crop&q=80,Himalaya Baby Wipes 24 Wipes,BBC-0081,Himalaya,Baby Care,Green,95,87,257,Alcohol free gentle wet wipes for baby skin cleansing.
https://images.unsplash.com/photo-1576495199011-eb94736d05d6?w=500&auto=format&fit=crop&q=80,Himalaya Baby Wipes 24 Wipes (Pack of 2),BBC-0082,Himalaya,Baby Care,Green,190,165,223,Alcohol free gentle wet wipes for baby skin cleansing.
https://images.unsplash.com/photo-1607582278043-57198ac8da43?w=500&auto=format&fit=crop&q=80,Himalaya Baby Wipes 24 Wipes (Pack of 3),BBC-0083,Himalaya,Baby Care,Green,285,244,119,Alcohol free gentle wet wipes for baby skin cleansing.
https://images.unsplash.com/photo-1519457431-44ccd64a579b?w=500&auto=format&fit=crop&q=80,Himalaya Baby Wipes 24 Wipes (Pack of 4),BBC-0084,Himalaya,Baby Care,Green,380,322,154,Alcohol free gentle wet wipes for baby skin cleansing.
https://images.unsplash.com/photo-1519689680058-324335c77eba?w=500&auto=format&fit=crop&q=80,Himalaya Baby Wipes 24 Wipes (Family Pack of 6),BBC-0085,Himalaya,Baby Care,Green,570,470,236,Alcohol free gentle wet wipes for baby skin cleansing.
https://images.unsplash.com/photo-1555252333-9f8e92e65df9?w=500&auto=format&fit=crop&q=80,Johnson's Baby Gentle Wipes 80 Wipes,BBC-0086,Johnson's,Baby Care,Pink,225,199,260,Silky soft baby cleansing wipes.
https://images.unsplash.com/photo-1522771739844-6a9f6d5f14af?w=500&auto=format&fit=crop&q=80,Johnson's Baby Gentle Wipes 80 Wipes (Pack of 2),BBC-0087,Johnson's,Baby Care,Pink,450,378,292,Silky soft baby cleansing wipes.
https://images.unsplash.com/photo-1544367567-0f2fcb009e0b?w=500&auto=format&fit=crop&q=80,Johnson's Baby Gentle Wipes 80 Wipes (Pack of 3),BBC-0088,Johnson's,Baby Care,Pink,675,557,90,Silky soft baby cleansing wipes.
https://images.unsplash.com/photo-1576495199011-eb94736d05d6?w=500&auto=format&fit=crop&q=80,Johnson's Baby Gentle Wipes 80 Wipes (Pack of 4),BBC-0089,Johnson's,Baby Care,Pink,900,736,221,Silky soft baby cleansing wipes.
https://images.unsplash.com/photo-1607582278043-57198ac8da43?w=500&auto=format&fit=crop&q=80,Johnson's Baby Gentle Wipes 80 Wipes (Family Pack of 6),BBC-0090,Johnson's,Baby Care,Pink,1350,1075,218,Silky soft baby cleansing wipes.
https://images.unsplash.com/photo-1519457431-44ccd64a579b?w=500&auto=format&fit=crop&q=80,Mee Mee Baby Wet Wipes 72 Wipes,BBC-0091,Mee Mee,Baby Care,Blue,199,179,203,Paraben free ultra soft baby wipes.
https://images.unsplash.com/photo-1519689680058-324335c77eba?w=500&auto=format&fit=crop&q=80,Mee Mee Baby Wet Wipes 72 Wipes (Pack of 2),BBC-0092,Mee Mee,Baby Care,Blue,398,340,253,Paraben free ultra soft baby wipes.
https://images.unsplash.com/photo-1555252333-9f8e92e65df9?w=500&auto=format&fit=crop&q=80,Mee Mee Baby Wet Wipes 72 Wipes (Pack of 3),BBC-0093,Mee Mee,Baby Care,Blue,597,501,276,Paraben free ultra soft baby wipes.
https://images.unsplash.com/photo-1522771739844-6a9f6d5f14af?w=500&auto=format&fit=crop&q=80,Mee Mee Baby Wet Wipes 72 Wipes (Pack of 4),BBC-0094,Mee Mee,Baby Care,Blue,796,662,167,Paraben free ultra soft baby wipes.
https://images.unsplash.com/photo-1544367567-0f2fcb009e0b?w=500&auto=format&fit=crop&q=80,Mee Mee Baby Wet Wipes 72 Wipes (Family Pack of 6),BBC-0095,Mee Mee,Baby Care,Blue,1194,967,219,Paraben free ultra soft baby wipes.
https://images.unsplash.com/photo-1576495199011-eb94736d05d6?w=500&auto=format&fit=crop&q=80,Luvlap Baby Wipes Aloe Vera 72 Wipes,BBC-0096,Luvlap,Baby Care,Green,175,159,114,Fragrance free aloe baby wipes.
https://images.unsplash.com/photo-1607582278043-57198ac8da43?w=500&auto=format&fit=crop&q=80,Luvlap Baby Wipes Aloe Vera 72 Wipes (Pack of 2),BBC-0097,Luvlap,Baby Care,Green,350,302,61,Fragrance free aloe baby wipes.
https://images.unsplash.com/photo-1519457431-44ccd64a579b?w=500&auto=format&fit=crop&q=80,Luvlap Baby Wipes Aloe Vera 72 Wipes (Pack of 3),BBC-0098,Luvlap,Baby Care,Green,525,445,124,Fragrance free aloe baby wipes.
https://images.unsplash.com/photo-1519689680058-324335c77eba?w=500&auto=format&fit=crop&q=80,Luvlap Baby Wipes Aloe Vera 72 Wipes (Pack of 4),BBC-0099,Luvlap,Baby Care,Green,700,588,91,Fragrance free aloe baby wipes.
https://images.unsplash.com/photo-1555252333-9f8e92e65df9?w=500&auto=format&fit=crop&q=80,Luvlap Baby Wipes Aloe Vera 72 Wipes (Family Pack of 6),BBC-0100,Luvlap,Baby Care,Green,1050,859,118,Fragrance free aloe baby wipes.
https://images.unsplash.com/photo-1522771739844-6a9f6d5f14af?w=500&auto=format&fit=crop&q=80,Himalaya Baby Powder 200g,BBC-0101,Himalaya,Baby Care,White,145,130,224,Herbal baby powder enriched with khus-khus & zinc.
https://images.unsplash.com/photo-1544367567-0f2fcb009e0b?w=500&auto=format&fit=crop&q=80,Himalaya Baby Powder 200g (Pack of 2),BBC-0102,Himalaya,Baby Care,White,290,247,250,Herbal baby powder enriched with khus-khus & zinc.
https://images.unsplash.com/photo-1576495199011-eb94736d05d6?w=500&auto=format&fit=crop&q=80,Himalaya Baby Powder 200g (Pack of 3),BBC-0103,Himalaya,Baby Care,White,435,364,52,Herbal baby powder enriched with khus-khus & zinc.
https://images.unsplash.com/photo-1607582278043-57198ac8da43?w=500&auto=format&fit=crop&q=80,Himalaya Baby Powder 200g (Pack of 4),BBC-0104,Himalaya,Baby Care,White,580,481,241,Herbal baby powder enriched with khus-khus & zinc.
https://images.unsplash.com/photo-1519457431-44ccd64a579b?w=500&auto=format&fit=crop&q=80,Himalaya Baby Powder 200g (Family Pack of 6),BBC-0105,Himalaya,Baby Care,White,870,702,109,Herbal baby powder enriched with khus-khus & zinc.
https://images.unsplash.com/photo-1519689680058-324335c77eba?w=500&auto=format&fit=crop&q=80,Himalaya Baby Powder 400g,BBC-0106,Himalaya,Baby Care,White,230,205,82,Herbal baby powder enriched with khus-khus & zinc.
https://images.unsplash.com/photo-1555252333-9f8e92e65df9?w=500&auto=format&fit=crop&q=80,Himalaya Baby Powder 400g (Pack of 2),BBC-0107,Himalaya,Baby Care,White,460,390,276,Herbal baby powder enriched with khus-khus & zinc.
https://images.unsplash.com/photo-1522771739844-6a9f6d5f14af?w=500&auto=format&fit=crop&q=80,Himalaya Baby Powder 400g (Pack of 3),BBC-0108,Himalaya,Baby Care,White,690,574,89,Herbal baby powder enriched with khus-khus & zinc.
https://images.unsplash.com/photo-1544367567-0f2fcb009e0b?w=500&auto=format&fit=crop&q=80,Himalaya Baby Powder 400g (Pack of 4),BBC-0109,Himalaya,Baby Care,White,920,758,248,Herbal baby powder enriched with khus-khus & zinc.
https://images.unsplash.com/photo-1576495199011-eb94736d05d6?w=500&auto=format&fit=crop&q=80,Himalaya Baby Powder 400g (Family Pack of 6),BBC-0110,Himalaya,Baby Care,White,1380,1107,200,Herbal baby powder enriched with khus-khus & zinc.
https://images.unsplash.com/photo-1607582278043-57198ac8da43?w=500&auto=format&fit=crop&q=80,Johnson's Baby Powder 200g,BBC-0111,Johnson's,Baby Care,White,175,159,289,Classic gentle baby talcum powder.
https://images.unsplash.com/photo-1519457431-44ccd64a579b?w=500&auto=format&fit=crop&q=80,Johnson's Baby Powder 200g (Pack of 2),BBC-0112,Johnson's,Baby Care,White,350,302,75,Classic gentle baby talcum powder.
https://images.unsplash.com/photo-1519689680058-324335c77eba?w=500&auto=format&fit=crop&q=80,Johnson's Baby Powder 200g (Pack of 3),BBC-0113,Johnson's,Baby Care,White,525,445,289,Classic gentle baby talcum powder.
https://images.unsplash.com/photo-1555252333-9f8e92e65df9?w=500&auto=format&fit=crop&q=80,Johnson's Baby Powder 200g (Pack of 4),BBC-0114,Johnson's,Baby Care,White,700,588,225,Classic gentle baby talcum powder.
https://images.unsplash.com/photo-1522771739844-6a9f6d5f14af?w=500&auto=format&fit=crop&q=80,Johnson's Baby Powder 200g (Family Pack of 6),BBC-0115,Johnson's,Baby Care,White,1050,859,88,Classic gentle baby talcum powder.
https://images.unsplash.com/photo-1544367567-0f2fcb009e0b?w=500&auto=format&fit=crop&q=80,Johnson's Baby Powder 400g,BBC-0116,Johnson's,Baby Care,White,285,259,154,Classic gentle baby talcum powder.
https://images.unsplash.com/photo-1576495199011-eb94736d05d6?w=500&auto=format&fit=crop&q=80,Johnson's Baby Powder 400g (Pack of 2),BBC-0117,Johnson's,Baby Care,White,570,492,124,Classic gentle baby talcum powder.
https://images.unsplash.com/photo-1607582278043-57198ac8da43?w=500&auto=format&fit=crop&q=80,Johnson's Baby Powder 400g (Pack of 3),BBC-0118,Johnson's,Baby Care,White,855,725,163,Classic gentle baby talcum powder.
https://images.unsplash.com/photo-1519457431-44ccd64a579b?w=500&auto=format&fit=crop&q=80,Johnson's Baby Powder 400g (Pack of 4),BBC-0119,Johnson's,Baby Care,White,1140,958,124,Classic gentle baby talcum powder.
https://images.unsplash.com/photo-1519689680058-324335c77eba?w=500&auto=format&fit=crop&q=80,Johnson's Baby Powder 400g (Family Pack of 6),BBC-0120,Johnson's,Baby Care,White,1710,1399,293,Classic gentle baby talcum powder.
https://images.unsplash.com/photo-1555252333-9f8e92e65df9?w=500&auto=format&fit=crop&q=80,Sebamed Baby Powder 200g,BBC-0121,Sebamed,Baby Care,White,325,298,130,pH 5.5 gentle baby powder.
https://images.unsplash.com/photo-1522771739844-6a9f6d5f14af?w=500&auto=format&fit=crop&q=80,Sebamed Baby Powder 200g (Pack of 2),BBC-0122,Sebamed,Baby Care,White,650,566,109,pH 5.5 gentle baby powder.
https://images.unsplash.com/photo-1544367567-0f2fcb009e0b?w=500&auto=format&fit=crop&q=80,Sebamed Baby Powder 200g (Pack of 3),BBC-0123,Sebamed,Baby Care,White,975,834,86,pH 5.5 gentle baby powder.
https://images.unsplash.com/photo-1576495199011-eb94736d05d6?w=500&auto=format&fit=crop&q=80,Sebamed Baby Powder 200g (Pack of 4),BBC-0124,Sebamed,Baby Care,White,1300,1103,224,pH 5.5 gentle baby powder.
https://images.unsplash.com/photo-1607582278043-57198ac8da43?w=500&auto=format&fit=crop&q=80,Sebamed Baby Powder 200g (Family Pack of 6),BBC-0125,Sebamed,Baby Care,White,1950,1609,193,pH 5.5 gentle baby powder.
https://images.unsplash.com/photo-1519457431-44ccd64a579b?w=500&auto=format&fit=crop&q=80,Himalaya Gentle Baby Soap 125g,BBC-0126,Himalaya,Baby Care,White,75,68,269,Herbal baby soap with olive oil & almond oil.
https://images.unsplash.com/photo-1519689680058-324335c77eba?w=500&auto=format&fit=crop&q=80,Himalaya Gentle Baby Soap 125g (Pack of 2),BBC-0127,Himalaya,Baby Care,White,150,129,85,Herbal baby soap with olive oil & almond oil.
https://images.unsplash.com/photo-1555252333-9f8e92e65df9?w=500&auto=format&fit=crop&q=80,Himalaya Gentle Baby Soap 125g (Pack of 3),BBC-0128,Himalaya,Baby Care,White,225,190,185,Herbal baby soap with olive oil & almond oil.
https://images.unsplash.com/photo-1522771739844-6a9f6d5f14af?w=500&auto=format&fit=crop&q=80,Himalaya Gentle Baby Soap 125g (Pack of 4),BBC-0129,Himalaya,Baby Care,White,300,252,292,Herbal baby soap with olive oil & almond oil.
https://images.unsplash.com/photo-1544367567-0f2fcb009e0b?w=500&auto=format&fit=crop&q=80,Himalaya Gentle Baby Soap 125g (Family Pack of 6),BBC-0130,Himalaya,Baby Care,White,450,367,235,Herbal baby soap with olive oil & almond oil.
https://images.unsplash.com/photo-1576495199011-eb94736d05d6?w=500&auto=format&fit=crop&q=80,Himalaya Gentle Baby Soap 125g x4 Pack,BBC-0131,Himalaya,Baby Care,White,280,249,122,Herbal baby soap with olive oil & almond oil.
https://images.unsplash.com/photo-1607582278043-57198ac8da43?w=500&auto=format&fit=crop&q=80,Himalaya Gentle Baby Soap 125g x4 Pack (Pack of 2),BBC-0132,Himalaya,Baby Care,White,560,473,296,Herbal baby soap with olive oil & almond oil.
https://images.unsplash.com/photo-1565299624946-b28f40a0ae38?w=500&auto=format&fit=crop&q=80,McCain French Fries 420g,FZF-0001,McCain,Frozen Foods,Yellow,155,139,247,Crispy golden potato french fries for deep frying or baking.
https://images.unsplash.com/photo-1563805042-7684c019e1cb?w=500&auto=format&fit=crop&q=80,McCain French Fries 420g (Pack of 2),FZF-0002,McCain,Frozen Foods,Yellow,310,264,186,Crispy golden potato french fries for deep frying or baking.
https://images.unsplash.com/photo-1501443762994-82bd5dace89a?w=500&auto=format&fit=crop&q=80,McCain French Fries 420g (Pack of 3),FZF-0003,McCain,Frozen Foods,Yellow,465,389,63,Crispy golden potato french fries for deep frying or baking.
https://images.unsplash.com/photo-1546069901-ba9599a7e63c?w=500&auto=format&fit=crop&q=80,McCain French Fries 420g (Pack of 4),FZF-0004,McCain,Frozen Foods,Yellow,620,514,47,Crispy golden potato french fries for deep frying or baking.
https://images.unsplash.com/photo-1570197788417-0e82375c9371?w=500&auto=format&fit=crop&q=80,McCain French Fries 420g (Family Pack of 6),FZF-0005,McCain,Frozen Foods,Yellow,930,751,196,Crispy golden potato french fries for deep frying or baking.
https://images.unsplash.com/photo-1497034825429-c343d7c6a68f?w=500&auto=format&fit=crop&q=80,McCain French Fries 1.25kg,FZF-0006,McCain,Frozen Foods,Yellow,320,285,208,Crispy golden potato french fries for deep frying or baking.
https://images.unsplash.com/photo-1567206563064-6f60f40a2b57?w=500&auto=format&fit=crop&q=80,McCain French Fries 1.25kg (Pack of 2),FZF-0007,McCain,Frozen Foods,Yellow,640,542,176,Crispy golden potato french fries for deep frying or baking.
https://images.unsplash.com/photo-1488900128323-21503983a07e?w=500&auto=format&fit=crop&q=80,McCain French Fries 1.25kg (Pack of 3),FZF-0008,McCain,Frozen Foods,Yellow,960,798,75,Crispy golden potato french fries for deep frying or baking.
https://images.unsplash.com/photo-1565299624946-b28f40a0ae38?w=500&auto=format&fit=crop&q=80,McCain French Fries 1.25kg (Pack of 4),FZF-0009,McCain,Frozen Foods,Yellow,1280,1054,73,Crispy golden potato french fries for deep frying or baking.
https://images.unsplash.com/photo-1563805042-7684c019e1cb?w=500&auto=format&fit=crop&q=80,McCain French Fries 1.25kg (Family Pack of 6),FZF-0010,McCain,Frozen Foods,Yellow,1920,1539,173,Crispy golden potato french fries for deep frying or baking.
https://images.unsplash.com/photo-1501443762994-82bd5dace89a?w=500&auto=format&fit=crop&q=80,McCain Veggie Nuggets 400g,FZF-0011,McCain,Frozen Foods,Golden,150,135,49,"Crispy vegetable nuggets made with potatoes, peas & corn."
https://images.unsplash.com/photo-1546069901-ba9599a7e63c?w=500&auto=format&fit=crop&q=80,McCain Veggie Nuggets 400g (Pack of 2),FZF-0012,McCain,Frozen Foods,Golden,300,256,204,"Crispy vegetable nuggets made with potatoes, peas & corn."
https://images.unsplash.com/photo-1570197788417-0e82375c9371?w=500&auto=format&fit=crop&q=80,McCain Veggie Nuggets 400g (Pack of 3),FZF-0013,McCain,Frozen Foods,Golden,450,378,107,"Crispy vegetable nuggets made with potatoes, peas & corn."
https://images.unsplash.com/photo-1497034825429-c343d7c6a68f?w=500&auto=format&fit=crop&q=80,McCain Veggie Nuggets 400g (Pack of 4),FZF-0014,McCain,Frozen Foods,Golden,600,500,219,"Crispy vegetable nuggets made with potatoes, peas & corn."
https://images.unsplash.com/photo-1567206563064-6f60f40a2b57?w=500&auto=format&fit=crop&q=80,McCain Veggie Nuggets 400g (Family Pack of 6),FZF-0015,McCain,Frozen Foods,Golden,900,729,40,"Crispy vegetable nuggets made with potatoes, peas & corn."
https://images.unsplash.com/photo-1488900128323-21503983a07e?w=500&auto=format&fit=crop&q=80,McCain Aloo Tikki Mazedaar 400g,FZF-0016,McCain,Frozen Foods,Golden,140,125,154,Spicy Indian style crunchy potato patty tikkis.
https://images.unsplash.com/photo-1565299624946-b28f40a0ae38?w=500&auto=format&fit=crop&q=80,McCain Aloo Tikki Mazedaar 400g (Pack of 2),FZF-0017,McCain,Frozen Foods,Golden,280,238,186,Spicy Indian style crunchy potato patty tikkis.
https://images.unsplash.com/photo-1563805042-7684c019e1cb?w=500&auto=format&fit=crop&q=80,McCain Aloo Tikki Mazedaar 400g (Pack of 3),FZF-0018,McCain,Frozen Foods,Golden,420,350,123,Spicy Indian style crunchy potato patty tikkis.
https://images.unsplash.com/photo-1501443762994-82bd5dace89a?w=500&auto=format&fit=crop&q=80,McCain Aloo Tikki Mazedaar 400g (Pack of 4),FZF-0019,McCain,Frozen Foods,Golden,560,462,74,Spicy Indian style crunchy potato patty tikkis.
https://images.unsplash.com/photo-1546069901-ba9599a7e63c?w=500&auto=format&fit=crop&q=80,McCain Aloo Tikki Mazedaar 400g (Family Pack of 6),FZF-0020,McCain,Frozen Foods,Golden,840,675,164,Spicy Indian style crunchy potato patty tikkis.
https://images.unsplash.com/photo-1570197788417-0e82375c9371?w=500&auto=format&fit=crop&q=80,McCain Cheese Corn Balls 240g,FZF-0021,McCain,Frozen Foods,Golden,175,158,184,Crispy breaded snacks filled with gooey melted cheese & sweet corn.
https://images.unsplash.com/photo-1497034825429-c343d7c6a68f?w=500&auto=format&fit=crop&q=80,McCain Cheese Corn Balls 240g (Pack of 2),FZF-0022,McCain,Frozen Foods,Golden,350,300,110,Crispy breaded snacks filled with gooey melted cheese & sweet corn.
https://images.unsplash.com/photo-1567206563064-6f60f40a2b57?w=500&auto=format&fit=crop&q=80,McCain Cheese Corn Balls 240g (Pack of 3),FZF-0023,McCain,Frozen Foods,Golden,525,442,226,Crispy breaded snacks filled with gooey melted cheese & sweet corn.
https://images.unsplash.com/photo-1488900128323-21503983a07e?w=500&auto=format&fit=crop&q=80,McCain Cheese Corn Balls 240g (Pack of 4),FZF-0024,McCain,Frozen Foods,Golden,700,585,231,Crispy breaded snacks filled with gooey melted cheese & sweet corn.
https://images.unsplash.com/photo-1565299624946-b28f40a0ae38?w=500&auto=format&fit=crop&q=80,McCain Cheese Corn Balls 240g (Family Pack of 6),FZF-0025,McCain,Frozen Foods,Golden,1050,853,229,Crispy breaded snacks filled with gooey melted cheese & sweet corn.
https://images.unsplash.com/photo-1563805042-7684c019e1cb?w=500&auto=format&fit=crop&q=80,McCain Smiles Potato Snack 420g,FZF-0026,McCain,Frozen Foods,Golden,170,152,247,Smiley face crispy potato smiles.
https://images.unsplash.com/photo-1501443762994-82bd5dace89a?w=500&auto=format&fit=crop&q=80,McCain Smiles Potato Snack 420g (Pack of 2),FZF-0027,McCain,Frozen Foods,Golden,340,289,105,Smiley face crispy potato smiles.
https://images.unsplash.com/photo-1546069901-ba9599a7e63c?w=500&auto=format&fit=crop&q=80,McCain Smiles Potato Snack 420g (Pack of 3),FZF-0028,McCain,Frozen Foods,Golden,510,426,248,Smiley face crispy potato smiles.
https://images.unsplash.com/photo-1570197788417-0e82375c9371?w=500&auto=format&fit=crop&q=80,McCain Smiles Potato Snack 420g (Pack of 4),FZF-0029,McCain,Frozen Foods,Golden,680,562,190,Smiley face crispy potato smiles.
https://images.unsplash.com/photo-1497034825429-c343d7c6a68f?w=500&auto=format&fit=crop&q=80,McCain Smiles Potato Snack 420g (Family Pack of 6),FZF-0030,McCain,Frozen Foods,Golden,1020,821,231,Smiley face crispy potato smiles.
https://images.unsplash.com/photo-1567206563064-6f60f40a2b57?w=500&auto=format&fit=crop&q=80,McCain Cheesy Fries 420g,FZF-0031,McCain,Frozen Foods,Yellow,185,166,76,Cheese coated crispy french fries.
https://images.unsplash.com/photo-1488900128323-21503983a07e?w=500&auto=format&fit=crop&q=80,McCain Cheesy Fries 420g (Pack of 2),FZF-0032,McCain,Frozen Foods,Yellow,370,315,92,Cheese coated crispy french fries.
https://images.unsplash.com/photo-1565299624946-b28f40a0ae38?w=500&auto=format&fit=crop&q=80,McCain Cheesy Fries 420g (Pack of 3),FZF-0033,McCain,Frozen Foods,Yellow,555,465,230,Cheese coated crispy french fries.
https://images.unsplash.com/photo-1563805042-7684c019e1cb?w=500&auto=format&fit=crop&q=80,McCain Cheesy Fries 420g (Pack of 4),FZF-0034,McCain,Frozen Foods,Yellow,740,614,148,Cheese coated crispy french fries.
https://images.unsplash.com/photo-1501443762994-82bd5dace89a?w=500&auto=format&fit=crop&q=80,McCain Cheesy Fries 420g (Family Pack of 6),FZF-0035,McCain,Frozen Foods,Yellow,1110,896,59,Cheese coated crispy french fries.
https://images.unsplash.com/photo-1546069901-ba9599a7e63c?w=500&auto=format&fit=crop&q=80,McCain Veg Burger Patty 420g,FZF-0036,McCain,Frozen Foods,Golden,150,135,151,Spiced veggie burger patties pack.
https://images.unsplash.com/photo-1570197788417-0e82375c9371?w=500&auto=format&fit=crop&q=80,McCain Veg Burger Patty 420g (Pack of 2),FZF-0037,McCain,Frozen Foods,Golden,300,256,69,Spiced veggie burger patties pack.
https://images.unsplash.com/photo-1497034825429-c343d7c6a68f?w=500&auto=format&fit=crop&q=80,McCain Veg Burger Patty 420g (Pack of 3),FZF-0038,McCain,Frozen Foods,Golden,450,378,98,Spiced veggie burger patties pack.
https://images.unsplash.com/photo-1567206563064-6f60f40a2b57?w=500&auto=format&fit=crop&q=80,McCain Veg Burger Patty 420g (Pack of 4),FZF-0039,McCain,Frozen Foods,Golden,600,500,146,Spiced veggie burger patties pack.
https://images.unsplash.com/photo-1488900128323-21503983a07e?w=500&auto=format&fit=crop&q=80,McCain Veg Burger Patty 420g (Family Pack of 6),FZF-0040,McCain,Frozen Foods,Golden,900,729,87,Spiced veggie burger patties pack.
https://images.unsplash.com/photo-1565299624946-b28f40a0ae38?w=500&auto=format&fit=crop&q=80,McCain Chilli Cheese Nuggets 320g,FZF-0041,McCain,Frozen Foods,Red,185,166,66,Spicy molten cheese nuggets.
https://images.unsplash.com/photo-1563805042-7684c019e1cb?w=500&auto=format&fit=crop&q=80,McCain Chilli Cheese Nuggets 320g (Pack of 2),FZF-0042,McCain,Frozen Foods,Red,370,315,49,Spicy molten cheese nuggets.
https://images.unsplash.com/photo-1501443762994-82bd5dace89a?w=500&auto=format&fit=crop&q=80,McCain Chilli Cheese Nuggets 320g (Pack of 3),FZF-0043,McCain,Frozen Foods,Red,555,465,71,Spicy molten cheese nuggets.
https://images.unsplash.com/photo-1546069901-ba9599a7e63c?w=500&auto=format&fit=crop&q=80,McCain Chilli Cheese Nuggets 320g (Pack of 4),FZF-0044,McCain,Frozen Foods,Red,740,614,222,Spicy molten cheese nuggets.
https://images.unsplash.com/photo-1570197788417-0e82375c9371?w=500&auto=format&fit=crop&q=80,McCain Chilli Cheese Nuggets 320g (Family Pack of 6),FZF-0045,McCain,Frozen Foods,Red,1110,896,217,Spicy molten cheese nuggets.
https://images.unsplash.com/photo-1497034825429-c343d7c6a68f?w=500&auto=format&fit=crop&q=80,Safal Frozen Green Peas 500g,FZF-0046,Safal,Frozen Foods,Green,90,80,181,Farm fresh tender frozen green matar peas.
https://images.unsplash.com/photo-1567206563064-6f60f40a2b57?w=500&auto=format&fit=crop&q=80,Safal Frozen Green Peas 500g (Pack of 2),FZF-0047,Safal,Frozen Foods,Green,180,152,47,Farm fresh tender frozen green matar peas.
https://images.unsplash.com/photo-1488900128323-21503983a07e?w=500&auto=format&fit=crop&q=80,Safal Frozen Green Peas 500g (Pack of 3),FZF-0048,Safal,Frozen Foods,Green,270,224,60,Farm fresh tender frozen green matar peas.
https://images.unsplash.com/photo-1565299624946-b28f40a0ae38?w=500&auto=format&fit=crop&q=80,Safal Frozen Green Peas 500g (Pack of 4),FZF-0049,Safal,Frozen Foods,Green,360,296,185,Farm fresh tender frozen green matar peas.
https://images.unsplash.com/photo-1563805042-7684c019e1cb?w=500&auto=format&fit=crop&q=80,Safal Frozen Green Peas 500g (Family Pack of 6),FZF-0050,Safal,Frozen Foods,Green,540,432,143,Farm fresh tender frozen green matar peas.
https://images.unsplash.com/photo-1501443762994-82bd5dace89a?w=500&auto=format&fit=crop&q=80,Safal Frozen Green Peas 1kg,FZF-0051,Safal,Frozen Foods,Green,160,140,76,Farm fresh tender frozen green matar peas.
https://images.unsplash.com/photo-1546069901-ba9599a7e63c?w=500&auto=format&fit=crop&q=80,Safal Frozen Green Peas 1kg (Pack of 2),FZF-0052,Safal,Frozen Foods,Green,320,266,129,Farm fresh tender frozen green matar peas.
https://images.unsplash.com/photo-1570197788417-0e82375c9371?w=500&auto=format&fit=crop&q=80,Safal Frozen Green Peas 1kg (Pack of 3),FZF-0053,Safal,Frozen Foods,Green,480,392,56,Farm fresh tender frozen green matar peas.
https://images.unsplash.com/photo-1497034825429-c343d7c6a68f?w=500&auto=format&fit=crop&q=80,Safal Frozen Green Peas 1kg (Pack of 4),FZF-0054,Safal,Frozen Foods,Green,640,518,88,Farm fresh tender frozen green matar peas.
https://images.unsplash.com/photo-1567206563064-6f60f40a2b57?w=500&auto=format&fit=crop&q=80,Safal Frozen Green Peas 1kg (Family Pack of 6),FZF-0055,Safal,Frozen Foods,Green,960,756,111,Farm fresh tender frozen green matar peas.
https://images.unsplash.com/photo-1488900128323-21503983a07e?w=500&auto=format&fit=crop&q=80,Safal Frozen Sweet Corn 500g,FZF-0056,Safal,Frozen Foods,Yellow,95,85,103,Sweet juicy American frozen sweet corn kernels.
https://images.unsplash.com/photo-1565299624946-b28f40a0ae38?w=500&auto=format&fit=crop&q=80,Safal Frozen Sweet Corn 500g (Pack of 2),FZF-0057,Safal,Frozen Foods,Yellow,190,162,238,Sweet juicy American frozen sweet corn kernels.
https://images.unsplash.com/photo-1563805042-7684c019e1cb?w=500&auto=format&fit=crop&q=80,Safal Frozen Sweet Corn 500g (Pack of 3),FZF-0058,Safal,Frozen Foods,Yellow,285,238,229,Sweet juicy American frozen sweet corn kernels.
https://images.unsplash.com/photo-1501443762994-82bd5dace89a?w=500&auto=format&fit=crop&q=80,Safal Frozen Sweet Corn 500g (Pack of 4),FZF-0059,Safal,Frozen Foods,Yellow,380,314,221,Sweet juicy American frozen sweet corn kernels.
https://images.unsplash.com/photo-1546069901-ba9599a7e63c?w=500&auto=format&fit=crop&q=80,Safal Frozen Sweet Corn 500g (Family Pack of 6),FZF-0060,Safal,Frozen Foods,Yellow,570,459,79,Sweet juicy American frozen sweet corn kernels.
https://images.unsplash.com/photo-1570197788417-0e82375c9371?w=500&auto=format&fit=crop&q=80,Safal Frozen Mixed Vegetables 500g,FZF-0061,Safal,Frozen Foods,Multi,95,85,244,Carrot beans peas & corn frozen mix.
https://images.unsplash.com/photo-1497034825429-c343d7c6a68f?w=500&auto=format&fit=crop&q=80,Safal Frozen Mixed Vegetables 500g (Pack of 2),FZF-0062,Safal,Frozen Foods,Multi,190,162,161,Carrot beans peas & corn frozen mix.
https://images.unsplash.com/photo-1567206563064-6f60f40a2b57?w=500&auto=format&fit=crop&q=80,Safal Frozen Mixed Vegetables 500g (Pack of 3),FZF-0063,Safal,Frozen Foods,Multi,285,238,81,Carrot beans peas & corn frozen mix.
https://images.unsplash.com/photo-1488900128323-21503983a07e?w=500&auto=format&fit=crop&q=80,Safal Frozen Mixed Vegetables 500g (Pack of 4),FZF-0064,Safal,Frozen Foods,Multi,380,314,78,Carrot beans peas & corn frozen mix.
https://images.unsplash.com/photo-1565299624946-b28f40a0ae38?w=500&auto=format&fit=crop&q=80,Safal Frozen Mixed Vegetables 500g (Family Pack of 6),FZF-0065,Safal,Frozen Foods,Multi,570,459,69,Carrot beans peas & corn frozen mix.
https://images.unsplash.com/photo-1563805042-7684c019e1cb?w=500&auto=format&fit=crop&q=80,Safal Frozen French Fries 420g,FZF-0066,Safal,Frozen Foods,Golden,145,130,226,Crinkle cut crispy fries.
https://images.unsplash.com/photo-1501443762994-82bd5dace89a?w=500&auto=format&fit=crop&q=80,Safal Frozen French Fries 420g (Pack of 2),FZF-0067,Safal,Frozen Foods,Golden,290,247,153,Crinkle cut crispy fries.
https://images.unsplash.com/photo-1546069901-ba9599a7e63c?w=500&auto=format&fit=crop&q=80,Safal Frozen French Fries 420g (Pack of 3),FZF-0068,Safal,Frozen Foods,Golden,435,364,161,Crinkle cut crispy fries.
https://images.unsplash.com/photo-1570197788417-0e82375c9371?w=500&auto=format&fit=crop&q=80,Safal Frozen French Fries 420g (Pack of 4),FZF-0069,Safal,Frozen Foods,Golden,580,481,122,Crinkle cut crispy fries.
https://images.unsplash.com/photo-1497034825429-c343d7c6a68f?w=500&auto=format&fit=crop&q=80,Safal Frozen French Fries 420g (Family Pack of 6),FZF-0070,Safal,Frozen Foods,Golden,870,702,98,Crinkle cut crispy fries.
https://images.unsplash.com/photo-1567206563064-6f60f40a2b57?w=500&auto=format&fit=crop&q=80,Sumeru Frozen Green Peas 500g,FZF-0071,Sumeru,Frozen Foods,Green,88,79,49,IQF graded tender green peas.
https://images.unsplash.com/photo-1488900128323-21503983a07e?w=500&auto=format&fit=crop&q=80,Sumeru Frozen Green Peas 500g (Pack of 2),FZF-0072,Sumeru,Frozen Foods,Green,176,150,53,IQF graded tender green peas.
https://images.unsplash.com/photo-1565299624946-b28f40a0ae38?w=500&auto=format&fit=crop&q=80,Sumeru Frozen Green Peas 500g (Pack of 3),FZF-0073,Sumeru,Frozen Foods,Green,264,221,68,IQF graded tender green peas.
https://images.unsplash.com/photo-1563805042-7684c019e1cb?w=500&auto=format&fit=crop&q=80,Sumeru Frozen Green Peas 500g (Pack of 4),FZF-0074,Sumeru,Frozen Foods,Green,352,292,225,IQF graded tender green peas.
https://images.unsplash.com/photo-1501443762994-82bd5dace89a?w=500&auto=format&fit=crop&q=80,Sumeru Frozen Green Peas 500g (Family Pack of 6),FZF-0075,Sumeru,Frozen Foods,Green,528,427,119,IQF graded tender green peas.
https://images.unsplash.com/photo-1546069901-ba9599a7e63c?w=500&auto=format&fit=crop&q=80,Sumeru Frozen Aloo Tikki 400g,FZF-0076,Sumeru,Frozen Foods,Golden,135,121,191,Masala aloo tikki frozen pack.
https://images.unsplash.com/photo-1570197788417-0e82375c9371?w=500&auto=format&fit=crop&q=80,Sumeru Frozen Aloo Tikki 400g (Pack of 2),FZF-0077,Sumeru,Frozen Foods,Golden,270,230,91,Masala aloo tikki frozen pack.
https://images.unsplash.com/photo-1497034825429-c343d7c6a68f?w=500&auto=format&fit=crop&q=80,Sumeru Frozen Aloo Tikki 400g (Pack of 3),FZF-0078,Sumeru,Frozen Foods,Golden,405,339,162,Masala aloo tikki frozen pack.
https://images.unsplash.com/photo-1567206563064-6f60f40a2b57?w=500&auto=format&fit=crop&q=80,Sumeru Frozen Aloo Tikki 400g (Pack of 4),FZF-0079,Sumeru,Frozen Foods,Golden,540,448,173,Masala aloo tikki frozen pack.
https://images.unsplash.com/photo-1488900128323-21503983a07e?w=500&auto=format&fit=crop&q=80,Sumeru Frozen Aloo Tikki 400g (Family Pack of 6),FZF-0080,Sumeru,Frozen Foods,Golden,810,653,209,Masala aloo tikki frozen pack.
https://images.unsplash.com/photo-1565299624946-b28f40a0ae38?w=500&auto=format&fit=crop&q=80,Sumeru Frozen Mixed Veg 500g,FZF-0081,Sumeru,Frozen Foods,Multi,92,83,172,Premium IQF mixed vegetables.
https://images.unsplash.com/photo-1563805042-7684c019e1cb?w=500&auto=format&fit=crop&q=80,Sumeru Frozen Mixed Veg 500g (Pack of 2),FZF-0082,Sumeru,Frozen Foods,Multi,184,158,160,Premium IQF mixed vegetables.
https://images.unsplash.com/photo-1501443762994-82bd5dace89a?w=500&auto=format&fit=crop&q=80,Sumeru Frozen Mixed Veg 500g (Pack of 3),FZF-0083,Sumeru,Frozen Foods,Multi,276,232,167,Premium IQF mixed vegetables.
https://images.unsplash.com/photo-1546069901-ba9599a7e63c?w=500&auto=format&fit=crop&q=80,Sumeru Frozen Mixed Veg 500g (Pack of 4),FZF-0084,Sumeru,Frozen Foods,Multi,368,307,65,Premium IQF mixed vegetables.
https://images.unsplash.com/photo-1570197788417-0e82375c9371?w=500&auto=format&fit=crop&q=80,Sumeru Frozen Mixed Veg 500g (Family Pack of 6),FZF-0085,Sumeru,Frozen Foods,Multi,552,448,231,Premium IQF mixed vegetables.
https://images.unsplash.com/photo-1497034825429-c343d7c6a68f?w=500&auto=format&fit=crop&q=80,Amul Vanilla Magic Ice Cream Tub 500ml,FZF-0086,Amul,Frozen Foods,White,115,105,64,Rich creamy real milk vanilla ice cream.
https://images.unsplash.com/photo-1567206563064-6f60f40a2b57?w=500&auto=format&fit=crop&q=80,Amul Vanilla Magic Ice Cream Tub 500ml (Pack of 2),FZF-0087,Amul,Frozen Foods,White,230,200,94,Rich creamy real milk vanilla ice cream.
https://images.unsplash.com/photo-1488900128323-21503983a07e?w=500&auto=format&fit=crop&q=80,Amul Vanilla Magic Ice Cream Tub 500ml (Pack of 3),FZF-0088,Amul,Frozen Foods,White,345,294,67,Rich creamy real milk vanilla ice cream.
https://images.unsplash.com/photo-1565299624946-b28f40a0ae38?w=500&auto=format&fit=crop&q=80,Amul Vanilla Magic Ice Cream Tub 500ml (Pack of 4),FZF-0089,Amul,Frozen Foods,White,460,388,200,Rich creamy real milk vanilla ice cream.
https://images.unsplash.com/photo-1563805042-7684c019e1cb?w=500&auto=format&fit=crop&q=80,Amul Vanilla Magic Ice Cream Tub 500ml (Family Pack of 6),FZF-0090,Amul,Frozen Foods,White,690,567,204,Rich creamy real milk vanilla ice cream.
https://images.unsplash.com/photo-1501443762994-82bd5dace89a?w=500&auto=format&fit=crop&q=80,Amul Vanilla Magic Ice Cream Tub 1L,FZF-0091,Amul,Frozen Foods,White,180,165,72,Rich creamy real milk vanilla ice cream.
https://images.unsplash.com/photo-1546069901-ba9599a7e63c?w=500&auto=format&fit=crop&q=80,Amul Vanilla Magic Ice Cream Tub 1L (Pack of 2),FZF-0092,Amul,Frozen Foods,White,360,314,127,Rich creamy real milk vanilla ice cream.
https://images.unsplash.com/photo-1570197788417-0e82375c9371?w=500&auto=format&fit=crop&q=80,Amul Vanilla Magic Ice Cream Tub 1L (Pack of 3),FZF-0093,Amul,Frozen Foods,White,540,462,57,Rich creamy real milk vanilla ice cream.
https://images.unsplash.com/photo-1497034825429-c343d7c6a68f?w=500&auto=format&fit=crop&q=80,Amul Vanilla Magic Ice Cream Tub 1L (Pack of 4),FZF-0094,Amul,Frozen Foods,White,720,610,84,Rich creamy real milk vanilla ice cream.
https://images.unsplash.com/photo-1567206563064-6f60f40a2b57?w=500&auto=format&fit=crop&q=80,Amul Vanilla Magic Ice Cream Tub 1L (Family Pack of 6),FZF-0095,Amul,Frozen Foods,White,1080,891,171,Rich creamy real milk vanilla ice cream.
https://images.unsplash.com/photo-1488900128323-21503983a07e?w=500&auto=format&fit=crop&q=80,Amul Belgian Chocolate Ice Cream Tub 500ml,FZF-0096,Amul,Frozen Foods,Dark Brown,165,150,200,Indulgent dark Belgian chocolate ice cream tub.
https://images.unsplash.com/photo-1565299624946-b28f40a0ae38?w=500&auto=format&fit=crop&q=80,Amul Belgian Chocolate Ice Cream Tub 500ml (Pack of 2),FZF-0097,Amul,Frozen Foods,Dark Brown,330,285,73,Indulgent dark Belgian chocolate ice cream tub.
https://images.unsplash.com/photo-1563805042-7684c019e1cb?w=500&auto=format&fit=crop&q=80,Amul Belgian Chocolate Ice Cream Tub 500ml (Pack of 3),FZF-0098,Amul,Frozen Foods,Dark Brown,495,420,60,Indulgent dark Belgian chocolate ice cream tub.
https://images.unsplash.com/photo-1501443762994-82bd5dace89a?w=500&auto=format&fit=crop&q=80,Amul Belgian Chocolate Ice Cream Tub 500ml (Pack of 4),FZF-0099,Amul,Frozen Foods,Dark Brown,660,555,102,Indulgent dark Belgian chocolate ice cream tub.
https://images.unsplash.com/photo-1546069901-ba9599a7e63c?w=500&auto=format&fit=crop&q=80,Amul Belgian Chocolate Ice Cream Tub 500ml (Family Pack of 6),FZF-0100,Amul,Frozen Foods,Dark Brown,990,810,233,Indulgent dark Belgian chocolate ice cream tub.
https://images.unsplash.com/photo-1570197788417-0e82375c9371?w=500&auto=format&fit=crop&q=80,Amul Belgian Chocolate Ice Cream Tub 1L,FZF-0101,Amul,Frozen Foods,Dark Brown,270,245,162,Indulgent dark Belgian chocolate ice cream tub.
https://images.unsplash.com/photo-1497034825429-c343d7c6a68f?w=500&auto=format&fit=crop&q=80,Amul Belgian Chocolate Ice Cream Tub 1L (Pack of 2),FZF-0102,Amul,Frozen Foods,Dark Brown,540,466,75,Indulgent dark Belgian chocolate ice cream tub.
https://images.unsplash.com/photo-1567206563064-6f60f40a2b57?w=500&auto=format&fit=crop&q=80,Amul Belgian Chocolate Ice Cream Tub 1L (Pack of 3),FZF-0103,Amul,Frozen Foods,Dark Brown,810,686,225,Indulgent dark Belgian chocolate ice cream tub.
https://images.unsplash.com/photo-1544716278-ca5e3f4abd8c?w=500&auto=format&fit=crop&q=80,Classmate Long Book Unruled 160 Pages 1 Piece,STN-0001,Classmate,Stationery,Blue,75,68,219,Smooth bright paper unruled notebook for school & college.
https://images.unsplash.com/photo-1583485088034-697b5bc54ccd?w=500&auto=format&fit=crop&q=80,Classmate Long Book Unruled 160 Pages 1 Piece (Pack of 2),STN-0002,Classmate,Stationery,Blue,150,129,114,Smooth bright paper unruled notebook for school & college.
https://images.unsplash.com/photo-1513542789411-b6a5d4f31634?w=500&auto=format&fit=crop&q=80,Classmate Long Book Unruled 160 Pages 1 Piece (Pack of 3),STN-0003,Classmate,Stationery,Blue,225,190,380,Smooth bright paper unruled notebook for school & college.
https://images.unsplash.com/photo-1456735190827-d1262f71b8a3?w=500&auto=format&fit=crop&q=80,Classmate Long Book Unruled 160 Pages 1 Piece (Pack of 4),STN-0004,Classmate,Stationery,Blue,300,252,259,Smooth bright paper unruled notebook for school & college.
https://images.unsplash.com/photo-1517971053567-8bde93bc6a58?w=500&auto=format&fit=crop&q=80,Classmate Long Book Unruled 160 Pages 1 Piece (Family Pack of 6),STN-0005,Classmate,Stationery,Blue,450,367,104,Smooth bright paper unruled notebook for school & college.
https://images.unsplash.com/photo-1587145820266-a5951ee6f620?w=500&auto=format&fit=crop&q=80,Classmate Long Book Ruled 172 Pages 1 Piece,STN-0006,Classmate,Stationery,Blue,70,63,199,Soft cover ruled notebook with quality paper.
https://images.unsplash.com/photo-1600494603989-9650cf6ddd3d?w=500&auto=format&fit=crop&q=80,Classmate Long Book Ruled 172 Pages 1 Piece (Pack of 2),STN-0007,Classmate,Stationery,Blue,140,120,350,Soft cover ruled notebook with quality paper.
https://images.unsplash.com/photo-1544716278-ca5e3f4abd8c?w=500&auto=format&fit=crop&q=80,Classmate Long Book Ruled 172 Pages 1 Piece (Pack of 3),STN-0008,Classmate,Stationery,Blue,210,176,182,Soft cover ruled notebook with quality paper.
https://images.unsplash.com/photo-1583485088034-697b5bc54ccd?w=500&auto=format&fit=crop&q=80,Classmate Long Book Ruled 172 Pages 1 Piece (Pack of 4),STN-0009,Classmate,Stationery,Blue,280,233,279,Soft cover ruled notebook with quality paper.
https://images.unsplash.com/photo-1513542789411-b6a5d4f31634?w=500&auto=format&fit=crop&q=80,Classmate Long Book Ruled 172 Pages 1 Piece (Family Pack of 6),STN-0010,Classmate,Stationery,Blue,420,340,212,Soft cover ruled notebook with quality paper.
https://images.unsplash.com/photo-1456735190827-d1262f71b8a3?w=500&auto=format&fit=crop&q=80,Classmate Notebook Single Line 172 Pages 1 Piece,STN-0011,Classmate,Stationery,Multi,70,63,135,Premium ruled single line notebook.
https://images.unsplash.com/photo-1517971053567-8bde93bc6a58?w=500&auto=format&fit=crop&q=80,Classmate Notebook Single Line 172 Pages 1 Piece (Pack of 2),STN-0012,Classmate,Stationery,Multi,140,120,355,Premium ruled single line notebook.
https://images.unsplash.com/photo-1587145820266-a5951ee6f620?w=500&auto=format&fit=crop&q=80,Classmate Notebook Single Line 172 Pages 1 Piece (Pack of 3),STN-0013,Classmate,Stationery,Multi,210,176,151,Premium ruled single line notebook.
https://images.unsplash.com/photo-1600494603989-9650cf6ddd3d?w=500&auto=format&fit=crop&q=80,Classmate Notebook Single Line 172 Pages 1 Piece (Pack of 4),STN-0014,Classmate,Stationery,Multi,280,233,240,Premium ruled single line notebook.
https://images.unsplash.com/photo-1544716278-ca5e3f4abd8c?w=500&auto=format&fit=crop&q=80,Classmate Notebook Single Line 172 Pages 1 Piece (Family Pack of 6),STN-0015,Classmate,Stationery,Multi,420,340,398,Premium ruled single line notebook.
https://images.unsplash.com/photo-1583485088034-697b5bc54ccd?w=500&auto=format&fit=crop&q=80,Classmate Spiral Hardbound Notebook A5 200 Pages 1 Piece,STN-0016,Classmate,Stationery,Black,140,125,392,Durable wire bound ruled executive diary notebook.
https://images.unsplash.com/photo-1513542789411-b6a5d4f31634?w=500&auto=format&fit=crop&q=80,Classmate Spiral Hardbound Notebook A5 200 Pages 1 Piece (Pack of 2),STN-0017,Classmate,Stationery,Black,280,238,389,Durable wire bound ruled executive diary notebook.
https://images.unsplash.com/photo-1456735190827-d1262f71b8a3?w=500&auto=format&fit=crop&q=80,Classmate Spiral Hardbound Notebook A5 200 Pages 1 Piece (Pack of 3),STN-0018,Classmate,Stationery,Black,420,350,395,Durable wire bound ruled executive diary notebook.
https://images.unsplash.com/photo-1517971053567-8bde93bc6a58?w=500&auto=format&fit=crop&q=80,Classmate Spiral Hardbound Notebook A5 200 Pages 1 Piece (Pack of 4),STN-0019,Classmate,Stationery,Black,560,462,129,Durable wire bound ruled executive diary notebook.
https://images.unsplash.com/photo-1587145820266-a5951ee6f620?w=500&auto=format&fit=crop&q=80,Classmate Spiral Hardbound Notebook A5 200 Pages 1 Piece (Family Pack of 6),STN-0020,Classmate,Stationery,Black,840,675,72,Durable wire bound ruled executive diary notebook.
https://images.unsplash.com/photo-1600494603989-9650cf6ddd3d?w=500&auto=format&fit=crop&q=80,Classmate Drawing Book A3 36 Pages 1 Piece,STN-0021,Classmate,Stationery,White,80,72,218,Thick paper drawing sketch book.
https://images.unsplash.com/photo-1544716278-ca5e3f4abd8c?w=500&auto=format&fit=crop&q=80,Classmate Drawing Book A3 36 Pages 1 Piece (Pack of 2),STN-0022,Classmate,Stationery,White,160,137,96,Thick paper drawing sketch book.
https://images.unsplash.com/photo-1583485088034-697b5bc54ccd?w=500&auto=format&fit=crop&q=80,Classmate Drawing Book A3 36 Pages 1 Piece (Pack of 3),STN-0023,Classmate,Stationery,White,240,202,158,Thick paper drawing sketch book.
https://images.unsplash.com/photo-1513542789411-b6a5d4f31634?w=500&auto=format&fit=crop&q=80,Classmate Drawing Book A3 36 Pages 1 Piece (Pack of 4),STN-0024,Classmate,Stationery,White,320,266,219,Thick paper drawing sketch book.
https://images.unsplash.com/photo-1456735190827-d1262f71b8a3?w=500&auto=format&fit=crop&q=80,Classmate Drawing Book A3 36 Pages 1 Piece (Family Pack of 6),STN-0025,Classmate,Stationery,White,480,389,104,Thick paper drawing sketch book.
https://images.unsplash.com/photo-1517971053567-8bde93bc6a58?w=500&auto=format&fit=crop&q=80,Classmate Practical Book 148 Pages 1 Piece,STN-0026,Classmate,Stationery,Green,85,77,165,Physics chemistry biology practical book.
https://images.unsplash.com/photo-1587145820266-a5951ee6f620?w=500&auto=format&fit=crop&q=80,Classmate Practical Book 148 Pages 1 Piece (Pack of 2),STN-0027,Classmate,Stationery,Green,170,146,148,Physics chemistry biology practical book.
https://images.unsplash.com/photo-1600494603989-9650cf6ddd3d?w=500&auto=format&fit=crop&q=80,Classmate Practical Book 148 Pages 1 Piece (Pack of 3),STN-0028,Classmate,Stationery,Green,255,216,240,Physics chemistry biology practical book.
https://images.unsplash.com/photo-1544716278-ca5e3f4abd8c?w=500&auto=format&fit=crop&q=80,Classmate Practical Book 148 Pages 1 Piece (Pack of 4),STN-0029,Classmate,Stationery,Green,340,285,149,Physics chemistry biology practical book.
https://images.unsplash.com/photo-1583485088034-697b5bc54ccd?w=500&auto=format&fit=crop&q=80,Classmate Practical Book 148 Pages 1 Piece (Family Pack of 6),STN-0030,Classmate,Stationery,Green,510,416,194,Physics chemistry biology practical book.
https://images.unsplash.com/photo-1513542789411-b6a5d4f31634?w=500&auto=format&fit=crop&q=80,Classmate Graph Book 64 Pages 1 Piece,STN-0031,Classmate,Stationery,Blue,60,54,311,Mathematics graph notebook.
https://images.unsplash.com/photo-1456735190827-d1262f71b8a3?w=500&auto=format&fit=crop&q=80,Classmate Graph Book 64 Pages 1 Piece (Pack of 2),STN-0032,Classmate,Stationery,Blue,120,103,145,Mathematics graph notebook.
https://images.unsplash.com/photo-1517971053567-8bde93bc6a58?w=500&auto=format&fit=crop&q=80,Classmate Graph Book 64 Pages 1 Piece (Pack of 3),STN-0033,Classmate,Stationery,Blue,180,151,82,Mathematics graph notebook.
https://images.unsplash.com/photo-1587145820266-a5951ee6f620?w=500&auto=format&fit=crop&q=80,Classmate Graph Book 64 Pages 1 Piece (Pack of 4),STN-0034,Classmate,Stationery,Blue,240,200,92,Mathematics graph notebook.
https://images.unsplash.com/photo-1600494603989-9650cf6ddd3d?w=500&auto=format&fit=crop&q=80,Classmate Graph Book 64 Pages 1 Piece (Family Pack of 6),STN-0035,Classmate,Stationery,Blue,360,292,171,Mathematics graph notebook.
https://images.unsplash.com/photo-1544716278-ca5e3f4abd8c?w=500&auto=format&fit=crop&q=80,Classmate Pulse Notebook 240 Pages 1 Piece,STN-0036,Classmate,Stationery,Blue,150,135,143,Premium A4 ruled notebook.
https://images.unsplash.com/photo-1583485088034-697b5bc54ccd?w=500&auto=format&fit=crop&q=80,Classmate Pulse Notebook 240 Pages 1 Piece (Pack of 2),STN-0037,Classmate,Stationery,Blue,300,256,79,Premium A4 ruled notebook.
https://images.unsplash.com/photo-1513542789411-b6a5d4f31634?w=500&auto=format&fit=crop&q=80,Classmate Pulse Notebook 240 Pages 1 Piece (Pack of 3),STN-0038,Classmate,Stationery,Blue,450,378,275,Premium A4 ruled notebook.
https://images.unsplash.com/photo-1456735190827-d1262f71b8a3?w=500&auto=format&fit=crop&q=80,Classmate Pulse Notebook 240 Pages 1 Piece (Pack of 4),STN-0039,Classmate,Stationery,Blue,600,500,271,Premium A4 ruled notebook.
https://images.unsplash.com/photo-1517971053567-8bde93bc6a58?w=500&auto=format&fit=crop&q=80,Classmate Pulse Notebook 240 Pages 1 Piece (Family Pack of 6),STN-0040,Classmate,Stationery,Blue,900,729,341,Premium A4 ruled notebook.
https://images.unsplash.com/photo-1587145820266-a5951ee6f620?w=500&auto=format&fit=crop&q=80,Classmate Octavo Glued Pad 80 Pages 1 Piece,STN-0041,Classmate,Stationery,White,35,32,377,Small memo notepad pad.
https://images.unsplash.com/photo-1600494603989-9650cf6ddd3d?w=500&auto=format&fit=crop&q=80,Classmate Octavo Glued Pad 80 Pages 1 Piece (Pack of 2),STN-0042,Classmate,Stationery,White,70,61,145,Small memo notepad pad.
https://images.unsplash.com/photo-1544716278-ca5e3f4abd8c?w=500&auto=format&fit=crop&q=80,Classmate Octavo Glued Pad 80 Pages 1 Piece (Pack of 3),STN-0043,Classmate,Stationery,White,105,90,314,Small memo notepad pad.
https://images.unsplash.com/photo-1583485088034-697b5bc54ccd?w=500&auto=format&fit=crop&q=80,Classmate Octavo Glued Pad 80 Pages 1 Piece (Pack of 4),STN-0044,Classmate,Stationery,White,140,118,196,Small memo notepad pad.
https://images.unsplash.com/photo-1513542789411-b6a5d4f31634?w=500&auto=format&fit=crop&q=80,Classmate Octavo Glued Pad 80 Pages 1 Piece (Family Pack of 6),STN-0045,Classmate,Stationery,White,210,173,151,Small memo notepad pad.
https://images.unsplash.com/photo-1456735190827-d1262f71b8a3?w=500&auto=format&fit=crop&q=80,Classmate Compressed Long Book 220 Pages 1 Piece,STN-0046,Classmate,Stationery,Blue,90,81,102,Dense ruled compressed long notebook.
https://images.unsplash.com/photo-1517971053567-8bde93bc6a58?w=500&auto=format&fit=crop&q=80,Classmate Compressed Long Book 220 Pages 1 Piece (Pack of 2),STN-0047,Classmate,Stationery,Blue,180,154,317,Dense ruled compressed long notebook.
https://images.unsplash.com/photo-1587145820266-a5951ee6f620?w=500&auto=format&fit=crop&q=80,Classmate Compressed Long Book 220 Pages 1 Piece (Pack of 3),STN-0048,Classmate,Stationery,Blue,270,227,218,Dense ruled compressed long notebook.
https://images.unsplash.com/photo-1600494603989-9650cf6ddd3d?w=500&auto=format&fit=crop&q=80,Classmate Compressed Long Book 220 Pages 1 Piece (Pack of 4),STN-0049,Classmate,Stationery,Blue,360,300,305,Dense ruled compressed long notebook.
https://images.unsplash.com/photo-1544716278-ca5e3f4abd8c?w=500&auto=format&fit=crop&q=80,Classmate Compressed Long Book 220 Pages 1 Piece (Family Pack of 6),STN-0050,Classmate,Stationery,Blue,540,437,304,Dense ruled compressed long notebook.
https://images.unsplash.com/photo-1583485088034-697b5bc54ccd?w=500&auto=format&fit=crop&q=80,Reynolds Trimax Gel Pen Blue 5 Piece,STN-0051,Reynolds,Stationery,Blue,300,270,371,Smooth waterproof advanced fluid gel ink writing pens.
https://images.unsplash.com/photo-1513542789411-b6a5d4f31634?w=500&auto=format&fit=crop&q=80,Reynolds Trimax Gel Pen Blue 5 Piece (Pack of 2),STN-0052,Reynolds,Stationery,Blue,600,513,316,Smooth waterproof advanced fluid gel ink writing pens.
https://images.unsplash.com/photo-1456735190827-d1262f71b8a3?w=500&auto=format&fit=crop&q=80,Reynolds Trimax Gel Pen Blue 5 Piece (Pack of 3),STN-0053,Reynolds,Stationery,Blue,900,756,147,Smooth waterproof advanced fluid gel ink writing pens.
https://images.unsplash.com/photo-1517971053567-8bde93bc6a58?w=500&auto=format&fit=crop&q=80,Reynolds Trimax Gel Pen Blue 5 Piece (Pack of 4),STN-0054,Reynolds,Stationery,Blue,1200,999,139,Smooth waterproof advanced fluid gel ink writing pens.
https://images.unsplash.com/photo-1587145820266-a5951ee6f620?w=500&auto=format&fit=crop&q=80,Reynolds Trimax Gel Pen Blue 5 Piece (Family Pack of 6),STN-0055,Reynolds,Stationery,Blue,1800,1458,82,Smooth waterproof advanced fluid gel ink writing pens.
https://images.unsplash.com/photo-1600494603989-9650cf6ddd3d?w=500&auto=format&fit=crop&q=80,Reynolds 045 Fine Carbure Ball Pen Blue 10 Piece,STN-0056,Reynolds,Stationery,Blue,110,99,134,Classic smooth writing ballpoint pen.
https://images.unsplash.com/photo-1544716278-ca5e3f4abd8c?w=500&auto=format&fit=crop&q=80,Reynolds 045 Fine Carbure Ball Pen Blue 10 Piece (Pack of 2),STN-0057,Reynolds,Stationery,Blue,220,188,184,Classic smooth writing ballpoint pen.
https://images.unsplash.com/photo-1583485088034-697b5bc54ccd?w=500&auto=format&fit=crop&q=80,Reynolds 045 Fine Carbure Ball Pen Blue 10 Piece (Pack of 3),STN-0058,Reynolds,Stationery,Blue,330,277,218,Classic smooth writing ballpoint pen.
https://images.unsplash.com/photo-1513542789411-b6a5d4f31634?w=500&auto=format&fit=crop&q=80,Reynolds 045 Fine Carbure Ball Pen Blue 10 Piece (Pack of 4),STN-0059,Reynolds,Stationery,Blue,440,366,320,Classic smooth writing ballpoint pen.
https://images.unsplash.com/photo-1456735190827-d1262f71b8a3?w=500&auto=format&fit=crop&q=80,Reynolds 045 Fine Carbure Ball Pen Blue 10 Piece (Family Pack of 6),STN-0060,Reynolds,Stationery,Blue,660,535,177,Classic smooth writing ballpoint pen.
https://images.unsplash.com/photo-1517971053567-8bde93bc6a58?w=500&auto=format&fit=crop&q=80,Reynolds Jetter Gel Pen Blue 10 Piece,STN-0061,Reynolds,Stationery,Blue,220,198,220,Fast flow gel ink pen.
https://images.unsplash.com/photo-1587145820266-a5951ee6f620?w=500&auto=format&fit=crop&q=80,Reynolds Jetter Gel Pen Blue 10 Piece (Pack of 2),STN-0062,Reynolds,Stationery,Blue,440,376,308,Fast flow gel ink pen.
https://images.unsplash.com/photo-1600494603989-9650cf6ddd3d?w=500&auto=format&fit=crop&q=80,Reynolds Jetter Gel Pen Blue 10 Piece (Pack of 3),STN-0063,Reynolds,Stationery,Blue,660,554,219,Fast flow gel ink pen.
https://images.unsplash.com/photo-1544716278-ca5e3f4abd8c?w=500&auto=format&fit=crop&q=80,Reynolds Jetter Gel Pen Blue 10 Piece (Pack of 4),STN-0064,Reynolds,Stationery,Blue,880,733,306,Fast flow gel ink pen.
https://images.unsplash.com/photo-1583485088034-697b5bc54ccd?w=500&auto=format&fit=crop&q=80,Reynolds Jetter Gel Pen Blue 10 Piece (Family Pack of 6),STN-0065,Reynolds,Stationery,Blue,1320,1069,191,Fast flow gel ink pen.
https://images.unsplash.com/photo-1513542789411-b6a5d4f31634?w=500&auto=format&fit=crop&q=80,Reynolds Lil Logo Ball Pen Blue 10 Piece,STN-0066,Reynolds,Stationery,Blue,90,81,91,Economical everyday ball pen.
https://images.unsplash.com/photo-1456735190827-d1262f71b8a3?w=500&auto=format&fit=crop&q=80,Reynolds Lil Logo Ball Pen Blue 10 Piece (Pack of 2),STN-0067,Reynolds,Stationery,Blue,180,154,226,Economical everyday ball pen.
https://images.unsplash.com/photo-1517971053567-8bde93bc6a58?w=500&auto=format&fit=crop&q=80,Reynolds Lil Logo Ball Pen Blue 10 Piece (Pack of 3),STN-0068,Reynolds,Stationery,Blue,270,227,239,Economical everyday ball pen.
https://images.unsplash.com/photo-1587145820266-a5951ee6f620?w=500&auto=format&fit=crop&q=80,Reynolds Lil Logo Ball Pen Blue 10 Piece (Pack of 4),STN-0069,Reynolds,Stationery,Blue,360,300,212,Economical everyday ball pen.
https://images.unsplash.com/photo-1600494603989-9650cf6ddd3d?w=500&auto=format&fit=crop&q=80,Reynolds Lil Logo Ball Pen Blue 10 Piece (Family Pack of 6),STN-0070,Reynolds,Stationery,Blue,540,437,198,Economical everyday ball pen.
https://images.unsplash.com/photo-1544716278-ca5e3f4abd8c?w=500&auto=format&fit=crop&q=80,Reynolds Electrona Ball Pen Black 10 Piece,STN-0071,Reynolds,Stationery,Black,95,86,314,Long lasting smooth ball pen.
https://images.unsplash.com/photo-1583485088034-697b5bc54ccd?w=500&auto=format&fit=crop&q=80,Reynolds Electrona Ball Pen Black 10 Piece (Pack of 2),STN-0072,Reynolds,Stationery,Black,190,163,226,Long lasting smooth ball pen.
https://images.unsplash.com/photo-1513542789411-b6a5d4f31634?w=500&auto=format&fit=crop&q=80,Reynolds Electrona Ball Pen Black 10 Piece (Pack of 3),STN-0073,Reynolds,Stationery,Black,285,241,149,Long lasting smooth ball pen.
https://images.unsplash.com/photo-1456735190827-d1262f71b8a3?w=500&auto=format&fit=crop&q=80,Reynolds Electrona Ball Pen Black 10 Piece (Pack of 4),STN-0074,Reynolds,Stationery,Black,380,318,223,Long lasting smooth ball pen.
https://images.unsplash.com/photo-1517971053567-8bde93bc6a58?w=500&auto=format&fit=crop&q=80,Reynolds Electrona Ball Pen Black 10 Piece (Family Pack of 6),STN-0075,Reynolds,Stationery,Black,570,464,205,Long lasting smooth ball pen.
https://images.unsplash.com/photo-1587145820266-a5951ee6f620?w=500&auto=format&fit=crop&q=80,Reynolds Vertex Gel Pen Blue 10 Piece,STN-0076,Reynolds,Stationery,Blue,250,225,63,Needle tip precision gel pen.
https://images.unsplash.com/photo-1600494603989-9650cf6ddd3d?w=500&auto=format&fit=crop&q=80,Reynolds Vertex Gel Pen Blue 10 Piece (Pack of 2),STN-0077,Reynolds,Stationery,Blue,500,428,396,Needle tip precision gel pen.
https://images.unsplash.com/photo-1544716278-ca5e3f4abd8c?w=500&auto=format&fit=crop&q=80,Reynolds Vertex Gel Pen Blue 10 Piece (Pack of 3),STN-0078,Reynolds,Stationery,Blue,750,630,303,Needle tip precision gel pen.
https://images.unsplash.com/photo-1583485088034-697b5bc54ccd?w=500&auto=format&fit=crop&q=80,Reynolds Vertex Gel Pen Blue 10 Piece (Pack of 4),STN-0079,Reynolds,Stationery,Blue,1000,832,111,Needle tip precision gel pen.
https://images.unsplash.com/photo-1513542789411-b6a5d4f31634?w=500&auto=format&fit=crop&q=80,Reynolds Vertex Gel Pen Blue 10 Piece (Family Pack of 6),STN-0080,Reynolds,Stationery,Blue,1500,1215,354,Needle tip precision gel pen.
https://images.unsplash.com/photo-1456735190827-d1262f71b8a3?w=500&auto=format&fit=crop&q=80,Cello Butterflow Ball Pen Blue 10 Piece,STN-0081,Cello,Stationery,Blue,100,90,87,Ultra smooth writing ballpoint pens with comfortable grip.
https://images.unsplash.com/photo-1517971053567-8bde93bc6a58?w=500&auto=format&fit=crop&q=80,Cello Butterflow Ball Pen Blue 10 Piece (Pack of 2),STN-0082,Cello,Stationery,Blue,200,171,187,Ultra smooth writing ballpoint pens with comfortable grip.
https://images.unsplash.com/photo-1587145820266-a5951ee6f620?w=500&auto=format&fit=crop&q=80,Cello Butterflow Ball Pen Blue 10 Piece (Pack of 3),STN-0083,Cello,Stationery,Blue,300,252,240,Ultra smooth writing ballpoint pens with comfortable grip.
https://images.unsplash.com/photo-1600494603989-9650cf6ddd3d?w=500&auto=format&fit=crop&q=80,Cello Butterflow Ball Pen Blue 10 Piece (Pack of 4),STN-0084,Cello,Stationery,Blue,400,333,236,Ultra smooth writing ballpoint pens with comfortable grip.
https://images.unsplash.com/photo-1544716278-ca5e3f4abd8c?w=500&auto=format&fit=crop&q=80,Cello Butterflow Ball Pen Blue 10 Piece (Family Pack of 6),STN-0085,Cello,Stationery,Blue,600,486,80,Ultra smooth writing ballpoint pens with comfortable grip.
https://images.unsplash.com/photo-1583485088034-697b5bc54ccd?w=500&auto=format&fit=crop&q=80,Cello Geltek Gel Pen Blue 10 Piece,STN-0086,Cello,Stationery,Blue,150,135,343,Quick dry gel ink pen.
https://images.unsplash.com/photo-1513542789411-b6a5d4f31634?w=500&auto=format&fit=crop&q=80,Cello Geltek Gel Pen Blue 10 Piece (Pack of 2),STN-0087,Cello,Stationery,Blue,300,256,308,Quick dry gel ink pen.
https://images.unsplash.com/photo-1456735190827-d1262f71b8a3?w=500&auto=format&fit=crop&q=80,Cello Geltek Gel Pen Blue 10 Piece (Pack of 3),STN-0088,Cello,Stationery,Blue,450,378,269,Quick dry gel ink pen.
https://images.unsplash.com/photo-1517971053567-8bde93bc6a58?w=500&auto=format&fit=crop&q=80,Cello Geltek Gel Pen Blue 10 Piece (Pack of 4),STN-0089,Cello,Stationery,Blue,600,500,259,Quick dry gel ink pen.
https://images.unsplash.com/photo-1587145820266-a5951ee6f620?w=500&auto=format&fit=crop&q=80,Cello Geltek Gel Pen Blue 10 Piece (Family Pack of 6),STN-0090,Cello,Stationery,Blue,900,729,291,Quick dry gel ink pen.
https://images.unsplash.com/photo-1600494603989-9650cf6ddd3d?w=500&auto=format&fit=crop&q=80,Cello Finegrip Ball Pen Blue 10 Piece,STN-0091,Cello,Stationery,Blue,110,99,190,Rubber grip smooth ball pens.
https://images.unsplash.com/photo-1544716278-ca5e3f4abd8c?w=500&auto=format&fit=crop&q=80,Cello Finegrip Ball Pen Blue 10 Piece (Pack of 2),STN-0092,Cello,Stationery,Blue,220,188,327,Rubber grip smooth ball pens.
https://images.unsplash.com/photo-1583485088034-697b5bc54ccd?w=500&auto=format&fit=crop&q=80,Cello Finegrip Ball Pen Blue 10 Piece (Pack of 3),STN-0093,Cello,Stationery,Blue,330,277,197,Rubber grip smooth ball pens.
https://images.unsplash.com/photo-1513542789411-b6a5d4f31634?w=500&auto=format&fit=crop&q=80,Cello Finegrip Ball Pen Blue 10 Piece (Pack of 4),STN-0094,Cello,Stationery,Blue,440,366,260,Rubber grip smooth ball pens.
https://images.unsplash.com/photo-1456735190827-d1262f71b8a3?w=500&auto=format&fit=crop&q=80,Cello Finegrip Ball Pen Blue 10 Piece (Family Pack of 6),STN-0095,Cello,Stationery,Blue,660,535,271,Rubber grip smooth ball pens.
https://images.unsplash.com/photo-1517971053567-8bde93bc6a58?w=500&auto=format&fit=crop&q=80,Cello Pinpoint Ball Pen Blue 10 Piece,STN-0096,Cello,Stationery,Blue,95,86,130,Fine tip smooth writing pen.
https://images.unsplash.com/photo-1587145820266-a5951ee6f620?w=500&auto=format&fit=crop&q=80,Cello Pinpoint Ball Pen Blue 10 Piece (Pack of 2),STN-0097,Cello,Stationery,Blue,190,163,252,Fine tip smooth writing pen.
https://images.unsplash.com/photo-1600494603989-9650cf6ddd3d?w=500&auto=format&fit=crop&q=80,Cello Pinpoint Ball Pen Blue 10 Piece (Pack of 3),STN-0098,Cello,Stationery,Blue,285,241,378,Fine tip smooth writing pen.
https://images.unsplash.com/photo-1544716278-ca5e3f4abd8c?w=500&auto=format&fit=crop&q=80,Cello Pinpoint Ball Pen Blue 10 Piece (Pack of 4),STN-0099,Cello,Stationery,Blue,380,318,169,Fine tip smooth writing pen.
https://images.unsplash.com/photo-1583485088034-697b5bc54ccd?w=500&auto=format&fit=crop&q=80,Cello Pinpoint Ball Pen Blue 10 Piece (Family Pack of 6),STN-0100,Cello,Stationery,Blue,570,464,250,Fine tip smooth writing pen.
https://images.unsplash.com/photo-1513542789411-b6a5d4f31634?w=500&auto=format&fit=crop&q=80,Cello Sigroller Roller Ball Pen Blue 5 Piece,STN-0101,Cello,Stationery,Blue,200,180,115,Liquid ink roller pen for signature.
https://images.unsplash.com/photo-1456735190827-d1262f71b8a3?w=500&auto=format&fit=crop&q=80,Cello Sigroller Roller Ball Pen Blue 5 Piece (Pack of 2),STN-0102,Cello,Stationery,Blue,400,342,395,Liquid ink roller pen for signature.
https://images.unsplash.com/photo-1517971053567-8bde93bc6a58?w=500&auto=format&fit=crop&q=80,Cello Sigroller Roller Ball Pen Blue 5 Piece (Pack of 3),STN-0103,Cello,Stationery,Blue,600,504,335,Liquid ink roller pen for signature.
https://images.unsplash.com/photo-1587145820266-a5951ee6f620?w=500&auto=format&fit=crop&q=80,Cello Sigroller Roller Ball Pen Blue 5 Piece (Pack of 4),STN-0104,Cello,Stationery,Blue,800,666,174,Liquid ink roller pen for signature.
https://images.unsplash.com/photo-1600494603989-9650cf6ddd3d?w=500&auto=format&fit=crop&q=80,Cello Sigroller Roller Ball Pen Blue 5 Piece (Family Pack of 6),STN-0105,Cello,Stationery,Blue,1200,972,144,Liquid ink roller pen for signature.
https://images.unsplash.com/photo-1544716278-ca5e3f4abd8c?w=500&auto=format&fit=crop&q=80,Cello Butterflow Gel Pen Black 10 Piece,STN-0106,Cello,Stationery,Black,170,153,231,Buttery smooth black gel pens.
https://images.unsplash.com/photo-1583485088034-697b5bc54ccd?w=500&auto=format&fit=crop&q=80,Cello Butterflow Gel Pen Black 10 Piece (Pack of 2),STN-0107,Cello,Stationery,Black,340,291,80,Buttery smooth black gel pens.
https://images.unsplash.com/photo-1513542789411-b6a5d4f31634?w=500&auto=format&fit=crop&q=80,Cello Butterflow Gel Pen Black 10 Piece (Pack of 3),STN-0108,Cello,Stationery,Black,510,428,104,Buttery smooth black gel pens.
https://images.unsplash.com/photo-1456735190827-d1262f71b8a3?w=500&auto=format&fit=crop&q=80,Cello Butterflow Gel Pen Black 10 Piece (Pack of 4),STN-0109,Cello,Stationery,Black,680,566,209,Buttery smooth black gel pens.
https://images.unsplash.com/photo-1517971053567-8bde93bc6a58?w=500&auto=format&fit=crop&q=80,Cello Butterflow Gel Pen Black 10 Piece (Family Pack of 6),STN-0110,Cello,Stationery,Black,1020,826,84,Buttery smooth black gel pens.
https://images.unsplash.com/photo-1587145820266-a5951ee6f620?w=500&auto=format&fit=crop&q=80,Cello Butterglide Ball Pen Blue 10 Piece,STN-0111,Cello,Stationery,Blue,130,117,318,Glide smooth ballpoint pen.
https://images.unsplash.com/photo-1600494603989-9650cf6ddd3d?w=500&auto=format&fit=crop&q=80,Cello Butterglide Ball Pen Blue 10 Piece (Pack of 2),STN-0112,Cello,Stationery,Blue,260,222,373,Glide smooth ballpoint pen.
https://images.unsplash.com/photo-1544716278-ca5e3f4abd8c?w=500&auto=format&fit=crop&q=80,Cello Butterglide Ball Pen Blue 10 Piece (Pack of 3),STN-0113,Cello,Stationery,Blue,390,328,174,Glide smooth ballpoint pen.
https://images.unsplash.com/photo-1583485088034-697b5bc54ccd?w=500&auto=format&fit=crop&q=80,Cello Butterglide Ball Pen Blue 10 Piece (Pack of 4),STN-0114,Cello,Stationery,Blue,520,433,209,Glide smooth ballpoint pen.
https://images.unsplash.com/photo-1513542789411-b6a5d4f31634?w=500&auto=format&fit=crop&q=80,Cello Butterglide Ball Pen Blue 10 Piece (Family Pack of 6),STN-0115,Cello,Stationery,Blue,780,632,224,Glide smooth ballpoint pen.
https://images.unsplash.com/photo-1456735190827-d1262f71b8a3?w=500&auto=format&fit=crop&q=80,Flair Writo-Meter Ball Pen Blue 10 Piece,STN-0116,Flair,Stationery,Blue,120,108,184,Long write out distance ball pens.
https://images.unsplash.com/photo-1517971053567-8bde93bc6a58?w=500&auto=format&fit=crop&q=80,Flair Writo-Meter Ball Pen Blue 10 Piece (Pack of 2),STN-0117,Flair,Stationery,Blue,240,205,365,Long write out distance ball pens.
https://images.unsplash.com/photo-1587145820266-a5951ee6f620?w=500&auto=format&fit=crop&q=80,Flair Writo-Meter Ball Pen Blue 10 Piece (Pack of 3),STN-0118,Flair,Stationery,Blue,360,302,103,Long write out distance ball pens.
https://images.unsplash.com/photo-1600494603989-9650cf6ddd3d?w=500&auto=format&fit=crop&q=80,Flair Writo-Meter Ball Pen Blue 10 Piece (Pack of 4),STN-0119,Flair,Stationery,Blue,480,400,330,Long write out distance ball pens.
https://images.unsplash.com/photo-1544716278-ca5e3f4abd8c?w=500&auto=format&fit=crop&q=80,Flair Writo-Meter Ball Pen Blue 10 Piece (Family Pack of 6),STN-0120,Flair,Stationery,Blue,720,583,189,Long write out distance ball pens.
https://images.unsplash.com/photo-1583485088034-697b5bc54ccd?w=500&auto=format&fit=crop&q=80,Flair Glide Ball Pen Blue 10 Piece,STN-0121,Flair,Stationery,Blue,100,90,75,Super smooth glide writing pen.
https://images.unsplash.com/photo-1513542789411-b6a5d4f31634?w=500&auto=format&fit=crop&q=80,Flair Glide Ball Pen Blue 10 Piece (Pack of 2),STN-0122,Flair,Stationery,Blue,200,171,204,Super smooth glide writing pen.
https://images.unsplash.com/photo-1456735190827-d1262f71b8a3?w=500&auto=format&fit=crop&q=80,Flair Glide Ball Pen Blue 10 Piece (Pack of 3),STN-0123,Flair,Stationery,Blue,300,252,79,Super smooth glide writing pen.
https://images.unsplash.com/photo-1517971053567-8bde93bc6a58?w=500&auto=format&fit=crop&q=80,Flair Glide Ball Pen Blue 10 Piece (Pack of 4),STN-0124,Flair,Stationery,Blue,400,333,345,Super smooth glide writing pen.
https://images.unsplash.com/photo-1587145820266-a5951ee6f620?w=500&auto=format&fit=crop&q=80,Flair Glide Ball Pen Blue 10 Piece (Family Pack of 6),STN-0125,Flair,Stationery,Blue,600,486,296,Super smooth glide writing pen.
https://images.unsplash.com/photo-1600494603989-9650cf6ddd3d?w=500&auto=format&fit=crop&q=80,Flair Oberto Gel Pen Blue 10 Piece,STN-0126,Flair,Stationery,Blue,180,162,383,Flow control gel pen.
https://images.unsplash.com/photo-1544716278-ca5e3f4abd8c?w=500&auto=format&fit=crop&q=80,Flair Oberto Gel Pen Blue 10 Piece (Pack of 2),STN-0127,Flair,Stationery,Blue,360,308,148,Flow control gel pen.
https://images.unsplash.com/photo-1583485088034-697b5bc54ccd?w=500&auto=format&fit=crop&q=80,Flair Oberto Gel Pen Blue 10 Piece (Pack of 3),STN-0128,Flair,Stationery,Blue,540,454,333,Flow control gel pen.
https://images.unsplash.com/photo-1513542789411-b6a5d4f31634?w=500&auto=format&fit=crop&q=80,Flair Oberto Gel Pen Blue 10 Piece (Pack of 4),STN-0129,Flair,Stationery,Blue,720,599,246,Flow control gel pen.
https://images.unsplash.com/photo-1456735190827-d1262f71b8a3?w=500&auto=format&fit=crop&q=80,Flair Oberto Gel Pen Blue 10 Piece (Family Pack of 6),STN-0130,Flair,Stationery,Blue,1080,875,316,Flow control gel pen.
https://images.unsplash.com/photo-1517971053567-8bde93bc6a58?w=500&auto=format&fit=crop&q=80,Linc Pentonic Ball Pen Blue 10 Piece,STN-0131,Linc,Stationery,Blue,100,90,223,Trendy smooth ballpoint pen.
https://images.unsplash.com/photo-1587145820266-a5951ee6f620?w=500&auto=format&fit=crop&q=80,Linc Pentonic Ball Pen Blue 10 Piece (Pack of 2),STN-0132,Linc,Stationery,Blue,200,171,278,Trendy smooth ballpoint pen.
https://images.unsplash.com/photo-1600494603989-9650cf6ddd3d?w=500&auto=format&fit=crop&q=80,Linc Pentonic Ball Pen Blue 10 Piece (Pack of 3),STN-0133,Linc,Stationery,Blue,300,252,322,Trendy smooth ballpoint pen.
https://images.unsplash.com/photo-1544716278-ca5e3f4abd8c?w=500&auto=format&fit=crop&q=80,Linc Pentonic Ball Pen Blue 10 Piece (Pack of 4),STN-0134,Linc,Stationery,Blue,400,333,150,Trendy smooth ballpoint pen.
https://images.unsplash.com/photo-1583485088034-697b5bc54ccd?w=500&auto=format&fit=crop&q=80,Linc Pentonic Ball Pen Blue 10 Piece (Family Pack of 6),STN-0135,Linc,Stationery,Blue,600,486,328,Trendy smooth ballpoint pen.
https://images.unsplash.com/photo-1513542789411-b6a5d4f31634?w=500&auto=format&fit=crop&q=80,Linc Glycer Gel Pen Blue 10 Piece,STN-0136,Linc,Stationery,Blue,140,126,108,Free flow glycer gel pens.
https://images.unsplash.com/photo-1456735190827-d1262f71b8a3?w=500&auto=format&fit=crop&q=80,Linc Glycer Gel Pen Blue 10 Piece (Pack of 2),STN-0137,Linc,Stationery,Blue,280,239,381,Free flow glycer gel pens.
https://images.unsplash.com/photo-1517971053567-8bde93bc6a58?w=500&auto=format&fit=crop&q=80,Linc Glycer Gel Pen Blue 10 Piece (Pack of 3),STN-0138,Linc,Stationery,Blue,420,353,265,Free flow glycer gel pens.
https://images.unsplash.com/photo-1587145820266-a5951ee6f620?w=500&auto=format&fit=crop&q=80,Linc Glycer Gel Pen Blue 10 Piece (Pack of 4),STN-0139,Linc,Stationery,Blue,560,466,317,Free flow glycer gel pens.
https://images.unsplash.com/photo-1600494603989-9650cf6ddd3d?w=500&auto=format&fit=crop&q=80,Linc Glycer Gel Pen Blue 10 Piece (Family Pack of 6),STN-0140,Linc,Stationery,Blue,840,680,263,Free flow glycer gel pens.
https://images.unsplash.com/photo-1544716278-ca5e3f4abd8c?w=500&auto=format&fit=crop&q=80,Linc Ocean Gel Pen Blue 10 Piece,STN-0141,Linc,Stationery,Blue,130,117,350,Smooth ocean gel pen.
https://images.unsplash.com/photo-1583485088034-697b5bc54ccd?w=500&auto=format&fit=crop&q=80,Linc Ocean Gel Pen Blue 10 Piece (Pack of 2),STN-0142,Linc,Stationery,Blue,260,222,317,Smooth ocean gel pen.
https://images.unsplash.com/photo-1513542789411-b6a5d4f31634?w=500&auto=format&fit=crop&q=80,Linc Ocean Gel Pen Blue 10 Piece (Pack of 3),STN-0143,Linc,Stationery,Blue,390,328,139,Smooth ocean gel pen.
https://images.unsplash.com/photo-1456735190827-d1262f71b8a3?w=500&auto=format&fit=crop&q=80,Linc Ocean Gel Pen Blue 10 Piece (Pack of 4),STN-0144,Linc,Stationery,Blue,520,433,80,Smooth ocean gel pen.
https://images.unsplash.com/photo-1517971053567-8bde93bc6a58?w=500&auto=format&fit=crop&q=80,Linc Ocean Gel Pen Blue 10 Piece (Family Pack of 6),STN-0145,Linc,Stationery,Blue,780,632,80,Smooth ocean gel pen.
https://images.unsplash.com/photo-1587145820266-a5951ee6f620?w=500&auto=format&fit=crop&q=80,Parker Vector GT Ball Pen 1 Piece,STN-0146,Parker,Stationery,Golden,299,269,184,Classic chrome trim ballpoint pen.
https://images.unsplash.com/photo-1600494603989-9650cf6ddd3d?w=500&auto=format&fit=crop&q=80,Parker Vector GT Ball Pen 1 Piece (Pack of 2),STN-0147,Parker,Stationery,Golden,598,511,106,Classic chrome trim ballpoint pen.
https://images.unsplash.com/photo-1544716278-ca5e3f4abd8c?w=500&auto=format&fit=crop&q=80,Parker Vector GT Ball Pen 1 Piece (Pack of 3),STN-0148,Parker,Stationery,Golden,897,753,67,Classic chrome trim ballpoint pen.
https://images.unsplash.com/photo-1583485088034-697b5bc54ccd?w=500&auto=format&fit=crop&q=80,Parker Vector GT Ball Pen 1 Piece (Pack of 4),STN-0149,Parker,Stationery,Golden,1196,995,194,Classic chrome trim ballpoint pen.
https://images.unsplash.com/photo-1513542789411-b6a5d4f31634?w=500&auto=format&fit=crop&q=80,Parker Vector GT Ball Pen 1 Piece (Family Pack of 6),STN-0150,Parker,Stationery,Golden,1794,1453,345,Classic chrome trim ballpoint pen.
https://images.unsplash.com/photo-1456735190827-d1262f71b8a3?w=500&auto=format&fit=crop&q=80,Parker Beta Premium Ball Pen 1 Piece,STN-0151,Parker,Stationery,Blue,249,224,360,Matte finish premium ball pen.
https://images.unsplash.com/photo-1517971053567-8bde93bc6a58?w=500&auto=format&fit=crop&q=80,Parker Beta Premium Ball Pen 1 Piece (Pack of 2),STN-0152,Parker,Stationery,Blue,498,426,316,Matte finish premium ball pen.
https://images.unsplash.com/photo-1587145820266-a5951ee6f620?w=500&auto=format&fit=crop&q=80,Parker Beta Premium Ball Pen 1 Piece (Pack of 3),STN-0153,Parker,Stationery,Blue,747,627,260,Matte finish premium ball pen.
https://images.unsplash.com/photo-1600494603989-9650cf6ddd3d?w=500&auto=format&fit=crop&q=80,Parker Beta Premium Ball Pen 1 Piece (Pack of 4),STN-0154,Parker,Stationery,Blue,996,829,63,Matte finish premium ball pen.
https://images.unsplash.com/photo-1544716278-ca5e3f4abd8c?w=500&auto=format&fit=crop&q=80,Parker Beta Premium Ball Pen 1 Piece (Family Pack of 6),STN-0155,Parker,Stationery,Blue,1494,1210,121,Matte finish premium ball pen.
https://images.unsplash.com/photo-1583485088034-697b5bc54ccd?w=500&auto=format&fit=crop&q=80,Parker Vector Standard CT Fountain Pen 1 Piece,STN-0156,Parker,Stationery,Blue,450,405,166,Steel nib fountain pen with ink converter.
https://images.unsplash.com/photo-1513542789411-b6a5d4f31634?w=500&auto=format&fit=crop&q=80,Parker Vector Standard CT Fountain Pen 1 Piece (Pack of 2),STN-0157,Parker,Stationery,Blue,900,770,237,Steel nib fountain pen with ink converter.
https://images.unsplash.com/photo-1456735190827-d1262f71b8a3?w=500&auto=format&fit=crop&q=80,Parker Vector Standard CT Fountain Pen 1 Piece (Pack of 3),STN-0158,Parker,Stationery,Blue,1350,1134,213,Steel nib fountain pen with ink converter.
https://images.unsplash.com/photo-1615485290382-441e4d049cb5?w=500&auto=format&fit=crop&q=80,MDH Red Chilli Powder 100g,SPM-0001,MDH,Spices & Masala,Red,65,58,302,Hot spicy red chilli ground powder for Indian cooking.
https://images.unsplash.com/photo-1532336414038-cf19250c5757?w=500&auto=format&fit=crop&q=80,MDH Red Chilli Powder 100g (Pack of 2),SPM-0002,MDH,Spices & Masala,Red,130,110,268,Hot spicy red chilli ground powder for Indian cooking.
https://images.unsplash.com/photo-1596040033229-a9821ebd058d?w=500&auto=format&fit=crop&q=80,MDH Red Chilli Powder 100g (Pack of 3),SPM-0003,MDH,Spices & Masala,Red,195,162,190,Hot spicy red chilli ground powder for Indian cooking.
https://images.unsplash.com/photo-1599940824399-b87987ceb72a?w=500&auto=format&fit=crop&q=80,MDH Red Chilli Powder 100g (Pack of 4),SPM-0004,MDH,Spices & Masala,Red,260,215,307,Hot spicy red chilli ground powder for Indian cooking.
https://images.unsplash.com/photo-1509358271058-acd22cc93898?w=500&auto=format&fit=crop&q=80,MDH Red Chilli Powder 100g (Family Pack of 6),SPM-0005,MDH,Spices & Masala,Red,390,313,189,Hot spicy red chilli ground powder for Indian cooking.
https://images.unsplash.com/photo-1615485290382-441e4d049cb5?w=500&auto=format&fit=crop&q=80,MDH Red Chilli Powder 500g,SPM-0006,MDH,Spices & Masala,Red,295,266,336,Hot spicy red chilli ground powder for Indian cooking.
https://images.unsplash.com/photo-1532336414038-cf19250c5757?w=500&auto=format&fit=crop&q=80,MDH Red Chilli Powder 500g (Pack of 2),SPM-0007,MDH,Spices & Masala,Red,590,505,116,Hot spicy red chilli ground powder for Indian cooking.
https://images.unsplash.com/photo-1596040033229-a9821ebd058d?w=500&auto=format&fit=crop&q=80,MDH Red Chilli Powder 500g (Pack of 3),SPM-0008,MDH,Spices & Masala,Red,885,745,146,Hot spicy red chilli ground powder for Indian cooking.
https://images.unsplash.com/photo-1599940824399-b87987ceb72a?w=500&auto=format&fit=crop&q=80,MDH Red Chilli Powder 500g (Pack of 4),SPM-0009,MDH,Spices & Masala,Red,1180,984,339,Hot spicy red chilli ground powder for Indian cooking.
https://images.unsplash.com/photo-1509358271058-acd22cc93898?w=500&auto=format&fit=crop&q=80,MDH Red Chilli Powder 500g (Family Pack of 6),SPM-0010,MDH,Spices & Masala,Red,1770,1436,248,Hot spicy red chilli ground powder for Indian cooking.
https://images.unsplash.com/photo-1615485290382-441e4d049cb5?w=500&auto=format&fit=crop&q=80,Everest Turmeric Powder 100g,SPM-0011,Everest,Spices & Masala,Yellow,42,38,92,Pure bright yellow turmeric powder rich in curcumin.
https://images.unsplash.com/photo-1532336414038-cf19250c5757?w=500&auto=format&fit=crop&q=80,Everest Turmeric Powder 100g (Pack of 2),SPM-0012,Everest,Spices & Masala,Yellow,84,72,206,Pure bright yellow turmeric powder rich in curcumin.
https://images.unsplash.com/photo-1596040033229-a9821ebd058d?w=500&auto=format&fit=crop&q=80,Everest Turmeric Powder 100g (Pack of 3),SPM-0013,Everest,Spices & Masala,Yellow,126,106,349,Pure bright yellow turmeric powder rich in curcumin.
https://images.unsplash.com/photo-1599940824399-b87987ceb72a?w=500&auto=format&fit=crop&q=80,Everest Turmeric Powder 100g (Pack of 4),SPM-0014,Everest,Spices & Masala,Yellow,168,141,310,Pure bright yellow turmeric powder rich in curcumin.
https://images.unsplash.com/photo-1509358271058-acd22cc93898?w=500&auto=format&fit=crop&q=80,Everest Turmeric Powder 100g (Family Pack of 6),SPM-0015,Everest,Spices & Masala,Yellow,252,205,251,Pure bright yellow turmeric powder rich in curcumin.
https://images.unsplash.com/photo-1615485290382-441e4d049cb5?w=500&auto=format&fit=crop&q=80,Everest Turmeric Powder 200g,SPM-0016,Everest,Spices & Masala,Yellow,72,65,357,Pure bright yellow turmeric powder rich in curcumin.
https://images.unsplash.com/photo-1532336414038-cf19250c5757?w=500&auto=format&fit=crop&q=80,Everest Turmeric Powder 200g (Pack of 2),SPM-0017,Everest,Spices & Masala,Yellow,144,124,320,Pure bright yellow turmeric powder rich in curcumin.
https://images.unsplash.com/photo-1596040033229-a9821ebd058d?w=500&auto=format&fit=crop&q=80,Everest Turmeric Powder 200g (Pack of 3),SPM-0018,Everest,Spices & Masala,Yellow,216,182,153,Pure bright yellow turmeric powder rich in curcumin.
https://images.unsplash.com/photo-1599940824399-b87987ceb72a?w=500&auto=format&fit=crop&q=80,Everest Turmeric Powder 200g (Pack of 4),SPM-0019,Everest,Spices & Masala,Yellow,288,240,269,Pure bright yellow turmeric powder rich in curcumin.
https://images.unsplash.com/photo-1509358271058-acd22cc93898?w=500&auto=format&fit=crop&q=80,Everest Turmeric Powder 200g (Family Pack of 6),SPM-0020,Everest,Spices & Masala,Yellow,432,351,183,Pure bright yellow turmeric powder rich in curcumin.
https://images.unsplash.com/photo-1615485290382-441e4d049cb5?w=500&auto=format&fit=crop&q=80,Everest Turmeric Powder 500g,SPM-0021,Everest,Spices & Masala,Yellow,165,148,318,Pure bright yellow turmeric powder rich in curcumin.
https://images.unsplash.com/photo-1532336414038-cf19250c5757?w=500&auto=format&fit=crop&q=80,Everest Turmeric Powder 500g (Pack of 2),SPM-0022,Everest,Spices & Masala,Yellow,330,281,328,Pure bright yellow turmeric powder rich in curcumin.
https://images.unsplash.com/photo-1596040033229-a9821ebd058d?w=500&auto=format&fit=crop&q=80,Everest Turmeric Powder 500g (Pack of 3),SPM-0023,Everest,Spices & Masala,Yellow,495,414,371,Pure bright yellow turmeric powder rich in curcumin.
https://images.unsplash.com/photo-1599940824399-b87987ceb72a?w=500&auto=format&fit=crop&q=80,Everest Turmeric Powder 500g (Pack of 4),SPM-0024,Everest,Spices & Masala,Yellow,660,548,117,Pure bright yellow turmeric powder rich in curcumin.
https://images.unsplash.com/photo-1509358271058-acd22cc93898?w=500&auto=format&fit=crop&q=80,Everest Turmeric Powder 500g (Family Pack of 6),SPM-0025,Everest,Spices & Masala,Yellow,990,799,287,Pure bright yellow turmeric powder rich in curcumin.
https://images.unsplash.com/photo-1615485290382-441e4d049cb5?w=500&auto=format&fit=crop&q=80,MDH Kitchen King Masala 100g,SPM-0026,MDH,Spices & Masala,Brown,82,75,260,All-purpose spice blend for vegetable gravies.
https://images.unsplash.com/photo-1532336414038-cf19250c5757?w=500&auto=format&fit=crop&q=80,MDH Kitchen King Masala 100g (Pack of 2),SPM-0027,MDH,Spices & Masala,Brown,164,142,236,All-purpose spice blend for vegetable gravies.
https://images.unsplash.com/photo-1596040033229-a9821ebd058d?w=500&auto=format&fit=crop&q=80,MDH Kitchen King Masala 100g (Pack of 3),SPM-0028,MDH,Spices & Masala,Brown,246,210,358,All-purpose spice blend for vegetable gravies.
https://images.unsplash.com/photo-1599940824399-b87987ceb72a?w=500&auto=format&fit=crop&q=80,MDH Kitchen King Masala 100g (Pack of 4),SPM-0029,MDH,Spices & Masala,Brown,328,278,216,All-purpose spice blend for vegetable gravies.
https://images.unsplash.com/photo-1509358271058-acd22cc93898?w=500&auto=format&fit=crop&q=80,MDH Kitchen King Masala 100g (Family Pack of 6),SPM-0030,MDH,Spices & Masala,Brown,492,405,87,All-purpose spice blend for vegetable gravies.
https://images.unsplash.com/photo-1615485290382-441e4d049cb5?w=500&auto=format&fit=crop&q=80,Everest Coriander Powder 100g,SPM-0031,Everest,Spices & Masala,Greenish Brown,38,34,223,Aromatic ground coriander seeds powder.
https://images.unsplash.com/photo-1532336414038-cf19250c5757?w=500&auto=format&fit=crop&q=80,Everest Coriander Powder 100g (Pack of 2),SPM-0032,Everest,Spices & Masala,Greenish Brown,76,65,150,Aromatic ground coriander seeds powder.
https://images.unsplash.com/photo-1596040033229-a9821ebd058d?w=500&auto=format&fit=crop&q=80,Everest Coriander Powder 100g (Pack of 3),SPM-0033,Everest,Spices & Masala,Greenish Brown,114,95,375,Aromatic ground coriander seeds powder.
https://images.unsplash.com/photo-1599940824399-b87987ceb72a?w=500&auto=format&fit=crop&q=80,Everest Coriander Powder 100g (Pack of 4),SPM-0034,Everest,Spices & Masala,Greenish Brown,152,126,356,Aromatic ground coriander seeds powder.
https://images.unsplash.com/photo-1509358271058-acd22cc93898?w=500&auto=format&fit=crop&q=80,Everest Coriander Powder 100g (Family Pack of 6),SPM-0035,Everest,Spices & Masala,Greenish Brown,228,184,269,Aromatic ground coriander seeds powder.
https://images.unsplash.com/photo-1615485290382-441e4d049cb5?w=500&auto=format&fit=crop&q=80,Everest Coriander Powder 200g,SPM-0036,Everest,Spices & Masala,Greenish Brown,68,60,318,Aromatic ground coriander seeds powder.
https://images.unsplash.com/photo-1532336414038-cf19250c5757?w=500&auto=format&fit=crop&q=80,Everest Coriander Powder 200g (Pack of 2),SPM-0037,Everest,Spices & Masala,Greenish Brown,136,114,219,Aromatic ground coriander seeds powder.
https://images.unsplash.com/photo-1596040033229-a9821ebd058d?w=500&auto=format&fit=crop&q=80,Everest Coriander Powder 200g (Pack of 3),SPM-0038,Everest,Spices & Masala,Greenish Brown,204,168,181,Aromatic ground coriander seeds powder.
https://images.unsplash.com/photo-1599940824399-b87987ceb72a?w=500&auto=format&fit=crop&q=80,Everest Coriander Powder 200g (Pack of 4),SPM-0039,Everest,Spices & Masala,Greenish Brown,272,222,314,Aromatic ground coriander seeds powder.
https://images.unsplash.com/photo-1509358271058-acd22cc93898?w=500&auto=format&fit=crop&q=80,Everest Coriander Powder 200g (Family Pack of 6),SPM-0040,Everest,Spices & Masala,Greenish Brown,408,324,269,Aromatic ground coriander seeds powder.
https://images.unsplash.com/photo-1615485290382-441e4d049cb5?w=500&auto=format&fit=crop&q=80,Catch Cumin Seeds 100g,SPM-0041,Catch,Spices & Masala,Brown,95,86,342,Whole fresh aromatic cumin seeds for tadka.
https://images.unsplash.com/photo-1532336414038-cf19250c5757?w=500&auto=format&fit=crop&q=80,Catch Cumin Seeds 100g (Pack of 2),SPM-0042,Catch,Spices & Masala,Brown,190,163,373,Whole fresh aromatic cumin seeds for tadka.
https://images.unsplash.com/photo-1596040033229-a9821ebd058d?w=500&auto=format&fit=crop&q=80,Catch Cumin Seeds 100g (Pack of 3),SPM-0043,Catch,Spices & Masala,Brown,285,241,157,Whole fresh aromatic cumin seeds for tadka.
https://images.unsplash.com/photo-1599940824399-b87987ceb72a?w=500&auto=format&fit=crop&q=80,Catch Cumin Seeds 100g (Pack of 4),SPM-0044,Catch,Spices & Masala,Brown,380,318,249,Whole fresh aromatic cumin seeds for tadka.
https://images.unsplash.com/photo-1509358271058-acd22cc93898?w=500&auto=format&fit=crop&q=80,Catch Cumin Seeds 100g (Family Pack of 6),SPM-0045,Catch,Spices & Masala,Brown,570,464,90,Whole fresh aromatic cumin seeds for tadka.
https://images.unsplash.com/photo-1615485290382-441e4d049cb5?w=500&auto=format&fit=crop&q=80,Everest Chhole Masala 100g,SPM-0046,Everest,Spices & Masala,Brown,78,70,146,Authentic spice mixture for Punjabi chickpea curry.
https://images.unsplash.com/photo-1532336414038-cf19250c5757?w=500&auto=format&fit=crop&q=80,Everest Chhole Masala 100g (Pack of 2),SPM-0047,Everest,Spices & Masala,Brown,156,133,86,Authentic spice mixture for Punjabi chickpea curry.
https://images.unsplash.com/photo-1596040033229-a9821ebd058d?w=500&auto=format&fit=crop&q=80,Everest Chhole Masala 100g (Pack of 3),SPM-0048,Everest,Spices & Masala,Brown,234,196,381,Authentic spice mixture for Punjabi chickpea curry.
https://images.unsplash.com/photo-1599940824399-b87987ceb72a?w=500&auto=format&fit=crop&q=80,Everest Chhole Masala 100g (Pack of 4),SPM-0049,Everest,Spices & Masala,Brown,312,259,235,Authentic spice mixture for Punjabi chickpea curry.
https://images.unsplash.com/photo-1509358271058-acd22cc93898?w=500&auto=format&fit=crop&q=80,Everest Chhole Masala 100g (Family Pack of 6),SPM-0050,Everest,Spices & Masala,Brown,468,378,170,Authentic spice mixture for Punjabi chickpea curry.
https://images.unsplash.com/photo-1615485290382-441e4d049cb5?w=500&auto=format&fit=crop&q=80,MDH Chunky Chat Masala 100g,SPM-0051,MDH,Spices & Masala,Brown,75,68,306,"Tangy savory spice powder for fruits, salads & snacks."
https://images.unsplash.com/photo-1532336414038-cf19250c5757?w=500&auto=format&fit=crop&q=80,MDH Chunky Chat Masala 100g (Pack of 2),SPM-0052,MDH,Spices & Masala,Brown,150,129,142,"Tangy savory spice powder for fruits, salads & snacks."
https://images.unsplash.com/photo-1596040033229-a9821ebd058d?w=500&auto=format&fit=crop&q=80,MDH Chunky Chat Masala 100g (Pack of 3),SPM-0053,MDH,Spices & Masala,Brown,225,190,146,"Tangy savory spice powder for fruits, salads & snacks."
https://images.unsplash.com/photo-1599940824399-b87987ceb72a?w=500&auto=format&fit=crop&q=80,MDH Chunky Chat Masala 100g (Pack of 4),SPM-0054,MDH,Spices & Masala,Brown,300,252,261,"Tangy savory spice powder for fruits, salads & snacks."
https://images.unsplash.com/photo-1509358271058-acd22cc93898?w=500&auto=format&fit=crop&q=80,MDH Chunky Chat Masala 100g (Family Pack of 6),SPM-0055,MDH,Spices & Masala,Brown,450,367,155,"Tangy savory spice powder for fruits, salads & snacks."
https://images.unsplash.com/photo-1615485290382-441e4d049cb5?w=500&auto=format&fit=crop&q=80,Everest Pav Bhaji Masala 100g,SPM-0056,Everest,Spices & Masala,Reddish Brown,80,72,107,Flavorful spice mix for Mumbai style pav bhaji.
https://images.unsplash.com/photo-1532336414038-cf19250c5757?w=500&auto=format&fit=crop&q=80,Everest Pav Bhaji Masala 100g (Pack of 2),SPM-0057,Everest,Spices & Masala,Reddish Brown,160,137,224,Flavorful spice mix for Mumbai style pav bhaji.
https://images.unsplash.com/photo-1596040033229-a9821ebd058d?w=500&auto=format&fit=crop&q=80,Everest Pav Bhaji Masala 100g (Pack of 3),SPM-0058,Everest,Spices & Masala,Reddish Brown,240,202,183,Flavorful spice mix for Mumbai style pav bhaji.
https://images.unsplash.com/photo-1599940824399-b87987ceb72a?w=500&auto=format&fit=crop&q=80,Everest Pav Bhaji Masala 100g (Pack of 4),SPM-0059,Everest,Spices & Masala,Reddish Brown,320,266,280,Flavorful spice mix for Mumbai style pav bhaji.
https://images.unsplash.com/photo-1509358271058-acd22cc93898?w=500&auto=format&fit=crop&q=80,Everest Pav Bhaji Masala 100g (Family Pack of 6),SPM-0060,Everest,Spices & Masala,Reddish Brown,480,389,237,Flavorful spice mix for Mumbai style pav bhaji.
https://images.unsplash.com/photo-1615485290382-441e4d049cb5?w=500&auto=format&fit=crop&q=80,Tata Sampann Mustard Seeds 100g,SPM-0061,Tata Sampann,Spices & Masala,Black,40,35,244,Small black mustard seeds for tempering Indian dishes.
https://images.unsplash.com/photo-1532336414038-cf19250c5757?w=500&auto=format&fit=crop&q=80,Tata Sampann Mustard Seeds 100g (Pack of 2),SPM-0062,Tata Sampann,Spices & Masala,Black,80,66,183,Small black mustard seeds for tempering Indian dishes.
https://images.unsplash.com/photo-1596040033229-a9821ebd058d?w=500&auto=format&fit=crop&q=80,Tata Sampann Mustard Seeds 100g (Pack of 3),SPM-0063,Tata Sampann,Spices & Masala,Black,120,98,341,Small black mustard seeds for tempering Indian dishes.
https://images.unsplash.com/photo-1599940824399-b87987ceb72a?w=500&auto=format&fit=crop&q=80,Tata Sampann Mustard Seeds 100g (Pack of 4),SPM-0064,Tata Sampann,Spices & Masala,Black,160,130,322,Small black mustard seeds for tempering Indian dishes.
https://images.unsplash.com/photo-1509358271058-acd22cc93898?w=500&auto=format&fit=crop&q=80,Tata Sampann Mustard Seeds 100g (Family Pack of 6),SPM-0065,Tata Sampann,Spices & Masala,Black,240,189,397,Small black mustard seeds for tempering Indian dishes.
https://images.unsplash.com/photo-1615485290382-441e4d049cb5?w=500&auto=format&fit=crop&q=80,Everest Shahi Biryani Masala 50g,SPM-0066,Everest,Spices & Masala,Brown,60,54,392,Royal blend of spices for vegetable & chicken biryani.
https://images.unsplash.com/photo-1532336414038-cf19250c5757?w=500&auto=format&fit=crop&q=80,Everest Shahi Biryani Masala 50g (Pack of 2),SPM-0067,Everest,Spices & Masala,Brown,120,103,204,Royal blend of spices for vegetable & chicken biryani.
https://images.unsplash.com/photo-1596040033229-a9821ebd058d?w=500&auto=format&fit=crop&q=80,Everest Shahi Biryani Masala 50g (Pack of 3),SPM-0068,Everest,Spices & Masala,Brown,180,151,97,Royal blend of spices for vegetable & chicken biryani.
https://images.unsplash.com/photo-1599940824399-b87987ceb72a?w=500&auto=format&fit=crop&q=80,Everest Shahi Biryani Masala 50g (Pack of 4),SPM-0069,Everest,Spices & Masala,Brown,240,200,108,Royal blend of spices for vegetable & chicken biryani.
https://images.unsplash.com/photo-1509358271058-acd22cc93898?w=500&auto=format&fit=crop&q=80,Everest Shahi Biryani Masala 50g (Family Pack of 6),SPM-0070,Everest,Spices & Masala,Brown,360,292,143,Royal blend of spices for vegetable & chicken biryani.
https://images.unsplash.com/photo-1615485290382-441e4d049cb5?w=500&auto=format&fit=crop&q=80,MDH Deggi Mirch Chilli Powder 100g,SPM-0071,MDH,Spices & Masala,Red,88,79,207,Rich red color aromatic kashmiri chilli powder.
https://images.unsplash.com/photo-1532336414038-cf19250c5757?w=500&auto=format&fit=crop&q=80,MDH Deggi Mirch Chilli Powder 100g (Pack of 2),SPM-0072,MDH,Spices & Masala,Red,176,150,272,Rich red color aromatic kashmiri chilli powder.
https://images.unsplash.com/photo-1596040033229-a9821ebd058d?w=500&auto=format&fit=crop&q=80,MDH Deggi Mirch Chilli Powder 100g (Pack of 3),SPM-0073,MDH,Spices & Masala,Red,264,221,175,Rich red color aromatic kashmiri chilli powder.
https://images.unsplash.com/photo-1599940824399-b87987ceb72a?w=500&auto=format&fit=crop&q=80,MDH Deggi Mirch Chilli Powder 100g (Pack of 4),SPM-0074,MDH,Spices & Masala,Red,352,292,218,Rich red color aromatic kashmiri chilli powder.
https://images.unsplash.com/photo-1509358271058-acd22cc93898?w=500&auto=format&fit=crop&q=80,MDH Deggi Mirch Chilli Powder 100g (Family Pack of 6),SPM-0075,MDH,Spices & Masala,Red,528,427,88,Rich red color aromatic kashmiri chilli powder.
https://images.unsplash.com/photo-1615485290382-441e4d049cb5?w=500&auto=format&fit=crop&q=80,Everest Garam Masala 100g,SPM-0076,Everest,Spices & Masala,Brown,92,83,378,Finely blended classic Indian garam masala.
https://images.unsplash.com/photo-1532336414038-cf19250c5757?w=500&auto=format&fit=crop&q=80,Everest Garam Masala 100g (Pack of 2),SPM-0077,Everest,Spices & Masala,Brown,184,158,153,Finely blended classic Indian garam masala.
https://images.unsplash.com/photo-1596040033229-a9821ebd058d?w=500&auto=format&fit=crop&q=80,Everest Garam Masala 100g (Pack of 3),SPM-0078,Everest,Spices & Masala,Brown,276,232,259,Finely blended classic Indian garam masala.
https://images.unsplash.com/photo-1599940824399-b87987ceb72a?w=500&auto=format&fit=crop&q=80,Everest Garam Masala 100g (Pack of 4),SPM-0079,Everest,Spices & Masala,Brown,368,307,126,Finely blended classic Indian garam masala.
https://images.unsplash.com/photo-1509358271058-acd22cc93898?w=500&auto=format&fit=crop&q=80,Everest Garam Masala 100g (Family Pack of 6),SPM-0080,Everest,Spices & Masala,Brown,552,448,220,Finely blended classic Indian garam masala.
https://images.unsplash.com/photo-1615485290382-441e4d049cb5?w=500&auto=format&fit=crop&q=80,MDH Garam Masala 100g,SPM-0081,MDH,Spices & Masala,Brown,88,79,317,Royal tradition garam masala blend.
https://images.unsplash.com/photo-1532336414038-cf19250c5757?w=500&auto=format&fit=crop&q=80,MDH Garam Masala 100g (Pack of 2),SPM-0082,MDH,Spices & Masala,Brown,176,150,375,Royal tradition garam masala blend.
https://images.unsplash.com/photo-1596040033229-a9821ebd058d?w=500&auto=format&fit=crop&q=80,MDH Garam Masala 100g (Pack of 3),SPM-0083,MDH,Spices & Masala,Brown,264,221,354,Royal tradition garam masala blend.
https://images.unsplash.com/photo-1599940824399-b87987ceb72a?w=500&auto=format&fit=crop&q=80,MDH Garam Masala 100g (Pack of 4),SPM-0084,MDH,Spices & Masala,Brown,352,292,155,Royal tradition garam masala blend.
https://images.unsplash.com/photo-1509358271058-acd22cc93898?w=500&auto=format&fit=crop&q=80,MDH Garam Masala 100g (Family Pack of 6),SPM-0085,MDH,Spices & Masala,Brown,528,427,132,Royal tradition garam masala blend.
https://images.unsplash.com/photo-1615485290382-441e4d049cb5?w=500&auto=format&fit=crop&q=80,MDH Garam Masala 500g,SPM-0086,MDH,Spices & Masala,Brown,395,356,214,Royal tradition garam masala blend.
https://images.unsplash.com/photo-1532336414038-cf19250c5757?w=500&auto=format&fit=crop&q=80,MDH Garam Masala 500g (Pack of 2),SPM-0087,MDH,Spices & Masala,Brown,790,676,199,Royal tradition garam masala blend.
https://images.unsplash.com/photo-1596040033229-a9821ebd058d?w=500&auto=format&fit=crop&q=80,MDH Garam Masala 500g (Pack of 3),SPM-0088,MDH,Spices & Masala,Brown,1185,997,102,Royal tradition garam masala blend.
https://images.unsplash.com/photo-1599940824399-b87987ceb72a?w=500&auto=format&fit=crop&q=80,MDH Garam Masala 500g (Pack of 4),SPM-0089,MDH,Spices & Masala,Brown,1580,1317,280,Royal tradition garam masala blend.
https://images.unsplash.com/photo-1509358271058-acd22cc93898?w=500&auto=format&fit=crop&q=80,MDH Garam Masala 500g (Family Pack of 6),SPM-0090,MDH,Spices & Masala,Brown,2370,1922,229,Royal tradition garam masala blend.
https://images.unsplash.com/photo-1615485290382-441e4d049cb5?w=500&auto=format&fit=crop&q=80,Catch Garam Masala Sprinkler 100g,SPM-0091,Catch,Spices & Masala,Brown,92,83,172,Easy sprinkle top garam masala.
https://images.unsplash.com/photo-1532336414038-cf19250c5757?w=500&auto=format&fit=crop&q=80,Catch Garam Masala Sprinkler 100g (Pack of 2),SPM-0092,Catch,Spices & Masala,Brown,184,158,399,Easy sprinkle top garam masala.
https://images.unsplash.com/photo-1596040033229-a9821ebd058d?w=500&auto=format&fit=crop&q=80,Catch Garam Masala Sprinkler 100g (Pack of 3),SPM-0093,Catch,Spices & Masala,Brown,276,232,91,Easy sprinkle top garam masala.
https://images.unsplash.com/photo-1599940824399-b87987ceb72a?w=500&auto=format&fit=crop&q=80,Catch Garam Masala Sprinkler 100g (Pack of 4),SPM-0094,Catch,Spices & Masala,Brown,368,307,284,Easy sprinkle top garam masala.
https://images.unsplash.com/photo-1509358271058-acd22cc93898?w=500&auto=format&fit=crop&q=80,Catch Garam Masala Sprinkler 100g (Family Pack of 6),SPM-0095,Catch,Spices & Masala,Brown,552,448,225,Easy sprinkle top garam masala.
https://images.unsplash.com/photo-1615485290382-441e4d049cb5?w=500&auto=format&fit=crop&q=80,Tata Sampann Garam Masala 100g,SPM-0096,Tata Sampann,Spices & Masala,Brown,95,86,176,Slow roasted stone ground garam masala.
https://images.unsplash.com/photo-1532336414038-cf19250c5757?w=500&auto=format&fit=crop&q=80,Tata Sampann Garam Masala 100g (Pack of 2),SPM-0097,Tata Sampann,Spices & Masala,Brown,190,163,147,Slow roasted stone ground garam masala.
https://images.unsplash.com/photo-1596040033229-a9821ebd058d?w=500&auto=format&fit=crop&q=80,Tata Sampann Garam Masala 100g (Pack of 3),SPM-0098,Tata Sampann,Spices & Masala,Brown,285,241,272,Slow roasted stone ground garam masala.
https://images.unsplash.com/photo-1599940824399-b87987ceb72a?w=500&auto=format&fit=crop&q=80,Tata Sampann Garam Masala 100g (Pack of 4),SPM-0099,Tata Sampann,Spices & Masala,Brown,380,318,149,Slow roasted stone ground garam masala.
https://images.unsplash.com/photo-1509358271058-acd22cc93898?w=500&auto=format&fit=crop&q=80,Tata Sampann Garam Masala 100g (Family Pack of 6),SPM-0100,Tata Sampann,Spices & Masala,Brown,570,464,321,Slow roasted stone ground garam masala.
https://images.unsplash.com/photo-1615485290382-441e4d049cb5?w=500&auto=format&fit=crop&q=80,MDH Chana Masala 100g,SPM-0101,MDH,Spices & Masala,Brown,80,72,192,Perfect spice mix for chana masala curry.
https://images.unsplash.com/photo-1532336414038-cf19250c5757?w=500&auto=format&fit=crop&q=80,MDH Chana Masala 100g (Pack of 2),SPM-0102,MDH,Spices & Masala,Brown,160,137,295,Perfect spice mix for chana masala curry.
https://images.unsplash.com/photo-1596040033229-a9821ebd058d?w=500&auto=format&fit=crop&q=80,MDH Chana Masala 100g (Pack of 3),SPM-0103,MDH,Spices & Masala,Brown,240,202,292,Perfect spice mix for chana masala curry.
https://images.unsplash.com/photo-1599940824399-b87987ceb72a?w=500&auto=format&fit=crop&q=80,MDH Chana Masala 100g (Pack of 4),SPM-0104,MDH,Spices & Masala,Brown,320,266,308,Perfect spice mix for chana masala curry.
https://images.unsplash.com/photo-1509358271058-acd22cc93898?w=500&auto=format&fit=crop&q=80,MDH Chana Masala 100g (Family Pack of 6),SPM-0105,MDH,Spices & Masala,Brown,480,389,165,Perfect spice mix for chana masala curry.
https://images.unsplash.com/photo-1615485290382-441e4d049cb5?w=500&auto=format&fit=crop&q=80,Everest Meat Masala 100g,SPM-0106,Everest,Spices & Masala,Brown,92,83,279,Rich spice blend for mutton & meat curries.
https://images.unsplash.com/photo-1532336414038-cf19250c5757?w=500&auto=format&fit=crop&q=80,Everest Meat Masala 100g (Pack of 2),SPM-0107,Everest,Spices & Masala,Brown,184,158,390,Rich spice blend for mutton & meat curries.
https://images.unsplash.com/photo-1596040033229-a9821ebd058d?w=500&auto=format&fit=crop&q=80,Everest Meat Masala 100g (Pack of 3),SPM-0108,Everest,Spices & Masala,Brown,276,232,191,Rich spice blend for mutton & meat curries.
https://images.unsplash.com/photo-1599940824399-b87987ceb72a?w=500&auto=format&fit=crop&q=80,Everest Meat Masala 100g (Pack of 4),SPM-0109,Everest,Spices & Masala,Brown,368,307,101,Rich spice blend for mutton & meat curries.
https://images.unsplash.com/photo-1509358271058-acd22cc93898?w=500&auto=format&fit=crop&q=80,Everest Meat Masala 100g (Family Pack of 6),SPM-0110,Everest,Spices & Masala,Brown,552,448,252,Rich spice blend for mutton & meat curries.
https://images.unsplash.com/photo-1615485290382-441e4d049cb5?w=500&auto=format&fit=crop&q=80,MDH Chicken Masala 100g,SPM-0111,MDH,Spices & Masala,Brown,85,77,359,Tandoori style chicken curry masala.
https://images.unsplash.com/photo-1532336414038-cf19250c5757?w=500&auto=format&fit=crop&q=80,MDH Chicken Masala 100g (Pack of 2),SPM-0112,MDH,Spices & Masala,Brown,170,146,146,Tandoori style chicken curry masala.
https://images.unsplash.com/photo-1596040033229-a9821ebd058d?w=500&auto=format&fit=crop&q=80,MDH Chicken Masala 100g (Pack of 3),SPM-0113,MDH,Spices & Masala,Brown,255,216,96,Tandoori style chicken curry masala.
https://images.unsplash.com/photo-1599940824399-b87987ceb72a?w=500&auto=format&fit=crop&q=80,MDH Chicken Masala 100g (Pack of 4),SPM-0114,MDH,Spices & Masala,Brown,340,285,391,Tandoori style chicken curry masala.
https://images.unsplash.com/photo-1509358271058-acd22cc93898?w=500&auto=format&fit=crop&q=80,MDH Chicken Masala 100g (Family Pack of 6),SPM-0115,MDH,Spices & Masala,Brown,510,416,126,Tandoori style chicken curry masala.
https://images.unsplash.com/photo-1615485290382-441e4d049cb5?w=500&auto=format&fit=crop&q=80,Everest Sambhar Masala 100g,SPM-0116,Everest,Spices & Masala,Reddish,78,70,282,South Indian sambar lentil curry spice mix.
https://images.unsplash.com/photo-1532336414038-cf19250c5757?w=500&auto=format&fit=crop&q=80,Everest Sambhar Masala 100g (Pack of 2),SPM-0117,Everest,Spices & Masala,Reddish,156,133,89,South Indian sambar lentil curry spice mix.
https://images.unsplash.com/photo-1596040033229-a9821ebd058d?w=500&auto=format&fit=crop&q=80,Everest Sambhar Masala 100g (Pack of 3),SPM-0118,Everest,Spices & Masala,Reddish,234,196,279,South Indian sambar lentil curry spice mix.
https://images.unsplash.com/photo-1599940824399-b87987ceb72a?w=500&auto=format&fit=crop&q=80,Everest Sambhar Masala 100g (Pack of 4),SPM-0119,Everest,Spices & Masala,Reddish,312,259,156,South Indian sambar lentil curry spice mix.
https://images.unsplash.com/photo-1509358271058-acd22cc93898?w=500&auto=format&fit=crop&q=80,Everest Sambhar Masala 100g (Family Pack of 6),SPM-0120,Everest,Spices & Masala,Reddish,468,378,333,South Indian sambar lentil curry spice mix.
https://images.unsplash.com/photo-1615485290382-441e4d049cb5?w=500&auto=format&fit=crop&q=80,MDH Rasam Powder 100g,SPM-0121,MDH,Spices & Masala,Reddish,75,68,207,Tangy South Indian rasam spice powder.
https://images.unsplash.com/photo-1532336414038-cf19250c5757?w=500&auto=format&fit=crop&q=80,MDH Rasam Powder 100g (Pack of 2),SPM-0122,MDH,Spices & Masala,Reddish,150,129,337,Tangy South Indian rasam spice powder.
https://images.unsplash.com/photo-1596040033229-a9821ebd058d?w=500&auto=format&fit=crop&q=80,MDH Rasam Powder 100g (Pack of 3),SPM-0123,MDH,Spices & Masala,Reddish,225,190,215,Tangy South Indian rasam spice powder.
https://images.unsplash.com/photo-1599940824399-b87987ceb72a?w=500&auto=format&fit=crop&q=80,MDH Rasam Powder 100g (Pack of 4),SPM-0124,MDH,Spices & Masala,Reddish,300,252,211,Tangy South Indian rasam spice powder.
https://images.unsplash.com/photo-1509358271058-acd22cc93898?w=500&auto=format&fit=crop&q=80,MDH Rasam Powder 100g (Family Pack of 6),SPM-0125,MDH,Spices & Masala,Reddish,450,367,93,Tangy South Indian rasam spice powder.
https://images.unsplash.com/photo-1615485290382-441e4d049cb5?w=500&auto=format&fit=crop&q=80,MDH Dal Makhani Masala 100g,SPM-0126,MDH,Spices & Masala,Brown,82,74,142,Slow cooked dal makhani masala mix.
https://images.unsplash.com/photo-1532336414038-cf19250c5757?w=500&auto=format&fit=crop&q=80,MDH Dal Makhani Masala 100g (Pack of 2),SPM-0127,MDH,Spices & Masala,Brown,164,141,339,Slow cooked dal makhani masala mix.
https://images.unsplash.com/photo-1596040033229-a9821ebd058d?w=500&auto=format&fit=crop&q=80,MDH Dal Makhani Masala 100g (Pack of 3),SPM-0128,MDH,Spices & Masala,Brown,246,207,340,Slow cooked dal makhani masala mix.
https://images.unsplash.com/photo-1599940824399-b87987ceb72a?w=500&auto=format&fit=crop&q=80,MDH Dal Makhani Masala 100g (Pack of 4),SPM-0129,MDH,Spices & Masala,Brown,328,274,267,Slow cooked dal makhani masala mix.
https://images.unsplash.com/photo-1509358271058-acd22cc93898?w=500&auto=format&fit=crop&q=80,MDH Dal Makhani Masala 100g (Family Pack of 6),SPM-0130,MDH,Spices & Masala,Brown,492,400,377,Slow cooked dal makhani masala mix.
https://images.unsplash.com/photo-1615485290382-441e4d049cb5?w=500&auto=format&fit=crop&q=80,Everest Rajma Masala 100g,SPM-0131,Everest,Spices & Masala,Brown,78,70,189,Perfect rajma curry spice blend.
https://images.unsplash.com/photo-1532336414038-cf19250c5757?w=500&auto=format&fit=crop&q=80,Everest Rajma Masala 100g (Pack of 2),SPM-0132,Everest,Spices & Masala,Brown,156,133,112,Perfect rajma curry spice blend.
https://images.unsplash.com/photo-1596040033229-a9821ebd058d?w=500&auto=format&fit=crop&q=80,Everest Rajma Masala 100g (Pack of 3),SPM-0133,Everest,Spices & Masala,Brown,234,196,361,Perfect rajma curry spice blend.
https://images.unsplash.com/photo-1599940824399-b87987ceb72a?w=500&auto=format&fit=crop&q=80,Everest Rajma Masala 100g (Pack of 4),SPM-0134,Everest,Spices & Masala,Brown,312,259,231,Perfect rajma curry spice blend.
https://images.unsplash.com/photo-1509358271058-acd22cc93898?w=500&auto=format&fit=crop&q=80,Everest Rajma Masala 100g (Family Pack of 6),SPM-0135,Everest,Spices & Masala,Brown,468,378,136,Perfect rajma curry spice blend.
https://images.unsplash.com/photo-1615485290382-441e4d049cb5?w=500&auto=format&fit=crop&q=80,MDH T-Plus Chai Masala 100g,SPM-0136,MDH,Spices & Masala,Brown,88,79,127,Warming tea spice blend for masala chai.
https://images.unsplash.com/photo-1532336414038-cf19250c5757?w=500&auto=format&fit=crop&q=80,MDH T-Plus Chai Masala 100g (Pack of 2),SPM-0137,MDH,Spices & Masala,Brown,176,150,183,Warming tea spice blend for masala chai.
https://images.unsplash.com/photo-1596040033229-a9821ebd058d?w=500&auto=format&fit=crop&q=80,MDH T-Plus Chai Masala 100g (Pack of 3),SPM-0138,MDH,Spices & Masala,Brown,264,221,286,Warming tea spice blend for masala chai.
https://images.unsplash.com/photo-1599940824399-b87987ceb72a?w=500&auto=format&fit=crop&q=80,MDH T-Plus Chai Masala 100g (Pack of 4),SPM-0139,MDH,Spices & Masala,Brown,352,292,239,Warming tea spice blend for masala chai.
https://images.unsplash.com/photo-1509358271058-acd22cc93898?w=500&auto=format&fit=crop&q=80,MDH T-Plus Chai Masala 100g (Family Pack of 6),SPM-0140,MDH,Spices & Masala,Brown,528,427,123,Warming tea spice blend for masala chai.
https://images.unsplash.com/photo-1615485290382-441e4d049cb5?w=500&auto=format&fit=crop&q=80,MDH Jeera Powder 100g,SPM-0141,MDH,Spices & Masala,Brown,95,85,360,Roasted aromatic ground cumin powder.
https://images.unsplash.com/photo-1532336414038-cf19250c5757?w=500&auto=format&fit=crop&q=80,MDH Jeera Powder 100g (Pack of 2),SPM-0142,MDH,Spices & Masala,Brown,190,162,97,Roasted aromatic ground cumin powder.
https://images.unsplash.com/photo-1596040033229-a9821ebd058d?w=500&auto=format&fit=crop&q=80,MDH Jeera Powder 100g (Pack of 3),SPM-0143,MDH,Spices & Masala,Brown,285,238,169,Roasted aromatic ground cumin powder.
https://images.unsplash.com/photo-1599940824399-b87987ceb72a?w=500&auto=format&fit=crop&q=80,MDH Jeera Powder 100g (Pack of 4),SPM-0144,MDH,Spices & Masala,Brown,380,314,253,Roasted aromatic ground cumin powder.
https://images.unsplash.com/photo-1509358271058-acd22cc93898?w=500&auto=format&fit=crop&q=80,MDH Jeera Powder 100g (Family Pack of 6),SPM-0145,MDH,Spices & Masala,Brown,570,459,211,Roasted aromatic ground cumin powder.
https://images.unsplash.com/photo-1615485290382-441e4d049cb5?w=500&auto=format&fit=crop&q=80,Tata Sampann Coriander Seeds 200g,SPM-0146,Tata Sampann,Spices & Masala,Greenish Brown,55,49,140,Whole bold dhania coriander seeds.
https://images.unsplash.com/photo-1532336414038-cf19250c5757?w=500&auto=format&fit=crop&q=80,Tata Sampann Coriander Seeds 200g (Pack of 2),SPM-0147,Tata Sampann,Spices & Masala,Greenish Brown,110,93,148,Whole bold dhania coriander seeds.
https://images.unsplash.com/photo-1596040033229-a9821ebd058d?w=500&auto=format&fit=crop&q=80,Tata Sampann Coriander Seeds 200g (Pack of 3),SPM-0148,Tata Sampann,Spices & Masala,Greenish Brown,165,137,91,Whole bold dhania coriander seeds.
https://images.unsplash.com/photo-1599940824399-b87987ceb72a?w=500&auto=format&fit=crop&q=80,Tata Sampann Coriander Seeds 200g (Pack of 4),SPM-0149,Tata Sampann,Spices & Masala,Greenish Brown,220,181,328,Whole bold dhania coriander seeds.
https://images.unsplash.com/photo-1509358271058-acd22cc93898?w=500&auto=format&fit=crop&q=80,Tata Sampann Coriander Seeds 200g (Family Pack of 6),SPM-0150,Tata Sampann,Spices & Masala,Greenish Brown,330,265,135,Whole bold dhania coriander seeds.
https://images.unsplash.com/photo-1615485290382-441e4d049cb5?w=500&auto=format&fit=crop&q=80,Tata Sampann Cumin Whole 200g,SPM-0151,Tata Sampann,Spices & Masala,Brown,88,79,347,Premium jeera whole cumin seeds.
https://images.unsplash.com/photo-1532336414038-cf19250c5757?w=500&auto=format&fit=crop&q=80,Tata Sampann Cumin Whole 200g (Pack of 2),SPM-0152,Tata Sampann,Spices & Masala,Brown,176,150,288,Premium jeera whole cumin seeds.
https://images.unsplash.com/photo-1596040033229-a9821ebd058d?w=500&auto=format&fit=crop&q=80,Tata Sampann Cumin Whole 200g (Pack of 3),SPM-0153,Tata Sampann,Spices & Masala,Brown,264,221,251,Premium jeera whole cumin seeds.
https://images.unsplash.com/photo-1599940824399-b87987ceb72a?w=500&auto=format&fit=crop&q=80,Tata Sampann Cumin Whole 200g (Pack of 4),SPM-0154,Tata Sampann,Spices & Masala,Brown,352,292,256,Premium jeera whole cumin seeds.
https://images.unsplash.com/photo-1509358271058-acd22cc93898?w=500&auto=format&fit=crop&q=80,Tata Sampann Cumin Whole 200g (Family Pack of 6),SPM-0155,Tata Sampann,Spices & Masala,Brown,528,427,175,Premium jeera whole cumin seeds.
https://images.unsplash.com/photo-1615485290382-441e4d049cb5?w=500&auto=format&fit=crop&q=80,Tata Sampann Black Pepper Whole 100g,SPM-0156,Tata Sampann,Spices & Masala,Black,145,130,178,Bold Malabar black peppercorns kali mirch.
https://images.unsplash.com/photo-1532336414038-cf19250c5757?w=500&auto=format&fit=crop&q=80,Tata Sampann Black Pepper Whole 100g (Pack of 2),SPM-0157,Tata Sampann,Spices & Masala,Black,290,247,236,Bold Malabar black peppercorns kali mirch.
https://images.unsplash.com/photo-1596040033229-a9821ebd058d?w=500&auto=format&fit=crop&q=80,Tata Sampann Black Pepper Whole 100g (Pack of 3),SPM-0158,Tata Sampann,Spices & Masala,Black,435,364,205,Bold Malabar black peppercorns kali mirch.
https://images.unsplash.com/photo-1599940824399-b87987ceb72a?w=500&auto=format&fit=crop&q=80,Tata Sampann Black Pepper Whole 100g (Pack of 4),SPM-0159,Tata Sampann,Spices & Masala,Black,580,481,336,Bold Malabar black peppercorns kali mirch.
https://images.unsplash.com/photo-1509358271058-acd22cc93898?w=500&auto=format&fit=crop&q=80,Tata Sampann Black Pepper Whole 100g (Family Pack of 6),SPM-0160,Tata Sampann,Spices & Masala,Black,870,702,154,Bold Malabar black peppercorns kali mirch.
https://images.unsplash.com/photo-1615485290382-441e4d049cb5?w=500&auto=format&fit=crop&q=80,Tata Sampann Cardamom Green 50g,SPM-0161,Tata Sampann,Spices & Masala,Green,245,220,105,Premium grade 8mm green elaichi.
https://images.unsplash.com/photo-1532336414038-cf19250c5757?w=500&auto=format&fit=crop&q=80,Tata Sampann Cardamom Green 50g (Pack of 2),SPM-0162,Tata Sampann,Spices & Masala,Green,490,418,124,Premium grade 8mm green elaichi.
https://images.unsplash.com/photo-1596040033229-a9821ebd058d?w=500&auto=format&fit=crop&q=80,Tata Sampann Cardamom Green 50g (Pack of 3),SPM-0163,Tata Sampann,Spices & Masala,Green,735,616,103,Premium grade 8mm green elaichi.
https://images.unsplash.com/photo-1599940824399-b87987ceb72a?w=500&auto=format&fit=crop&q=80,Tata Sampann Cardamom Green 50g (Pack of 4),SPM-0164,Tata Sampann,Spices & Masala,Green,980,814,161,Premium grade 8mm green elaichi.
https://images.unsplash.com/photo-1509358271058-acd22cc93898?w=500&auto=format&fit=crop&q=80,Tata Sampann Cardamom Green 50g (Family Pack of 6),SPM-0165,Tata Sampann,Spices & Masala,Green,1470,1188,85,Premium grade 8mm green elaichi.
https://images.unsplash.com/photo-1615485290382-441e4d049cb5?w=500&auto=format&fit=crop&q=80,Everest Clove Whole 50g,SPM-0166,Everest,Spices & Masala,Brown,115,103,241,Strong aromatic whole laung cloves.
https://images.unsplash.com/photo-1532336414038-cf19250c5757?w=500&auto=format&fit=crop&q=80,Everest Clove Whole 50g (Pack of 2),SPM-0167,Everest,Spices & Masala,Brown,230,196,206,Strong aromatic whole laung cloves.
https://images.unsplash.com/photo-1596040033229-a9821ebd058d?w=500&auto=format&fit=crop&q=80,Everest Clove Whole 50g (Pack of 3),SPM-0168,Everest,Spices & Masala,Brown,345,288,335,Strong aromatic whole laung cloves.
https://images.unsplash.com/photo-1599940824399-b87987ceb72a?w=500&auto=format&fit=crop&q=80,Everest Clove Whole 50g (Pack of 4),SPM-0169,Everest,Spices & Masala,Brown,460,381,340,Strong aromatic whole laung cloves.
https://images.unsplash.com/photo-1509358271058-acd22cc93898?w=500&auto=format&fit=crop&q=80,Everest Clove Whole 50g (Family Pack of 6),SPM-0170,Everest,Spices & Masala,Brown,690,556,259,Strong aromatic whole laung cloves.
https://images.unsplash.com/photo-1615485290382-441e4d049cb5?w=500&auto=format&fit=crop&q=80,Everest Cinnamon Sticks 100g,SPM-0171,Everest,Spices & Masala,Brown,185,166,177,Sweet aromatic dalchini cinnamon sticks.
https://images.unsplash.com/photo-1532336414038-cf19250c5757?w=500&auto=format&fit=crop&q=80,Everest Cinnamon Sticks 100g (Pack of 2),SPM-0172,Everest,Spices & Masala,Brown,370,315,121,Sweet aromatic dalchini cinnamon sticks.
https://images.unsplash.com/photo-1596040033229-a9821ebd058d?w=500&auto=format&fit=crop&q=80,Everest Cinnamon Sticks 100g (Pack of 3),SPM-0173,Everest,Spices & Masala,Brown,555,465,345,Sweet aromatic dalchini cinnamon sticks.
https://images.unsplash.com/photo-1599940824399-b87987ceb72a?w=500&auto=format&fit=crop&q=80,Everest Cinnamon Sticks 100g (Pack of 4),SPM-0174,Everest,Spices & Masala,Brown,740,614,340,Sweet aromatic dalchini cinnamon sticks.
https://images.unsplash.com/photo-1509358271058-acd22cc93898?w=500&auto=format&fit=crop&q=80,Everest Cinnamon Sticks 100g (Family Pack of 6),SPM-0175,Everest,Spices & Masala,Brown,1110,896,129,Sweet aromatic dalchini cinnamon sticks.
https://images.unsplash.com/photo-1615485290382-441e4d049cb5?w=500&auto=format&fit=crop&q=80,Everest Bay Leaves 50g,SPM-0176,Everest,Spices & Masala,Green,75,67,219,Dried aromatic tej patta bay leaves.
https://images.unsplash.com/photo-1532336414038-cf19250c5757?w=500&auto=format&fit=crop&q=80,Everest Bay Leaves 50g (Pack of 2),SPM-0177,Everest,Spices & Masala,Green,150,127,359,Dried aromatic tej patta bay leaves.
https://images.unsplash.com/photo-1596040033229-a9821ebd058d?w=500&auto=format&fit=crop&q=80,Everest Bay Leaves 50g (Pack of 3),SPM-0178,Everest,Spices & Masala,Green,225,188,182,Dried aromatic tej patta bay leaves.
https://images.unsplash.com/photo-1599940824399-b87987ceb72a?w=500&auto=format&fit=crop&q=80,Everest Bay Leaves 50g (Pack of 4),SPM-0179,Everest,Spices & Masala,Green,300,248,109,Dried aromatic tej patta bay leaves.
https://images.unsplash.com/photo-1509358271058-acd22cc93898?w=500&auto=format&fit=crop&q=80,Everest Bay Leaves 50g (Family Pack of 6),SPM-0180,Everest,Spices & Masala,Green,450,362,294,Dried aromatic tej patta bay leaves.
https://images.unsplash.com/photo-1615485290382-441e4d049cb5?w=500&auto=format&fit=crop&q=80,Tata Sampann Star Anise 50g,SPM-0181,Tata Sampann,Spices & Masala,Brown,95,85,301,Whole chakra phool star anise.
https://images.unsplash.com/photo-1532336414038-cf19250c5757?w=500&auto=format&fit=crop&q=80,Tata Sampann Star Anise 50g (Pack of 2),SPM-0182,Tata Sampann,Spices & Masala,Brown,190,162,155,Whole chakra phool star anise.
https://images.unsplash.com/photo-1596040033229-a9821ebd058d?w=500&auto=format&fit=crop&q=80,Tata Sampann Star Anise 50g (Pack of 3),SPM-0183,Tata Sampann,Spices & Masala,Brown,285,238,315,Whole chakra phool star anise.
https://images.unsplash.com/photo-1599940824399-b87987ceb72a?w=500&auto=format&fit=crop&q=80,Tata Sampann Star Anise 50g (Pack of 4),SPM-0184,Tata Sampann,Spices & Masala,Brown,380,314,83,Whole chakra phool star anise.
https://images.unsplash.com/photo-1509358271058-acd22cc93898?w=500&auto=format&fit=crop&q=80,Tata Sampann Star Anise 50g (Family Pack of 6),SPM-0185,Tata Sampann,Spices & Masala,Brown,570,459,92,Whole chakra phool star anise.
https://images.unsplash.com/photo-1615485290382-441e4d049cb5?w=500&auto=format&fit=crop&q=80,Tata Sampann Fennel Seeds 200g,SPM-0186,Tata Sampann,Spices & Masala,Green,85,76,358,Sweet saunf fennel seeds mouth freshener.
https://images.unsplash.com/photo-1532336414038-cf19250c5757?w=500&auto=format&fit=crop&q=80,Tata Sampann Fennel Seeds 200g (Pack of 2),SPM-0187,Tata Sampann,Spices & Masala,Green,170,144,327,Sweet saunf fennel seeds mouth freshener.
https://images.unsplash.com/photo-1596040033229-a9821ebd058d?w=500&auto=format&fit=crop&q=80,Tata Sampann Fennel Seeds 200g (Pack of 3),SPM-0188,Tata Sampann,Spices & Masala,Green,255,213,101,Sweet saunf fennel seeds mouth freshener.
https://images.unsplash.com/photo-1599940824399-b87987ceb72a?w=500&auto=format&fit=crop&q=80,Tata Sampann Fennel Seeds 200g (Pack of 4),SPM-0189,Tata Sampann,Spices & Masala,Green,340,281,213,Sweet saunf fennel seeds mouth freshener.
https://images.unsplash.com/photo-1509358271058-acd22cc93898?w=500&auto=format&fit=crop&q=80,Tata Sampann Fennel Seeds 200g (Family Pack of 6),SPM-0190,Tata Sampann,Spices & Masala,Green,510,410,354,Sweet saunf fennel seeds mouth freshener.
https://images.unsplash.com/photo-1615485290382-441e4d049cb5?w=500&auto=format&fit=crop&q=80,Tata Sampann Fenugreek Seeds 200g,SPM-0191,Tata Sampann,Spices & Masala,Brown,42,38,153,Whole methi dana fenugreek seeds.
https://images.unsplash.com/photo-1532336414038-cf19250c5757?w=500&auto=format&fit=crop&q=80,Tata Sampann Fenugreek Seeds 200g (Pack of 2),SPM-0192,Tata Sampann,Spices & Masala,Brown,84,72,312,Whole methi dana fenugreek seeds.
https://images.unsplash.com/photo-1541544741938-0af808871cc0?w=500&auto=format&fit=crop&q=80,Kissan Fresh Tomato Ketchup 200g,CKE-0001,Kissan,Cooking Essentials,Red,55,49,230,Rich tangy tomato ketchup made with 100% real tomatoes.
https://images.unsplash.com/photo-1508737027454-e6454ef45afd?w=500&auto=format&fit=crop&q=80,Kissan Fresh Tomato Ketchup 200g (Pack of 2),CKE-0002,Kissan,Cooking Essentials,Red,110,93,279,Rich tangy tomato ketchup made with 100% real tomatoes.
https://images.unsplash.com/photo-1588854337221-4cf9fa96059c?w=500&auto=format&fit=crop&q=80,Kissan Fresh Tomato Ketchup 200g (Pack of 3),CKE-0003,Kissan,Cooking Essentials,Red,165,137,339,Rich tangy tomato ketchup made with 100% real tomatoes.
https://images.unsplash.com/photo-1585238342024-78d387f4a707?w=500&auto=format&fit=crop&q=80,Kissan Fresh Tomato Ketchup 200g (Pack of 4),CKE-0004,Kissan,Cooking Essentials,Red,220,181,273,Rich tangy tomato ketchup made with 100% real tomatoes.
https://images.unsplash.com/photo-1476718406336-bb5a9690ee2a?w=500&auto=format&fit=crop&q=80,Kissan Fresh Tomato Ketchup 200g (Family Pack of 6),CKE-0005,Kissan,Cooking Essentials,Red,330,265,325,Rich tangy tomato ketchup made with 100% real tomatoes.
https://images.unsplash.com/photo-1556910103-1c02745aae4d?w=500&auto=format&fit=crop&q=80,Kissan Fresh Tomato Ketchup 725g,CKE-0006,Kissan,Cooking Essentials,Red,120,107,140,Rich tangy tomato ketchup made with 100% real tomatoes.
https://images.unsplash.com/photo-1607013251379-e6eecfffe234?w=500&auto=format&fit=crop&q=80,Kissan Fresh Tomato Ketchup 725g (Pack of 2),CKE-0007,Kissan,Cooking Essentials,Red,240,203,238,Rich tangy tomato ketchup made with 100% real tomatoes.
https://images.unsplash.com/photo-1541544741938-0af808871cc0?w=500&auto=format&fit=crop&q=80,Kissan Fresh Tomato Ketchup 725g (Pack of 3),CKE-0008,Kissan,Cooking Essentials,Red,360,300,152,Rich tangy tomato ketchup made with 100% real tomatoes.
https://images.unsplash.com/photo-1508737027454-e6454ef45afd?w=500&auto=format&fit=crop&q=80,Kissan Fresh Tomato Ketchup 725g (Pack of 4),CKE-0009,Kissan,Cooking Essentials,Red,480,396,284,Rich tangy tomato ketchup made with 100% real tomatoes.
https://images.unsplash.com/photo-1588854337221-4cf9fa96059c?w=500&auto=format&fit=crop&q=80,Kissan Fresh Tomato Ketchup 725g (Family Pack of 6),CKE-0010,Kissan,Cooking Essentials,Red,720,578,77,Rich tangy tomato ketchup made with 100% real tomatoes.
https://images.unsplash.com/photo-1585238342024-78d387f4a707?w=500&auto=format&fit=crop&q=80,Kissan Fresh Tomato Ketchup 1.2kg,CKE-0011,Kissan,Cooking Essentials,Red,165,145,201,Rich tangy tomato ketchup made with 100% real tomatoes.
https://images.unsplash.com/photo-1476718406336-bb5a9690ee2a?w=500&auto=format&fit=crop&q=80,Kissan Fresh Tomato Ketchup 1.2kg (Pack of 2),CKE-0012,Kissan,Cooking Essentials,Red,330,276,109,Rich tangy tomato ketchup made with 100% real tomatoes.
https://images.unsplash.com/photo-1556910103-1c02745aae4d?w=500&auto=format&fit=crop&q=80,Kissan Fresh Tomato Ketchup 1.2kg (Pack of 3),CKE-0013,Kissan,Cooking Essentials,Red,495,406,168,Rich tangy tomato ketchup made with 100% real tomatoes.
https://images.unsplash.com/photo-1607013251379-e6eecfffe234?w=500&auto=format&fit=crop&q=80,Kissan Fresh Tomato Ketchup 1.2kg (Pack of 4),CKE-0014,Kissan,Cooking Essentials,Red,660,536,319,Rich tangy tomato ketchup made with 100% real tomatoes.
https://images.unsplash.com/photo-1541544741938-0af808871cc0?w=500&auto=format&fit=crop&q=80,Kissan Fresh Tomato Ketchup 1.2kg (Family Pack of 6),CKE-0015,Kissan,Cooking Essentials,Red,990,783,361,Rich tangy tomato ketchup made with 100% real tomatoes.
https://images.unsplash.com/photo-1508737027454-e6454ef45afd?w=500&auto=format&fit=crop&q=80,Kissan Chilli Sauce 200g,CKE-0016,Kissan,Cooking Essentials,Red,55,49,332,Spicy red chilli dipping sauce.
https://images.unsplash.com/photo-1588854337221-4cf9fa96059c?w=500&auto=format&fit=crop&q=80,Kissan Chilli Sauce 200g (Pack of 2),CKE-0017,Kissan,Cooking Essentials,Red,110,93,164,Spicy red chilli dipping sauce.
https://images.unsplash.com/photo-1585238342024-78d387f4a707?w=500&auto=format&fit=crop&q=80,Kissan Chilli Sauce 200g (Pack of 3),CKE-0018,Kissan,Cooking Essentials,Red,165,137,338,Spicy red chilli dipping sauce.
https://images.unsplash.com/photo-1476718406336-bb5a9690ee2a?w=500&auto=format&fit=crop&q=80,Kissan Chilli Sauce 200g (Pack of 4),CKE-0019,Kissan,Cooking Essentials,Red,220,181,238,Spicy red chilli dipping sauce.
https://images.unsplash.com/photo-1556910103-1c02745aae4d?w=500&auto=format&fit=crop&q=80,Kissan Chilli Sauce 200g (Family Pack of 6),CKE-0020,Kissan,Cooking Essentials,Red,330,265,239,Spicy red chilli dipping sauce.
https://images.unsplash.com/photo-1607013251379-e6eecfffe234?w=500&auto=format&fit=crop&q=80,Kissan Mixed Fruit Jam 200g,CKE-0021,Kissan,Cooking Essentials,Red,85,76,165,Real fruit chunks sweet mixed fruit jam.
https://images.unsplash.com/photo-1541544741938-0af808871cc0?w=500&auto=format&fit=crop&q=80,Kissan Mixed Fruit Jam 200g (Pack of 2),CKE-0022,Kissan,Cooking Essentials,Red,170,144,129,Real fruit chunks sweet mixed fruit jam.
https://images.unsplash.com/photo-1508737027454-e6454ef45afd?w=500&auto=format&fit=crop&q=80,Kissan Mixed Fruit Jam 200g (Pack of 3),CKE-0023,Kissan,Cooking Essentials,Red,255,213,133,Real fruit chunks sweet mixed fruit jam.
https://images.unsplash.com/photo-1588854337221-4cf9fa96059c?w=500&auto=format&fit=crop&q=80,Kissan Mixed Fruit Jam 200g (Pack of 4),CKE-0024,Kissan,Cooking Essentials,Red,340,281,153,Real fruit chunks sweet mixed fruit jam.
https://images.unsplash.com/photo-1585238342024-78d387f4a707?w=500&auto=format&fit=crop&q=80,Kissan Mixed Fruit Jam 200g (Family Pack of 6),CKE-0025,Kissan,Cooking Essentials,Red,510,410,221,Real fruit chunks sweet mixed fruit jam.
https://images.unsplash.com/photo-1476718406336-bb5a9690ee2a?w=500&auto=format&fit=crop&q=80,Kissan Mixed Fruit Jam 500g,CKE-0026,Kissan,Cooking Essentials,Red,165,148,351,Real fruit chunks sweet mixed fruit jam.
https://images.unsplash.com/photo-1556910103-1c02745aae4d?w=500&auto=format&fit=crop&q=80,Kissan Mixed Fruit Jam 500g (Pack of 2),CKE-0027,Kissan,Cooking Essentials,Red,330,281,199,Real fruit chunks sweet mixed fruit jam.
https://images.unsplash.com/photo-1607013251379-e6eecfffe234?w=500&auto=format&fit=crop&q=80,Kissan Mixed Fruit Jam 500g (Pack of 3),CKE-0028,Kissan,Cooking Essentials,Red,495,414,233,Real fruit chunks sweet mixed fruit jam.
https://images.unsplash.com/photo-1541544741938-0af808871cc0?w=500&auto=format&fit=crop&q=80,Kissan Mixed Fruit Jam 500g (Pack of 4),CKE-0029,Kissan,Cooking Essentials,Red,660,548,331,Real fruit chunks sweet mixed fruit jam.
https://images.unsplash.com/photo-1508737027454-e6454ef45afd?w=500&auto=format&fit=crop&q=80,Kissan Mixed Fruit Jam 500g (Family Pack of 6),CKE-0030,Kissan,Cooking Essentials,Red,990,799,75,Real fruit chunks sweet mixed fruit jam.
https://images.unsplash.com/photo-1588854337221-4cf9fa96059c?w=500&auto=format&fit=crop&q=80,Kissan Mixed Fruit Jam 1kg,CKE-0031,Kissan,Cooking Essentials,Red,315,284,324,Real fruit chunks sweet mixed fruit jam.
https://images.unsplash.com/photo-1585238342024-78d387f4a707?w=500&auto=format&fit=crop&q=80,Kissan Mixed Fruit Jam 1kg (Pack of 2),CKE-0032,Kissan,Cooking Essentials,Red,630,540,377,Real fruit chunks sweet mixed fruit jam.
https://images.unsplash.com/photo-1476718406336-bb5a9690ee2a?w=500&auto=format&fit=crop&q=80,Kissan Mixed Fruit Jam 1kg (Pack of 3),CKE-0033,Kissan,Cooking Essentials,Red,945,795,214,Real fruit chunks sweet mixed fruit jam.
https://images.unsplash.com/photo-1556910103-1c02745aae4d?w=500&auto=format&fit=crop&q=80,Kissan Mixed Fruit Jam 1kg (Pack of 4),CKE-0034,Kissan,Cooking Essentials,Red,1260,1051,250,Real fruit chunks sweet mixed fruit jam.
https://images.unsplash.com/photo-1607013251379-e6eecfffe234?w=500&auto=format&fit=crop&q=80,Kissan Mixed Fruit Jam 1kg (Family Pack of 6),CKE-0035,Kissan,Cooking Essentials,Red,1890,1534,263,Real fruit chunks sweet mixed fruit jam.
https://images.unsplash.com/photo-1541544741938-0af808871cc0?w=500&auto=format&fit=crop&q=80,Maggi 2-Minute Masala Noodles 70g,CKE-0036,Maggi,Cooking Essentials,Yellow,14,14,289,Classic instant masala noodles with tasty tastemaker.
https://images.unsplash.com/photo-1508737027454-e6454ef45afd?w=500&auto=format&fit=crop&q=80,Maggi 2-Minute Masala Noodles 70g (Pack of 2),CKE-0037,Maggi,Cooking Essentials,Yellow,28,27,161,Classic instant masala noodles with tasty tastemaker.
https://images.unsplash.com/photo-1588854337221-4cf9fa96059c?w=500&auto=format&fit=crop&q=80,Maggi 2-Minute Masala Noodles 70g (Pack of 3),CKE-0038,Maggi,Cooking Essentials,Yellow,42,39,361,Classic instant masala noodles with tasty tastemaker.
https://images.unsplash.com/photo-1585238342024-78d387f4a707?w=500&auto=format&fit=crop&q=80,Maggi 2-Minute Masala Noodles 70g (Pack of 4),CKE-0039,Maggi,Cooking Essentials,Yellow,56,52,242,Classic instant masala noodles with tasty tastemaker.
https://images.unsplash.com/photo-1476718406336-bb5a9690ee2a?w=500&auto=format&fit=crop&q=80,Maggi 2-Minute Masala Noodles 70g (Family Pack of 6),CKE-0040,Maggi,Cooking Essentials,Yellow,84,76,353,Classic instant masala noodles with tasty tastemaker.
https://images.unsplash.com/photo-1556910103-1c02745aae4d?w=500&auto=format&fit=crop&q=80,Maggi 2-Minute Masala Noodles 280g,CKE-0041,Maggi,Cooking Essentials,Yellow,56,56,348,Classic instant masala noodles with tasty tastemaker.
https://images.unsplash.com/photo-1607013251379-e6eecfffe234?w=500&auto=format&fit=crop&q=80,Maggi 2-Minute Masala Noodles 280g (Pack of 2),CKE-0042,Maggi,Cooking Essentials,Yellow,112,106,114,Classic instant masala noodles with tasty tastemaker.
https://images.unsplash.com/photo-1541544741938-0af808871cc0?w=500&auto=format&fit=crop&q=80,Maggi 2-Minute Masala Noodles 280g (Pack of 3),CKE-0043,Maggi,Cooking Essentials,Yellow,168,157,392,Classic instant masala noodles with tasty tastemaker.
https://images.unsplash.com/photo-1508737027454-e6454ef45afd?w=500&auto=format&fit=crop&q=80,Maggi 2-Minute Masala Noodles 280g (Pack of 4),CKE-0044,Maggi,Cooking Essentials,Yellow,224,207,284,Classic instant masala noodles with tasty tastemaker.
https://images.unsplash.com/photo-1588854337221-4cf9fa96059c?w=500&auto=format&fit=crop&q=80,Maggi 2-Minute Masala Noodles 280g (Family Pack of 6),CKE-0045,Maggi,Cooking Essentials,Yellow,336,302,229,Classic instant masala noodles with tasty tastemaker.
https://images.unsplash.com/photo-1585238342024-78d387f4a707?w=500&auto=format&fit=crop&q=80,Maggi 2-Minute Masala Noodles 420g x6 Pack,CKE-0046,Maggi,Cooking Essentials,Yellow,84,80,137,Classic instant masala noodles with tasty tastemaker.
https://images.unsplash.com/photo-1476718406336-bb5a9690ee2a?w=500&auto=format&fit=crop&q=80,Maggi 2-Minute Masala Noodles 420g x6 Pack (Pack of 2),CKE-0047,Maggi,Cooking Essentials,Yellow,168,152,371,Classic instant masala noodles with tasty tastemaker.
https://images.unsplash.com/photo-1556910103-1c02745aae4d?w=500&auto=format&fit=crop&q=80,Maggi 2-Minute Masala Noodles 420g x6 Pack (Pack of 3),CKE-0048,Maggi,Cooking Essentials,Yellow,252,224,88,Classic instant masala noodles with tasty tastemaker.
https://images.unsplash.com/photo-1607013251379-e6eecfffe234?w=500&auto=format&fit=crop&q=80,Maggi 2-Minute Masala Noodles 420g x6 Pack (Pack of 4),CKE-0049,Maggi,Cooking Essentials,Yellow,336,296,114,Classic instant masala noodles with tasty tastemaker.
https://images.unsplash.com/photo-1541544741938-0af808871cc0?w=500&auto=format&fit=crop&q=80,Maggi 2-Minute Masala Noodles 420g x6 Pack (Family Pack of 6),CKE-0050,Maggi,Cooking Essentials,Yellow,504,432,290,Classic instant masala noodles with tasty tastemaker.
https://images.unsplash.com/photo-1508737027454-e6454ef45afd?w=500&auto=format&fit=crop&q=80,Maggi Special Masala Noodles 280g,CKE-0051,Maggi,Cooking Essentials,Reddish,60,58,146,Extra spicy special masala instant noodles.
https://images.unsplash.com/photo-1588854337221-4cf9fa96059c?w=500&auto=format&fit=crop&q=80,Maggi Special Masala Noodles 280g (Pack of 2),CKE-0052,Maggi,Cooking Essentials,Reddish,120,110,379,Extra spicy special masala instant noodles.
https://images.unsplash.com/photo-1585238342024-78d387f4a707?w=500&auto=format&fit=crop&q=80,Maggi Special Masala Noodles 280g (Pack of 3),CKE-0053,Maggi,Cooking Essentials,Reddish,180,162,382,Extra spicy special masala instant noodles.
https://images.unsplash.com/photo-1476718406336-bb5a9690ee2a?w=500&auto=format&fit=crop&q=80,Maggi Special Masala Noodles 280g (Pack of 4),CKE-0054,Maggi,Cooking Essentials,Reddish,240,215,327,Extra spicy special masala instant noodles.
https://images.unsplash.com/photo-1556910103-1c02745aae4d?w=500&auto=format&fit=crop&q=80,Maggi Special Masala Noodles 280g (Family Pack of 6),CKE-0055,Maggi,Cooking Essentials,Reddish,360,313,75,Extra spicy special masala instant noodles.
https://images.unsplash.com/photo-1607013251379-e6eecfffe234?w=500&auto=format&fit=crop&q=80,Maggi Atta Noodles Masala 290g,CKE-0056,Maggi,Cooking Essentials,Brown,60,58,276,Healthy whole wheat masala noodles.
https://images.unsplash.com/photo-1541544741938-0af808871cc0?w=500&auto=format&fit=crop&q=80,Maggi Atta Noodles Masala 290g (Pack of 2),CKE-0057,Maggi,Cooking Essentials,Brown,120,110,100,Healthy whole wheat masala noodles.
https://images.unsplash.com/photo-1508737027454-e6454ef45afd?w=500&auto=format&fit=crop&q=80,Maggi Atta Noodles Masala 290g (Pack of 3),CKE-0058,Maggi,Cooking Essentials,Brown,180,162,173,Healthy whole wheat masala noodles.
https://images.unsplash.com/photo-1588854337221-4cf9fa96059c?w=500&auto=format&fit=crop&q=80,Maggi Atta Noodles Masala 290g (Pack of 4),CKE-0059,Maggi,Cooking Essentials,Brown,240,215,178,Healthy whole wheat masala noodles.
https://images.unsplash.com/photo-1585238342024-78d387f4a707?w=500&auto=format&fit=crop&q=80,Maggi Atta Noodles Masala 290g (Family Pack of 6),CKE-0060,Maggi,Cooking Essentials,Brown,360,313,236,Healthy whole wheat masala noodles.
https://images.unsplash.com/photo-1476718406336-bb5a9690ee2a?w=500&auto=format&fit=crop&q=80,Maggi Chicken Noodles 280g,CKE-0061,Maggi,Cooking Essentials,Brown,58,56,328,Tasty chicken flavor instant noodles.
https://images.unsplash.com/photo-1556910103-1c02745aae4d?w=500&auto=format&fit=crop&q=80,Maggi Chicken Noodles 280g (Pack of 2),CKE-0062,Maggi,Cooking Essentials,Brown,116,106,375,Tasty chicken flavor instant noodles.
https://images.unsplash.com/photo-1607013251379-e6eecfffe234?w=500&auto=format&fit=crop&q=80,Maggi Chicken Noodles 280g (Pack of 3),CKE-0063,Maggi,Cooking Essentials,Brown,174,157,328,Tasty chicken flavor instant noodles.
https://images.unsplash.com/photo-1541544741938-0af808871cc0?w=500&auto=format&fit=crop&q=80,Maggi Chicken Noodles 280g (Pack of 4),CKE-0064,Maggi,Cooking Essentials,Brown,232,207,213,Tasty chicken flavor instant noodles.
https://images.unsplash.com/photo-1508737027454-e6454ef45afd?w=500&auto=format&fit=crop&q=80,Maggi Chicken Noodles 280g (Family Pack of 6),CKE-0065,Maggi,Cooking Essentials,Brown,348,302,130,Tasty chicken flavor instant noodles.
https://images.unsplash.com/photo-1588854337221-4cf9fa96059c?w=500&auto=format&fit=crop&q=80,Ching's Secret Dark Soy Sauce 210ml,CKE-0066,Ching's,Cooking Essentials,Black,60,54,182,Rich dark soy sauce for Indo-Chinese noodles & manchurian.
https://images.unsplash.com/photo-1585238342024-78d387f4a707?w=500&auto=format&fit=crop&q=80,Ching's Secret Dark Soy Sauce 210ml (Pack of 2),CKE-0067,Ching's,Cooking Essentials,Black,120,103,296,Rich dark soy sauce for Indo-Chinese noodles & manchurian.
https://images.unsplash.com/photo-1476718406336-bb5a9690ee2a?w=500&auto=format&fit=crop&q=80,Ching's Secret Dark Soy Sauce 210ml (Pack of 3),CKE-0068,Ching's,Cooking Essentials,Black,180,151,167,Rich dark soy sauce for Indo-Chinese noodles & manchurian.
https://images.unsplash.com/photo-1556910103-1c02745aae4d?w=500&auto=format&fit=crop&q=80,Ching's Secret Dark Soy Sauce 210ml (Pack of 4),CKE-0069,Ching's,Cooking Essentials,Black,240,200,316,Rich dark soy sauce for Indo-Chinese noodles & manchurian.
https://images.unsplash.com/photo-1607013251379-e6eecfffe234?w=500&auto=format&fit=crop&q=80,Ching's Secret Dark Soy Sauce 210ml (Family Pack of 6),CKE-0070,Ching's,Cooking Essentials,Black,360,292,178,Rich dark soy sauce for Indo-Chinese noodles & manchurian.
https://images.unsplash.com/photo-1541544741938-0af808871cc0?w=500&auto=format&fit=crop&q=80,Ching's Secret Dark Soy Sauce 750ml,CKE-0071,Ching's,Cooking Essentials,Black,120,108,112,Rich dark soy sauce for Indo-Chinese noodles & manchurian.
https://images.unsplash.com/photo-1508737027454-e6454ef45afd?w=500&auto=format&fit=crop&q=80,Ching's Secret Dark Soy Sauce 750ml (Pack of 2),CKE-0072,Ching's,Cooking Essentials,Black,240,205,251,Rich dark soy sauce for Indo-Chinese noodles & manchurian.
https://images.unsplash.com/photo-1588854337221-4cf9fa96059c?w=500&auto=format&fit=crop&q=80,Ching's Secret Dark Soy Sauce 750ml (Pack of 3),CKE-0073,Ching's,Cooking Essentials,Black,360,302,195,Rich dark soy sauce for Indo-Chinese noodles & manchurian.
https://images.unsplash.com/photo-1585238342024-78d387f4a707?w=500&auto=format&fit=crop&q=80,Ching's Secret Dark Soy Sauce 750ml (Pack of 4),CKE-0074,Ching's,Cooking Essentials,Black,480,400,390,Rich dark soy sauce for Indo-Chinese noodles & manchurian.
https://images.unsplash.com/photo-1476718406336-bb5a9690ee2a?w=500&auto=format&fit=crop&q=80,Ching's Secret Dark Soy Sauce 750ml (Family Pack of 6),CKE-0075,Ching's,Cooking Essentials,Black,720,583,297,Rich dark soy sauce for Indo-Chinese noodles & manchurian.
https://images.unsplash.com/photo-1556910103-1c02745aae4d?w=500&auto=format&fit=crop&q=80,Ching's Secret Green Chilli Sauce 200g,CKE-0076,Ching's,Cooking Essentials,Green,55,50,192,Fiery green chilli chinese sauce.
https://images.unsplash.com/photo-1607013251379-e6eecfffe234?w=500&auto=format&fit=crop&q=80,Ching's Secret Green Chilli Sauce 200g (Pack of 2),CKE-0077,Ching's,Cooking Essentials,Green,110,95,375,Fiery green chilli chinese sauce.
https://images.unsplash.com/photo-1541544741938-0af808871cc0?w=500&auto=format&fit=crop&q=80,Ching's Secret Green Chilli Sauce 200g (Pack of 3),CKE-0078,Ching's,Cooking Essentials,Green,165,140,376,Fiery green chilli chinese sauce.
https://images.unsplash.com/photo-1508737027454-e6454ef45afd?w=500&auto=format&fit=crop&q=80,Ching's Secret Green Chilli Sauce 200g (Pack of 4),CKE-0079,Ching's,Cooking Essentials,Green,220,185,261,Fiery green chilli chinese sauce.
https://images.unsplash.com/photo-1588854337221-4cf9fa96059c?w=500&auto=format&fit=crop&q=80,Ching's Secret Green Chilli Sauce 200g (Family Pack of 6),CKE-0080,Ching's,Cooking Essentials,Green,330,270,268,Fiery green chilli chinese sauce.
https://images.unsplash.com/photo-1585238342024-78d387f4a707?w=500&auto=format&fit=crop&q=80,Ching's Secret Green Chilli Sauce 750ml,CKE-0081,Ching's,Cooking Essentials,Green,110,99,324,Fiery green chilli chinese sauce.
https://images.unsplash.com/photo-1476718406336-bb5a9690ee2a?w=500&auto=format&fit=crop&q=80,Ching's Secret Green Chilli Sauce 750ml (Pack of 2),CKE-0082,Ching's,Cooking Essentials,Green,220,188,294,Fiery green chilli chinese sauce.
https://images.unsplash.com/photo-1556910103-1c02745aae4d?w=500&auto=format&fit=crop&q=80,Ching's Secret Green Chilli Sauce 750ml (Pack of 3),CKE-0083,Ching's,Cooking Essentials,Green,330,277,291,Fiery green chilli chinese sauce.
https://images.unsplash.com/photo-1607013251379-e6eecfffe234?w=500&auto=format&fit=crop&q=80,Ching's Secret Green Chilli Sauce 750ml (Pack of 4),CKE-0084,Ching's,Cooking Essentials,Green,440,366,136,Fiery green chilli chinese sauce.
https://images.unsplash.com/photo-1541544741938-0af808871cc0?w=500&auto=format&fit=crop&q=80,Ching's Secret Green Chilli Sauce 750ml (Family Pack of 6),CKE-0085,Ching's,Cooking Essentials,Green,660,535,232,Fiery green chilli chinese sauce.
https://images.unsplash.com/photo-1508737027454-e6454ef45afd?w=500&auto=format&fit=crop&q=80,Ching's Secret Schezwan Chutney 250g,CKE-0086,Ching's,Cooking Essentials,Red,90,82,343,Spicy dip and cooking sauce for fried rice & snacks.
https://images.unsplash.com/photo-1588854337221-4cf9fa96059c?w=500&auto=format&fit=crop&q=80,Ching's Secret Schezwan Chutney 250g (Pack of 2),CKE-0087,Ching's,Cooking Essentials,Red,180,156,260,Spicy dip and cooking sauce for fried rice & snacks.
https://images.unsplash.com/photo-1585238342024-78d387f4a707?w=500&auto=format&fit=crop&q=80,Ching's Secret Schezwan Chutney 250g (Pack of 3),CKE-0088,Ching's,Cooking Essentials,Red,270,230,79,Spicy dip and cooking sauce for fried rice & snacks.
https://images.unsplash.com/photo-1476718406336-bb5a9690ee2a?w=500&auto=format&fit=crop&q=80,Ching's Secret Schezwan Chutney 250g (Pack of 4),CKE-0089,Ching's,Cooking Essentials,Red,360,303,193,Spicy dip and cooking sauce for fried rice & snacks.
https://images.unsplash.com/photo-1556910103-1c02745aae4d?w=500&auto=format&fit=crop&q=80,Ching's Secret Schezwan Chutney 250g (Family Pack of 6),CKE-0090,Ching's,Cooking Essentials,Red,540,443,125,Spicy dip and cooking sauce for fried rice & snacks.
https://images.unsplash.com/photo-1607013251379-e6eecfffe234?w=500&auto=format&fit=crop&q=80,Ching's Secret Veg Hakka Noodles 150g,CKE-0091,Ching's,Cooking Essentials,Yellow,50,45,173,Chings style hakka stir fry noodles.
https://images.unsplash.com/photo-1541544741938-0af808871cc0?w=500&auto=format&fit=crop&q=80,Ching's Secret Veg Hakka Noodles 150g (Pack of 2),CKE-0092,Ching's,Cooking Essentials,Yellow,100,86,221,Chings style hakka stir fry noodles.
https://images.unsplash.com/photo-1508737027454-e6454ef45afd?w=500&auto=format&fit=crop&q=80,Ching's Secret Veg Hakka Noodles 150g (Pack of 3),CKE-0093,Ching's,Cooking Essentials,Yellow,150,126,86,Chings style hakka stir fry noodles.
https://images.unsplash.com/photo-1588854337221-4cf9fa96059c?w=500&auto=format&fit=crop&q=80,Ching's Secret Veg Hakka Noodles 150g (Pack of 4),CKE-0094,Ching's,Cooking Essentials,Yellow,200,166,91,Chings style hakka stir fry noodles.
https://images.unsplash.com/photo-1585238342024-78d387f4a707?w=500&auto=format&fit=crop&q=80,Ching's Secret Veg Hakka Noodles 150g (Family Pack of 6),CKE-0095,Ching's,Cooking Essentials,Yellow,300,243,307,Chings style hakka stir fry noodles.
https://images.unsplash.com/photo-1476718406336-bb5a9690ee2a?w=500&auto=format&fit=crop&q=80,Ching's Secret Veg Hakka Noodles 560g,CKE-0096,Ching's,Cooking Essentials,Yellow,120,108,102,Chings style hakka stir fry noodles.
https://images.unsplash.com/photo-1556910103-1c02745aae4d?w=500&auto=format&fit=crop&q=80,Ching's Secret Veg Hakka Noodles 560g (Pack of 2),CKE-0097,Ching's,Cooking Essentials,Yellow,240,205,91,Chings style hakka stir fry noodles.
https://images.unsplash.com/photo-1607013251379-e6eecfffe234?w=500&auto=format&fit=crop&q=80,Ching's Secret Veg Hakka Noodles 560g (Pack of 3),CKE-0098,Ching's,Cooking Essentials,Yellow,360,302,321,Chings style hakka stir fry noodles.
https://images.unsplash.com/photo-1541544741938-0af808871cc0?w=500&auto=format&fit=crop&q=80,Ching's Secret Veg Hakka Noodles 560g (Pack of 4),CKE-0099,Ching's,Cooking Essentials,Yellow,480,400,395,Chings style hakka stir fry noodles.
https://images.unsplash.com/photo-1508737027454-e6454ef45afd?w=500&auto=format&fit=crop&q=80,Ching's Secret Veg Hakka Noodles 560g (Family Pack of 6),CKE-0100,Ching's,Cooking Essentials,Yellow,720,583,154,Chings style hakka stir fry noodles.
https://images.unsplash.com/photo-1588854337221-4cf9fa96059c?w=500&auto=format&fit=crop&q=80,Ching's Secret Schezwan Noodles 60g,CKE-0101,Ching's,Cooking Essentials,Red,15,15,344,Fiery schezwan instant noodles.
https://images.unsplash.com/photo-1585238342024-78d387f4a707?w=500&auto=format&fit=crop&q=80,Ching's Secret Schezwan Noodles 60g (Pack of 2),CKE-0102,Ching's,Cooking Essentials,Red,30,28,185,Fiery schezwan instant noodles.
https://images.unsplash.com/photo-1476718406336-bb5a9690ee2a?w=500&auto=format&fit=crop&q=80,Ching's Secret Schezwan Noodles 60g (Pack of 3),CKE-0103,Ching's,Cooking Essentials,Red,45,42,96,Fiery schezwan instant noodles.
https://images.unsplash.com/photo-1556910103-1c02745aae4d?w=500&auto=format&fit=crop&q=80,Ching's Secret Schezwan Noodles 60g (Pack of 4),CKE-0104,Ching's,Cooking Essentials,Red,60,56,78,Fiery schezwan instant noodles.
https://images.unsplash.com/photo-1607013251379-e6eecfffe234?w=500&auto=format&fit=crop&q=80,Ching's Secret Schezwan Noodles 60g (Family Pack of 6),CKE-0105,Ching's,Cooking Essentials,Red,90,81,229,Fiery schezwan instant noodles.
https://images.unsplash.com/photo-1541544741938-0af808871cc0?w=500&auto=format&fit=crop&q=80,Ching's Secret Schezwan Noodles 240g,CKE-0106,Ching's,Cooking Essentials,Red,60,58,245,Fiery schezwan instant noodles.
https://images.unsplash.com/photo-1508737027454-e6454ef45afd?w=500&auto=format&fit=crop&q=80,Ching's Secret Schezwan Noodles 240g (Pack of 2),CKE-0107,Ching's,Cooking Essentials,Red,120,110,324,Fiery schezwan instant noodles.
https://images.unsplash.com/photo-1588854337221-4cf9fa96059c?w=500&auto=format&fit=crop&q=80,Ching's Secret Schezwan Noodles 240g (Pack of 3),CKE-0108,Ching's,Cooking Essentials,Red,180,162,206,Fiery schezwan instant noodles.
https://images.unsplash.com/photo-1585238342024-78d387f4a707?w=500&auto=format&fit=crop&q=80,Ching's Secret Schezwan Noodles 240g (Pack of 4),CKE-0109,Ching's,Cooking Essentials,Red,240,215,312,Fiery schezwan instant noodles.
https://images.unsplash.com/photo-1476718406336-bb5a9690ee2a?w=500&auto=format&fit=crop&q=80,Ching's Secret Schezwan Noodles 240g (Family Pack of 6),CKE-0110,Ching's,Cooking Essentials,Red,360,313,107,Fiery schezwan instant noodles.
https://images.unsplash.com/photo-1556910103-1c02745aae4d?w=500&auto=format&fit=crop&q=80,Ching's Secret Hot Garlic Sauce 200g,CKE-0111,Ching's,Cooking Essentials,Brown,62,56,397,Hot garlic chinese cooking sauce.
https://images.unsplash.com/photo-1607013251379-e6eecfffe234?w=500&auto=format&fit=crop&q=80,Ching's Secret Hot Garlic Sauce 200g (Pack of 2),CKE-0112,Ching's,Cooking Essentials,Brown,124,106,228,Hot garlic chinese cooking sauce.
https://images.unsplash.com/photo-1541544741938-0af808871cc0?w=500&auto=format&fit=crop&q=80,Ching's Secret Hot Garlic Sauce 200g (Pack of 3),CKE-0113,Ching's,Cooking Essentials,Brown,186,157,238,Hot garlic chinese cooking sauce.
https://images.unsplash.com/photo-1508737027454-e6454ef45afd?w=500&auto=format&fit=crop&q=80,Ching's Secret Hot Garlic Sauce 200g (Pack of 4),CKE-0114,Ching's,Cooking Essentials,Brown,248,207,218,Hot garlic chinese cooking sauce.
https://images.unsplash.com/photo-1588854337221-4cf9fa96059c?w=500&auto=format&fit=crop&q=80,Ching's Secret Hot Garlic Sauce 200g (Family Pack of 6),CKE-0115,Ching's,Cooking Essentials,Brown,372,302,236,Hot garlic chinese cooking sauce.
https://images.unsplash.com/photo-1585238342024-78d387f4a707?w=500&auto=format&fit=crop&q=80,Ching's Secret Manchurian Sauce 200g,CKE-0116,Ching's,Cooking Essentials,Dark Brown,62,56,290,Ready manchurian gravy sauce.
https://images.unsplash.com/photo-1476718406336-bb5a9690ee2a?w=500&auto=format&fit=crop&q=80,Ching's Secret Manchurian Sauce 200g (Pack of 2),CKE-0117,Ching's,Cooking Essentials,Dark Brown,124,106,267,Ready manchurian gravy sauce.
https://images.unsplash.com/photo-1556910103-1c02745aae4d?w=500&auto=format&fit=crop&q=80,Ching's Secret Manchurian Sauce 200g (Pack of 3),CKE-0118,Ching's,Cooking Essentials,Dark Brown,186,157,162,Ready manchurian gravy sauce.
https://images.unsplash.com/photo-1607013251379-e6eecfffe234?w=500&auto=format&fit=crop&q=80,Ching's Secret Manchurian Sauce 200g (Pack of 4),CKE-0119,Ching's,Cooking Essentials,Dark Brown,248,207,207,Ready manchurian gravy sauce.
https://images.unsplash.com/photo-1541544741938-0af808871cc0?w=500&auto=format&fit=crop&q=80,Ching's Secret Manchurian Sauce 200g (Family Pack of 6),CKE-0120,Ching's,Cooking Essentials,Dark Brown,372,302,193,Ready manchurian gravy sauce.
https://images.unsplash.com/photo-1508737027454-e6454ef45afd?w=500&auto=format&fit=crop&q=80,Yippee Noodles Magic Masala 60g,CKE-0121,Yippee,Cooking Essentials,Yellow,14,14,317,Long slurpy non sticky instant noodles.
https://images.unsplash.com/photo-1588854337221-4cf9fa96059c?w=500&auto=format&fit=crop&q=80,Yippee Noodles Magic Masala 60g (Pack of 2),CKE-0122,Yippee,Cooking Essentials,Yellow,28,27,224,Long slurpy non sticky instant noodles.
https://images.unsplash.com/photo-1585238342024-78d387f4a707?w=500&auto=format&fit=crop&q=80,Yippee Noodles Magic Masala 60g (Pack of 3),CKE-0123,Yippee,Cooking Essentials,Yellow,42,39,323,Long slurpy non sticky instant noodles.
https://images.unsplash.com/photo-1476718406336-bb5a9690ee2a?w=500&auto=format&fit=crop&q=80,Yippee Noodles Magic Masala 60g (Pack of 4),CKE-0124,Yippee,Cooking Essentials,Yellow,56,52,74,Long slurpy non sticky instant noodles.
https://images.unsplash.com/photo-1556910103-1c02745aae4d?w=500&auto=format&fit=crop&q=80,Yippee Noodles Magic Masala 60g (Family Pack of 6),CKE-0125,Yippee,Cooking Essentials,Yellow,84,76,389,Long slurpy non sticky instant noodles.
https://images.unsplash.com/photo-1607013251379-e6eecfffe234?w=500&auto=format&fit=crop&q=80,Yippee Noodles Magic Masala 240g,CKE-0126,Yippee,Cooking Essentials,Yellow,56,56,250,Long slurpy non sticky instant noodles.
https://images.unsplash.com/photo-1541544741938-0af808871cc0?w=500&auto=format&fit=crop&q=80,Yippee Noodles Magic Masala 240g (Pack of 2),CKE-0127,Yippee,Cooking Essentials,Yellow,112,106,367,Long slurpy non sticky instant noodles.
https://images.unsplash.com/photo-1508737027454-e6454ef45afd?w=500&auto=format&fit=crop&q=80,Yippee Noodles Magic Masala 240g (Pack of 3),CKE-0128,Yippee,Cooking Essentials,Yellow,168,157,222,Long slurpy non sticky instant noodles.
https://images.unsplash.com/photo-1588854337221-4cf9fa96059c?w=500&auto=format&fit=crop&q=80,Yippee Noodles Magic Masala 240g (Pack of 4),CKE-0129,Yippee,Cooking Essentials,Yellow,224,207,262,Long slurpy non sticky instant noodles.
https://images.unsplash.com/photo-1585238342024-78d387f4a707?w=500&auto=format&fit=crop&q=80,Yippee Noodles Magic Masala 240g (Family Pack of 6),CKE-0130,Yippee,Cooking Essentials,Yellow,336,302,293,Long slurpy non sticky instant noodles.
https://images.unsplash.com/photo-1476718406336-bb5a9690ee2a?w=500&auto=format&fit=crop&q=80,Yippee Power Up Atta Noodles 290g,CKE-0131,Yippee,Cooking Essentials,Brown,60,58,230,Whole wheat power noodles masala.
https://images.unsplash.com/photo-1556910103-1c02745aae4d?w=500&auto=format&fit=crop&q=80,Yippee Power Up Atta Noodles 290g (Pack of 2),CKE-0132,Yippee,Cooking Essentials,Brown,120,110,237,Whole wheat power noodles masala.
https://images.unsplash.com/photo-1607013251379-e6eecfffe234?w=500&auto=format&fit=crop&q=80,Yippee Power Up Atta Noodles 290g (Pack of 3),CKE-0133,Yippee,Cooking Essentials,Brown,180,162,344,Whole wheat power noodles masala.
https://images.unsplash.com/photo-1541544741938-0af808871cc0?w=500&auto=format&fit=crop&q=80,Yippee Power Up Atta Noodles 290g (Pack of 4),CKE-0134,Yippee,Cooking Essentials,Brown,240,215,342,Whole wheat power noodles masala.
https://images.unsplash.com/photo-1508737027454-e6454ef45afd?w=500&auto=format&fit=crop&q=80,Yippee Power Up Atta Noodles 290g (Family Pack of 6),CKE-0135,Yippee,Cooking Essentials,Brown,360,313,197,Whole wheat power noodles masala.
https://images.unsplash.com/photo-1588854337221-4cf9fa96059c?w=500&auto=format&fit=crop&q=80,Top Ramen Noodles Curry Masala 70g,CKE-0136,Top Ramen,Cooking Essentials,Yellow,14,14,156,Slurpy curry flavored instant noodles.
https://images.unsplash.com/photo-1585238342024-78d387f4a707?w=500&auto=format&fit=crop&q=80,Top Ramen Noodles Curry Masala 70g (Pack of 2),CKE-0137,Top Ramen,Cooking Essentials,Yellow,28,27,151,Slurpy curry flavored instant noodles.
https://images.unsplash.com/photo-1476718406336-bb5a9690ee2a?w=500&auto=format&fit=crop&q=80,Top Ramen Noodles Curry Masala 70g (Pack of 3),CKE-0138,Top Ramen,Cooking Essentials,Yellow,42,39,95,Slurpy curry flavored instant noodles.
https://images.unsplash.com/photo-1556910103-1c02745aae4d?w=500&auto=format&fit=crop&q=80,Top Ramen Noodles Curry Masala 70g (Pack of 4),CKE-0139,Top Ramen,Cooking Essentials,Yellow,56,52,311,Slurpy curry flavored instant noodles.
https://images.unsplash.com/photo-1607013251379-e6eecfffe234?w=500&auto=format&fit=crop&q=80,Top Ramen Noodles Curry Masala 70g (Family Pack of 6),CKE-0140,Top Ramen,Cooking Essentials,Yellow,84,76,210,Slurpy curry flavored instant noodles.
https://images.unsplash.com/photo-1541544741938-0af808871cc0?w=500&auto=format&fit=crop&q=80,Top Ramen Noodles Curry Masala 280g,CKE-0141,Top Ramen,Cooking Essentials,Yellow,55,53,214,Slurpy curry flavored instant noodles.
https://images.unsplash.com/photo-1508737027454-e6454ef45afd?w=500&auto=format&fit=crop&q=80,Top Ramen Noodles Curry Masala 280g (Pack of 2),CKE-0142,Top Ramen,Cooking Essentials,Yellow,110,101,220,Slurpy curry flavored instant noodles.
https://images.unsplash.com/photo-1588854337221-4cf9fa96059c?w=500&auto=format&fit=crop&q=80,Top Ramen Noodles Curry Masala 280g (Pack of 3),CKE-0143,Top Ramen,Cooking Essentials,Yellow,165,148,310,Slurpy curry flavored instant noodles.
https://images.unsplash.com/photo-1585238342024-78d387f4a707?w=500&auto=format&fit=crop&q=80,Top Ramen Noodles Curry Masala 280g (Pack of 4),CKE-0144,Top Ramen,Cooking Essentials,Yellow,220,196,202,Slurpy curry flavored instant noodles.
https://images.unsplash.com/photo-1476718406336-bb5a9690ee2a?w=500&auto=format&fit=crop&q=80,Top Ramen Noodles Curry Masala 280g (Family Pack of 6),CKE-0145,Top Ramen,Cooking Essentials,Yellow,330,286,164,Slurpy curry flavored instant noodles.
https://images.unsplash.com/photo-1556910103-1c02745aae4d?w=500&auto=format&fit=crop&q=80,Top Ramen Masala Noodles 280g,CKE-0146,Top Ramen,Cooking Essentials,Yellow,55,53,298,Super noodles masala pack.
https://images.unsplash.com/photo-1607013251379-e6eecfffe234?w=500&auto=format&fit=crop&q=80,Top Ramen Masala Noodles 280g (Pack of 2),CKE-0147,Top Ramen,Cooking Essentials,Yellow,110,101,196,Super noodles masala pack.
https://images.unsplash.com/photo-1541544741938-0af808871cc0?w=500&auto=format&fit=crop&q=80,Top Ramen Masala Noodles 280g (Pack of 3),CKE-0148,Top Ramen,Cooking Essentials,Yellow,165,148,126,Super noodles masala pack.
https://images.unsplash.com/photo-1508737027454-e6454ef45afd?w=500&auto=format&fit=crop&q=80,Top Ramen Masala Noodles 280g (Pack of 4),CKE-0149,Top Ramen,Cooking Essentials,Yellow,220,196,173,Super noodles masala pack.
https://images.unsplash.com/photo-1588854337221-4cf9fa96059c?w=500&auto=format&fit=crop&q=80,Top Ramen Masala Noodles 280g (Family Pack of 6),CKE-0150,Top Ramen,Cooking Essentials,Yellow,330,286,247,Super noodles masala pack.
https://images.unsplash.com/photo-1585238342024-78d387f4a707?w=500&auto=format&fit=crop&q=80,Knorr Tomato Sweet Corn Soup 44g,CKE-0151,Knorr,Cooking Essentials,Red,55,48,91,Instant thick tomato sweet corn soup mix.
https://images.unsplash.com/photo-1476718406336-bb5a9690ee2a?w=500&auto=format&fit=crop&q=80,Knorr Tomato Sweet Corn Soup 44g (Pack of 2),CKE-0152,Knorr,Cooking Essentials,Red,110,91,373,Instant thick tomato sweet corn soup mix.
https://images.unsplash.com/photo-1556910103-1c02745aae4d?w=500&auto=format&fit=crop&q=80,Knorr Tomato Sweet Corn Soup 44g (Pack of 3),CKE-0153,Knorr,Cooking Essentials,Red,165,134,89,Instant thick tomato sweet corn soup mix.
https://images.unsplash.com/photo-1607013251379-e6eecfffe234?w=500&auto=format&fit=crop&q=80,Knorr Tomato Sweet Corn Soup 44g (Pack of 4),CKE-0154,Knorr,Cooking Essentials,Red,220,178,298,Instant thick tomato sweet corn soup mix.
https://images.unsplash.com/photo-1541544741938-0af808871cc0?w=500&auto=format&fit=crop&q=80,Knorr Tomato Sweet Corn Soup 44g (Family Pack of 6),CKE-0155,Knorr,Cooking Essentials,Red,330,259,392,Instant thick tomato sweet corn soup mix.
https://images.unsplash.com/photo-1508737027454-e6454ef45afd?w=500&auto=format&fit=crop&q=80,Knorr Tomato Soup 53g,CKE-0156,Knorr,Cooking Essentials,Red,55,48,133,Instant rich tangy tomato soup mixture with croutons.
https://images.unsplash.com/photo-1588854337221-4cf9fa96059c?w=500&auto=format&fit=crop&q=80,Knorr Tomato Soup 53g (Pack of 2),CKE-0157,Knorr,Cooking Essentials,Red,110,91,135,Instant rich tangy tomato soup mixture with croutons.
https://images.unsplash.com/photo-1585238342024-78d387f4a707?w=500&auto=format&fit=crop&q=80,Knorr Tomato Soup 53g (Pack of 3),CKE-0158,Knorr,Cooking Essentials,Red,165,134,283,Instant rich tangy tomato soup mixture with croutons.
https://images.unsplash.com/photo-1476718406336-bb5a9690ee2a?w=500&auto=format&fit=crop&q=80,Knorr Tomato Soup 53g (Pack of 4),CKE-0159,Knorr,Cooking Essentials,Red,220,178,358,Instant rich tangy tomato soup mixture with croutons.
https://images.unsplash.com/photo-1556910103-1c02745aae4d?w=500&auto=format&fit=crop&q=80,Knorr Tomato Soup 53g (Family Pack of 6),CKE-0160,Knorr,Cooking Essentials,Red,330,259,174,Instant rich tangy tomato soup mixture with croutons.
https://images.unsplash.com/photo-1607013251379-e6eecfffe234?w=500&auto=format&fit=crop&q=80,Knorr Chinese Hot & Sour Soup 42g,CKE-0161,Knorr,Cooking Essentials,Dark Brown,55,48,280,Spicy tangy hot sour soup mix.
https://images.unsplash.com/photo-1541544741938-0af808871cc0?w=500&auto=format&fit=crop&q=80,Knorr Chinese Hot & Sour Soup 42g (Pack of 2),CKE-0162,Knorr,Cooking Essentials,Dark Brown,110,91,376,Spicy tangy hot sour soup mix.
https://images.unsplash.com/photo-1508737027454-e6454ef45afd?w=500&auto=format&fit=crop&q=80,Knorr Chinese Hot & Sour Soup 42g (Pack of 3),CKE-0163,Knorr,Cooking Essentials,Dark Brown,165,134,159,Spicy tangy hot sour soup mix.
https://images.unsplash.com/photo-1588854337221-4cf9fa96059c?w=500&auto=format&fit=crop&q=80,Knorr Chinese Hot & Sour Soup 42g (Pack of 4),CKE-0164,Knorr,Cooking Essentials,Dark Brown,220,178,294,Spicy tangy hot sour soup mix.
https://images.unsplash.com/photo-1585238342024-78d387f4a707?w=500&auto=format&fit=crop&q=80,Knorr Chinese Hot & Sour Soup 42g (Family Pack of 6),CKE-0165,Knorr,Cooking Essentials,Dark Brown,330,259,342,Spicy tangy hot sour soup mix.
https://images.unsplash.com/photo-1476718406336-bb5a9690ee2a?w=500&auto=format&fit=crop&q=80,Knorr Manchow Soup 44g,CKE-0166,Knorr,Cooking Essentials,Dark Brown,55,48,174,Crispy noodles topped manchow soup.
https://images.unsplash.com/photo-1556910103-1c02745aae4d?w=500&auto=format&fit=crop&q=80,Knorr Manchow Soup 44g (Pack of 2),CKE-0167,Knorr,Cooking Essentials,Dark Brown,110,91,302,Crispy noodles topped manchow soup.
https://images.unsplash.com/photo-1607013251379-e6eecfffe234?w=500&auto=format&fit=crop&q=80,Knorr Manchow Soup 44g (Pack of 3),CKE-0168,Knorr,Cooking Essentials,Dark Brown,165,134,343,Crispy noodles topped manchow soup.
https://images.unsplash.com/photo-1541544741938-0af808871cc0?w=500&auto=format&fit=crop&q=80,Knorr Manchow Soup 44g (Pack of 4),CKE-0169,Knorr,Cooking Essentials,Dark Brown,220,178,94,Crispy noodles topped manchow soup.
https://images.unsplash.com/photo-1508737027454-e6454ef45afd?w=500&auto=format&fit=crop&q=80,Knorr Manchow Soup 44g (Family Pack of 6),CKE-0170,Knorr,Cooking Essentials,Dark Brown,330,259,99,Crispy noodles topped manchow soup.
https://images.unsplash.com/photo-1588854337221-4cf9fa96059c?w=500&auto=format&fit=crop&q=80,Knorr Sweet Corn Chicken Soup 42g,CKE-0171,Knorr,Cooking Essentials,Yellow,58,52,114,Restaurant style corn chicken soup.
https://images.unsplash.com/photo-1585238342024-78d387f4a707?w=500&auto=format&fit=crop&q=80,Knorr Sweet Corn Chicken Soup 42g (Pack of 2),CKE-0172,Knorr,Cooking Essentials,Yellow,116,99,216,Restaurant style corn chicken soup.
https://images.unsplash.com/photo-1476718406336-bb5a9690ee2a?w=500&auto=format&fit=crop&q=80,Knorr Sweet Corn Chicken Soup 42g (Pack of 3),CKE-0173,Knorr,Cooking Essentials,Yellow,174,146,76,Restaurant style corn chicken soup.
https://images.unsplash.com/photo-1556910103-1c02745aae4d?w=500&auto=format&fit=crop&q=80,Knorr Sweet Corn Chicken Soup 42g (Pack of 4),CKE-0174,Knorr,Cooking Essentials,Yellow,232,192,142,Restaurant style corn chicken soup.
https://images.unsplash.com/photo-1607013251379-e6eecfffe234?w=500&auto=format&fit=crop&q=80,Knorr Sweet Corn Chicken Soup 42g (Family Pack of 6),CKE-0175,Knorr,Cooking Essentials,Yellow,348,281,170,Restaurant style corn chicken soup.
https://images.unsplash.com/photo-1541544741938-0af808871cc0?w=500&auto=format&fit=crop&q=80,Ching's Secret Sweet Corn Soup 50g,CKE-0176,Ching's,Cooking Essentials,Yellow,55,50,395,Instant corn veg soup mix.
https://images.unsplash.com/photo-1508737027454-e6454ef45afd?w=500&auto=format&fit=crop&q=80,Ching's Secret Sweet Corn Soup 50g (Pack of 2),CKE-0177,Ching's,Cooking Essentials,Yellow,110,95,203,Instant corn veg soup mix.
https://images.unsplash.com/photo-1588854337221-4cf9fa96059c?w=500&auto=format&fit=crop&q=80,Ching's Secret Sweet Corn Soup 50g (Pack of 3),CKE-0178,Ching's,Cooking Essentials,Yellow,165,140,370,Instant corn veg soup mix.
https://images.unsplash.com/photo-1585238342024-78d387f4a707?w=500&auto=format&fit=crop&q=80,Ching's Secret Sweet Corn Soup 50g (Pack of 4),CKE-0179,Ching's,Cooking Essentials,Yellow,220,185,128,Instant corn veg soup mix.
https://images.unsplash.com/photo-1476718406336-bb5a9690ee2a?w=500&auto=format&fit=crop&q=80,Ching's Secret Sweet Corn Soup 50g (Family Pack of 6),CKE-0180,Ching's,Cooking Essentials,Yellow,330,270,228,Instant corn veg soup mix.
https://images.unsplash.com/photo-1556910103-1c02745aae4d?w=500&auto=format&fit=crop&q=80,Knorr Soupy Noodles Masala 61g,CKE-0181,Knorr,Cooking Essentials,Yellow,15,15,98,Soupy slurp masala noodles.
https://images.unsplash.com/photo-1607013251379-e6eecfffe234?w=500&auto=format&fit=crop&q=80,Knorr Soupy Noodles Masala 61g (Pack of 2),CKE-0182,Knorr,Cooking Essentials,Yellow,30,28,157,Soupy slurp masala noodles.
https://images.unsplash.com/photo-1541544741938-0af808871cc0?w=500&auto=format&fit=crop&q=80,Knorr Soupy Noodles Masala 61g (Pack of 3),CKE-0183,Knorr,Cooking Essentials,Yellow,45,42,121,Soupy slurp masala noodles.
https://images.unsplash.com/photo-1508737027454-e6454ef45afd?w=500&auto=format&fit=crop&q=80,Knorr Soupy Noodles Masala 61g (Pack of 4),CKE-0184,Knorr,Cooking Essentials,Yellow,60,56,203,Soupy slurp masala noodles.
https://images.unsplash.com/photo-1588854337221-4cf9fa96059c?w=500&auto=format&fit=crop&q=80,Knorr Soupy Noodles Masala 61g (Family Pack of 6),CKE-0185,Knorr,Cooking Essentials,Yellow,90,81,118,Soupy slurp masala noodles.
https://images.unsplash.com/photo-1585238342024-78d387f4a707?w=500&auto=format&fit=crop&q=80,Dabur Hommade Ginger Garlic Paste 200g,CKE-0186,Dabur,Cooking Essentials,Brown,60,52,221,Thick aromatic paste made from fresh ginger & garlic.
https://images.unsplash.com/photo-1476718406336-bb5a9690ee2a?w=500&auto=format&fit=crop&q=80,Dabur Hommade Ginger Garlic Paste 200g (Pack of 2),CKE-0187,Dabur,Cooking Essentials,Brown,120,99,119,Thick aromatic paste made from fresh ginger & garlic.
https://images.unsplash.com/photo-1556910103-1c02745aae4d?w=500&auto=format&fit=crop&q=80,Dabur Hommade Ginger Garlic Paste 200g (Pack of 3),CKE-0188,Dabur,Cooking Essentials,Brown,180,146,329,Thick aromatic paste made from fresh ginger & garlic.
https://images.unsplash.com/photo-1607013251379-e6eecfffe234?w=500&auto=format&fit=crop&q=80,Dabur Hommade Ginger Garlic Paste 200g (Pack of 4),CKE-0189,Dabur,Cooking Essentials,Brown,240,192,342,Thick aromatic paste made from fresh ginger & garlic.
https://images.unsplash.com/photo-1541544741938-0af808871cc0?w=500&auto=format&fit=crop&q=80,Dabur Hommade Ginger Garlic Paste 200g (Family Pack of 6),CKE-0190,Dabur,Cooking Essentials,Brown,360,281,231,Thick aromatic paste made from fresh ginger & garlic.
https://images.unsplash.com/photo-1508737027454-e6454ef45afd?w=500&auto=format&fit=crop&q=80,Dabur Hommade Ginger Paste 200g,CKE-0191,Dabur,Cooking Essentials,Brown,58,50,391,Fresh ground spicy ginger paste.
https://images.unsplash.com/photo-1588854337221-4cf9fa96059c?w=500&auto=format&fit=crop&q=80,Dabur Hommade Ginger Paste 200g (Pack of 2),CKE-0192,Dabur,Cooking Essentials,Brown,116,95,260,Fresh ground spicy ginger paste.
https://images.unsplash.com/photo-1585238342024-78d387f4a707?w=500&auto=format&fit=crop&q=80,Dabur Hommade Ginger Paste 200g (Pack of 3),CKE-0193,Dabur,Cooking Essentials,Brown,174,140,200,Fresh ground spicy ginger paste.
https://images.unsplash.com/photo-1476718406336-bb5a9690ee2a?w=500&auto=format&fit=crop&q=80,Dabur Hommade Ginger Paste 200g (Pack of 4),CKE-0194,Dabur,Cooking Essentials,Brown,232,185,215,Fresh ground spicy ginger paste.
https://images.unsplash.com/photo-1556910103-1c02745aae4d?w=500&auto=format&fit=crop&q=80,Dabur Hommade Ginger Paste 200g (Family Pack of 6),CKE-0195,Dabur,Cooking Essentials,Brown,348,270,207,Fresh ground spicy ginger paste.
https://images.unsplash.com/photo-1607013251379-e6eecfffe234?w=500&auto=format&fit=crop&q=80,Dabur Hommade Garlic Paste 200g,CKE-0196,Dabur,Cooking Essentials,Cream,58,50,213,Pungent fresh garlic paste.
https://images.unsplash.com/photo-1541544741938-0af808871cc0?w=500&auto=format&fit=crop&q=80,Dabur Hommade Garlic Paste 200g (Pack of 2),CKE-0197,Dabur,Cooking Essentials,Cream,116,95,394,Pungent fresh garlic paste.
https://images.unsplash.com/photo-1508737027454-e6454ef45afd?w=500&auto=format&fit=crop&q=80,Dabur Hommade Garlic Paste 200g (Pack of 3),CKE-0198,Dabur,Cooking Essentials,Cream,174,140,255,Pungent fresh garlic paste.
https://images.unsplash.com/photo-1588854337221-4cf9fa96059c?w=500&auto=format&fit=crop&q=80,Dabur Hommade Garlic Paste 200g (Pack of 4),CKE-0199,Dabur,Cooking Essentials,Cream,232,185,341,Pungent fresh garlic paste.
https://images.unsplash.com/photo-1585238342024-78d387f4a707?w=500&auto=format&fit=crop&q=80,Dabur Hommade Garlic Paste 200g (Family Pack of 6),CKE-0200,Dabur,Cooking Essentials,Cream,348,270,105,Pungent fresh garlic paste.
https://images.unsplash.com/photo-1476718406336-bb5a9690ee2a?w=500&auto=format&fit=crop&q=80,Veeba Veg Mayonnaise Original 250g,CKE-0201,Veeba,Cooking Essentials,White,85,76,247,Eggless creamy veg mayonnaise.
https://images.unsplash.com/photo-1556910103-1c02745aae4d?w=500&auto=format&fit=crop&q=80,Veeba Veg Mayonnaise Original 250g (Pack of 2),CKE-0202,Veeba,Cooking Essentials,White,170,144,375,Eggless creamy veg mayonnaise.
https://images.unsplash.com/photo-1607013251379-e6eecfffe234?w=500&auto=format&fit=crop&q=80,Veeba Veg Mayonnaise Original 250g (Pack of 3),CKE-0203,Veeba,Cooking Essentials,White,255,213,90,Eggless creamy veg mayonnaise.
https://images.unsplash.com/photo-1541544741938-0af808871cc0?w=500&auto=format&fit=crop&q=80,Veeba Veg Mayonnaise Original 250g (Pack of 4),CKE-0204,Veeba,Cooking Essentials,White,340,281,199,Eggless creamy veg mayonnaise.
https://images.unsplash.com/photo-1508737027454-e6454ef45afd?w=500&auto=format&fit=crop&q=80,Veeba Veg Mayonnaise Original 250g (Family Pack of 6),CKE-0205,Veeba,Cooking Essentials,White,510,410,327,Eggless creamy veg mayonnaise.
https://images.unsplash.com/photo-1588854337221-4cf9fa96059c?w=500&auto=format&fit=crop&q=80,Veeba Veg Mayonnaise Original 875g,CKE-0206,Veeba,Cooking Essentials,White,199,175,134,Eggless creamy veg mayonnaise.
https://images.unsplash.com/photo-1585238342024-78d387f4a707?w=500&auto=format&fit=crop&q=80,Veeba Veg Mayonnaise Original 875g (Pack of 2),CKE-0207,Veeba,Cooking Essentials,White,398,332,114,Eggless creamy veg mayonnaise.
https://images.unsplash.com/photo-1476718406336-bb5a9690ee2a?w=500&auto=format&fit=crop&q=80,Veeba Veg Mayonnaise Original 875g (Pack of 3),CKE-0208,Veeba,Cooking Essentials,White,597,490,181,Eggless creamy veg mayonnaise.
https://images.unsplash.com/photo-1556910103-1c02745aae4d?w=500&auto=format&fit=crop&q=80,Veeba Veg Mayonnaise Original 875g (Pack of 4),CKE-0209,Veeba,Cooking Essentials,White,796,648,129,Eggless creamy veg mayonnaise.
https://images.unsplash.com/photo-1607013251379-e6eecfffe234?w=500&auto=format&fit=crop&q=80,Veeba Veg Mayonnaise Original 875g (Family Pack of 6),CKE-0210,Veeba,Cooking Essentials,White,1194,945,389,Eggless creamy veg mayonnaise.
https://images.unsplash.com/photo-1541544741938-0af808871cc0?w=500&auto=format&fit=crop&q=80,Veeba Mint Mayonnaise 275g,CKE-0211,Veeba,Cooking Essentials,Green,99,89,135,Minty herby creamy mayo dip.
https://images.unsplash.com/photo-1508737027454-e6454ef45afd?w=500&auto=format&fit=crop&q=80,Veeba Mint Mayonnaise 275g (Pack of 2),CKE-0212,Veeba,Cooking Essentials,Green,198,169,343,Minty herby creamy mayo dip.
https://images.unsplash.com/photo-1588854337221-4cf9fa96059c?w=500&auto=format&fit=crop&q=80,Veeba Mint Mayonnaise 275g (Pack of 3),CKE-0213,Veeba,Cooking Essentials,Green,297,249,114,Minty herby creamy mayo dip.
https://images.unsplash.com/photo-1585238342024-78d387f4a707?w=500&auto=format&fit=crop&q=80,Veeba Mint Mayonnaise 275g (Pack of 4),CKE-0214,Veeba,Cooking Essentials,Green,396,329,92,Minty herby creamy mayo dip.
https://images.unsplash.com/photo-1476718406336-bb5a9690ee2a?w=500&auto=format&fit=crop&q=80,Veeba Mint Mayonnaise 275g (Family Pack of 6),CKE-0215,Veeba,Cooking Essentials,Green,594,481,235,Minty herby creamy mayo dip.
https://images.unsplash.com/photo-1556910103-1c02745aae4d?w=500&auto=format&fit=crop&q=80,Veeba Tandoori Mayonnaise 275g,CKE-0216,Veeba,Cooking Essentials,Orange,99,89,205,Smoky tandoori flavored mayo.
https://images.unsplash.com/photo-1607013251379-e6eecfffe234?w=500&auto=format&fit=crop&q=80,Veeba Tandoori Mayonnaise 275g (Pack of 2),CKE-0217,Veeba,Cooking Essentials,Orange,198,169,141,Smoky tandoori flavored mayo.
https://images.unsplash.com/photo-1584992236310-6edddc08acff?w=500&auto=format&fit=crop&q=80,Milton Thermosteel Flip Lid Bottle 500ml,HNK-0001,Milton,Home & Kitchen,Silver,725,615,54,Double wall vacuum insulated stainless steel hot & cold water bottle.
https://images.unsplash.com/photo-1590794056226-79ef3a8147e1?w=500&auto=format&fit=crop&q=80,Milton Thermosteel Flip Lid Bottle 500ml (Pack of 2),HNK-0002,Milton,Home & Kitchen,Silver,1450,1168,135,Double wall vacuum insulated stainless steel hot & cold water bottle.
https://images.unsplash.com/photo-1610701596007-11502861dcfa?w=500&auto=format&fit=crop&q=80,Milton Thermosteel Flip Lid Bottle 500ml (Pack of 3),HNK-0003,Milton,Home & Kitchen,Silver,2175,1722,31,Double wall vacuum insulated stainless steel hot & cold water bottle.
https://images.unsplash.com/photo-1556911220-e15b29be8c8f?w=500&auto=format&fit=crop&q=80,Milton Thermosteel Flip Lid Bottle 500ml (Pack of 4),HNK-0004,Milton,Home & Kitchen,Silver,2900,2276,52,Double wall vacuum insulated stainless steel hot & cold water bottle.
https://images.unsplash.com/photo-1556909114-f6e7ad7d3136?w=500&auto=format&fit=crop&q=80,Milton Thermosteel Flip Lid Bottle 500ml (Family Pack of 6),HNK-0005,Milton,Home & Kitchen,Silver,4350,3321,171,Double wall vacuum insulated stainless steel hot & cold water bottle.
https://images.unsplash.com/photo-1584568694244-14fbdf83bd30?w=500&auto=format&fit=crop&q=80,Milton Thermosteel Flip Lid Bottle 1000ml,HNK-0006,Milton,Home & Kitchen,Silver,1099,925,136,Double wall vacuum insulated stainless steel hot & cold water bottle.
https://images.unsplash.com/photo-1570222094114-d054a817e56b?w=500&auto=format&fit=crop&q=80,Milton Thermosteel Flip Lid Bottle 1000ml (Pack of 2),HNK-0007,Milton,Home & Kitchen,Silver,2198,1758,164,Double wall vacuum insulated stainless steel hot & cold water bottle.
https://images.unsplash.com/photo-1556228453-efd6c1ff04f6?w=500&auto=format&fit=crop&q=80,Milton Thermosteel Flip Lid Bottle 1000ml (Pack of 3),HNK-0008,Milton,Home & Kitchen,Silver,3297,2590,153,Double wall vacuum insulated stainless steel hot & cold water bottle.
https://images.unsplash.com/photo-1584992236310-6edddc08acff?w=500&auto=format&fit=crop&q=80,Milton Thermosteel Flip Lid Bottle 1000ml (Pack of 4),HNK-0009,Milton,Home & Kitchen,Silver,4396,3422,153,Double wall vacuum insulated stainless steel hot & cold water bottle.
https://images.unsplash.com/photo-1590794056226-79ef3a8147e1?w=500&auto=format&fit=crop&q=80,Milton Thermosteel Flip Lid Bottle 1000ml (Family Pack of 6),HNK-0010,Milton,Home & Kitchen,Silver,6594,4995,41,Double wall vacuum insulated stainless steel hot & cold water bottle.
https://images.unsplash.com/photo-1610701596007-11502861dcfa?w=500&auto=format&fit=crop&q=80,Milton Thermosteel Flask 24Hrs 750ml,HNK-0011,Milton,Home & Kitchen,Silver,950,815,32,24 hour hot cold steel flask bottle.
https://images.unsplash.com/photo-1556911220-e15b29be8c8f?w=500&auto=format&fit=crop&q=80,Milton Thermosteel Flask 24Hrs 750ml (Pack of 2),HNK-0012,Milton,Home & Kitchen,Silver,1900,1548,104,24 hour hot cold steel flask bottle.
https://images.unsplash.com/photo-1556909114-f6e7ad7d3136?w=500&auto=format&fit=crop&q=80,Milton Thermosteel Flask 24Hrs 750ml (Pack of 3),HNK-0013,Milton,Home & Kitchen,Silver,2850,2282,119,24 hour hot cold steel flask bottle.
https://images.unsplash.com/photo-1584568694244-14fbdf83bd30?w=500&auto=format&fit=crop&q=80,Milton Thermosteel Flask 24Hrs 750ml (Pack of 4),HNK-0014,Milton,Home & Kitchen,Silver,3800,3016,143,24 hour hot cold steel flask bottle.
https://images.unsplash.com/photo-1570222094114-d054a817e56b?w=500&auto=format&fit=crop&q=80,Milton Thermosteel Flask 24Hrs 750ml (Family Pack of 6),HNK-0015,Milton,Home & Kitchen,Silver,5700,4401,106,24 hour hot cold steel flask bottle.
https://images.unsplash.com/photo-1556228453-efd6c1ff04f6?w=500&auto=format&fit=crop&q=80,Milton Thermosteel Flask 24Hrs 1.5L,HNK-0016,Milton,Home & Kitchen,Silver,1450,1230,121,24 hour hot cold steel flask bottle.
https://images.unsplash.com/photo-1584992236310-6edddc08acff?w=500&auto=format&fit=crop&q=80,Milton Thermosteel Flask 24Hrs 1.5L (Pack of 2),HNK-0017,Milton,Home & Kitchen,Silver,2900,2337,176,24 hour hot cold steel flask bottle.
https://images.unsplash.com/photo-1590794056226-79ef3a8147e1?w=500&auto=format&fit=crop&q=80,Milton Thermosteel Flask 24Hrs 1.5L (Pack of 3),HNK-0018,Milton,Home & Kitchen,Silver,4350,3444,79,24 hour hot cold steel flask bottle.
https://images.unsplash.com/photo-1610701596007-11502861dcfa?w=500&auto=format&fit=crop&q=80,Milton Thermosteel Flask 24Hrs 1.5L (Pack of 4),HNK-0019,Milton,Home & Kitchen,Silver,5800,4551,137,24 hour hot cold steel flask bottle.
https://images.unsplash.com/photo-1556911220-e15b29be8c8f?w=500&auto=format&fit=crop&q=80,Milton Thermosteel Flask 24Hrs 1.5L (Family Pack of 6),HNK-0020,Milton,Home & Kitchen,Silver,8700,6642,115,24 hour hot cold steel flask bottle.
https://images.unsplash.com/photo-1556909114-f6e7ad7d3136?w=500&auto=format&fit=crop&q=80,Milton Crown Thermosteel Flask 900ml,HNK-0021,Milton,Home & Kitchen,Blue,1099,935,138,Colorful insulated steel water bottle.
https://images.unsplash.com/photo-1584568694244-14fbdf83bd30?w=500&auto=format&fit=crop&q=80,Milton Crown Thermosteel Flask 900ml (Pack of 2),HNK-0022,Milton,Home & Kitchen,Blue,2198,1776,27,Colorful insulated steel water bottle.
https://images.unsplash.com/photo-1570222094114-d054a817e56b?w=500&auto=format&fit=crop&q=80,Milton Crown Thermosteel Flask 900ml (Pack of 3),HNK-0023,Milton,Home & Kitchen,Blue,3297,2618,166,Colorful insulated steel water bottle.
https://images.unsplash.com/photo-1556228453-efd6c1ff04f6?w=500&auto=format&fit=crop&q=80,Milton Crown Thermosteel Flask 900ml (Pack of 4),HNK-0024,Milton,Home & Kitchen,Blue,4396,3460,72,Colorful insulated steel water bottle.
https://images.unsplash.com/photo-1584992236310-6edddc08acff?w=500&auto=format&fit=crop&q=80,Milton Crown Thermosteel Flask 900ml (Family Pack of 6),HNK-0025,Milton,Home & Kitchen,Blue,6594,5049,105,Colorful insulated steel water bottle.
https://images.unsplash.com/photo-1590794056226-79ef3a8147e1?w=500&auto=format&fit=crop&q=80,Milton Stainless Steel Fridge Bottle 1L,HNK-0026,Milton,Home & Kitchen,Silver,325,279,139,Single wall fridge water bottle 1L.
https://images.unsplash.com/photo-1610701596007-11502861dcfa?w=500&auto=format&fit=crop&q=80,Milton Stainless Steel Fridge Bottle 1L (Pack of 2),HNK-0027,Milton,Home & Kitchen,Silver,650,530,73,Single wall fridge water bottle 1L.
https://images.unsplash.com/photo-1556911220-e15b29be8c8f?w=500&auto=format&fit=crop&q=80,Milton Stainless Steel Fridge Bottle 1L (Pack of 3),HNK-0028,Milton,Home & Kitchen,Silver,975,781,91,Single wall fridge water bottle 1L.
https://images.unsplash.com/photo-1556909114-f6e7ad7d3136?w=500&auto=format&fit=crop&q=80,Milton Stainless Steel Fridge Bottle 1L (Pack of 4),HNK-0029,Milton,Home & Kitchen,Silver,1300,1032,96,Single wall fridge water bottle 1L.
https://images.unsplash.com/photo-1584568694244-14fbdf83bd30?w=500&auto=format&fit=crop&q=80,Milton Stainless Steel Fridge Bottle 1L (Family Pack of 6),HNK-0030,Milton,Home & Kitchen,Silver,1950,1507,137,Single wall fridge water bottle 1L.
https://images.unsplash.com/photo-1570222094114-d054a817e56b?w=500&auto=format&fit=crop&q=80,Cello Swift Steel Bottle 750ml,HNK-0031,Cello,Home & Kitchen,Blue,799,679,117,Vacuum insulated hot cold steel bottle.
https://images.unsplash.com/photo-1556228453-efd6c1ff04f6?w=500&auto=format&fit=crop&q=80,Cello Swift Steel Bottle 750ml (Pack of 2),HNK-0032,Cello,Home & Kitchen,Blue,1598,1290,128,Vacuum insulated hot cold steel bottle.
https://images.unsplash.com/photo-1584992236310-6edddc08acff?w=500&auto=format&fit=crop&q=80,Cello Swift Steel Bottle 750ml (Pack of 3),HNK-0033,Cello,Home & Kitchen,Blue,2397,1901,100,Vacuum insulated hot cold steel bottle.
https://images.unsplash.com/photo-1590794056226-79ef3a8147e1?w=500&auto=format&fit=crop&q=80,Cello Swift Steel Bottle 750ml (Pack of 4),HNK-0034,Cello,Home & Kitchen,Blue,3196,2512,119,Vacuum insulated hot cold steel bottle.
https://images.unsplash.com/photo-1610701596007-11502861dcfa?w=500&auto=format&fit=crop&q=80,Cello Swift Steel Bottle 750ml (Family Pack of 6),HNK-0035,Cello,Home & Kitchen,Blue,4794,3667,161,Vacuum insulated hot cold steel bottle.
https://images.unsplash.com/photo-1556911220-e15b29be8c8f?w=500&auto=format&fit=crop&q=80,Cello Duro Flask Tuff Steel 1L,HNK-0036,Cello,Home & Kitchen,Black,1149,979,163,Tuff steel 24hr insulated bottle.
https://images.unsplash.com/photo-1556909114-f6e7ad7d3136?w=500&auto=format&fit=crop&q=80,Cello Duro Flask Tuff Steel 1L (Pack of 2),HNK-0037,Cello,Home & Kitchen,Black,2298,1860,149,Tuff steel 24hr insulated bottle.
https://images.unsplash.com/photo-1584568694244-14fbdf83bd30?w=500&auto=format&fit=crop&q=80,Cello Duro Flask Tuff Steel 1L (Pack of 3),HNK-0038,Cello,Home & Kitchen,Black,3447,2741,118,Tuff steel 24hr insulated bottle.
https://images.unsplash.com/photo-1570222094114-d054a817e56b?w=500&auto=format&fit=crop&q=80,Cello Duro Flask Tuff Steel 1L (Pack of 4),HNK-0039,Cello,Home & Kitchen,Black,4596,3622,135,Tuff steel 24hr insulated bottle.
https://images.unsplash.com/photo-1556228453-efd6c1ff04f6?w=500&auto=format&fit=crop&q=80,Cello Duro Flask Tuff Steel 1L (Family Pack of 6),HNK-0040,Cello,Home & Kitchen,Black,6894,5287,28,Tuff steel 24hr insulated bottle.
https://images.unsplash.com/photo-1584992236310-6edddc08acff?w=500&auto=format&fit=crop&q=80,Hawkins Contura Hard Anodised Pressure Cooker 2L,HNK-0041,Hawkins,Home & Kitchen,Black,1595,1400,171,Hard anodized non-reactive curved body pressure cooker.
https://images.unsplash.com/photo-1590794056226-79ef3a8147e1?w=500&auto=format&fit=crop&q=80,Hawkins Contura Hard Anodised Pressure Cooker 2L (Pack of 2),HNK-0042,Hawkins,Home & Kitchen,Black,3190,2660,100,Hard anodized non-reactive curved body pressure cooker.
https://images.unsplash.com/photo-1610701596007-11502861dcfa?w=500&auto=format&fit=crop&q=80,Hawkins Contura Hard Anodised Pressure Cooker 2L (Pack of 3),HNK-0043,Hawkins,Home & Kitchen,Black,4785,3920,88,Hard anodized non-reactive curved body pressure cooker.
https://images.unsplash.com/photo-1556911220-e15b29be8c8f?w=500&auto=format&fit=crop&q=80,Hawkins Contura Hard Anodised Pressure Cooker 2L (Pack of 4),HNK-0044,Hawkins,Home & Kitchen,Black,6380,5180,35,Hard anodized non-reactive curved body pressure cooker.
https://images.unsplash.com/photo-1556909114-f6e7ad7d3136?w=500&auto=format&fit=crop&q=80,Hawkins Contura Hard Anodised Pressure Cooker 2L (Family Pack of 6),HNK-0045,Hawkins,Home & Kitchen,Black,9570,7560,146,Hard anodized non-reactive curved body pressure cooker.
https://images.unsplash.com/photo-1584568694244-14fbdf83bd30?w=500&auto=format&fit=crop&q=80,Hawkins Contura Hard Anodised Pressure Cooker 3L,HNK-0046,Hawkins,Home & Kitchen,Black,1850,1650,63,Hard anodized non-reactive curved body pressure cooker.
https://images.unsplash.com/photo-1570222094114-d054a817e56b?w=500&auto=format&fit=crop&q=80,Hawkins Contura Hard Anodised Pressure Cooker 3L (Pack of 2),HNK-0047,Hawkins,Home & Kitchen,Black,3700,3135,150,Hard anodized non-reactive curved body pressure cooker.
https://images.unsplash.com/photo-1556228453-efd6c1ff04f6?w=500&auto=format&fit=crop&q=80,Hawkins Contura Hard Anodised Pressure Cooker 3L (Pack of 3),HNK-0048,Hawkins,Home & Kitchen,Black,5550,4620,51,Hard anodized non-reactive curved body pressure cooker.
https://images.unsplash.com/photo-1584992236310-6edddc08acff?w=500&auto=format&fit=crop&q=80,Hawkins Contura Hard Anodised Pressure Cooker 3L (Pack of 4),HNK-0049,Hawkins,Home & Kitchen,Black,7400,6105,51,Hard anodized non-reactive curved body pressure cooker.
https://images.unsplash.com/photo-1590794056226-79ef3a8147e1?w=500&auto=format&fit=crop&q=80,Hawkins Contura Hard Anodised Pressure Cooker 3L (Family Pack of 6),HNK-0050,Hawkins,Home & Kitchen,Black,11100,8910,179,Hard anodized non-reactive curved body pressure cooker.
https://images.unsplash.com/photo-1610701596007-11502861dcfa?w=500&auto=format&fit=crop&q=80,Hawkins Contura Hard Anodised Pressure Cooker 5L,HNK-0051,Hawkins,Home & Kitchen,Black,2350,2050,43,Hard anodized non-reactive curved body pressure cooker.
https://images.unsplash.com/photo-1556911220-e15b29be8c8f?w=500&auto=format&fit=crop&q=80,Hawkins Contura Hard Anodised Pressure Cooker 5L (Pack of 2),HNK-0052,Hawkins,Home & Kitchen,Black,4700,3895,99,Hard anodized non-reactive curved body pressure cooker.
https://images.unsplash.com/photo-1556909114-f6e7ad7d3136?w=500&auto=format&fit=crop&q=80,Hawkins Contura Hard Anodised Pressure Cooker 5L (Pack of 3),HNK-0053,Hawkins,Home & Kitchen,Black,7050,5740,120,Hard anodized non-reactive curved body pressure cooker.
https://images.unsplash.com/photo-1584568694244-14fbdf83bd30?w=500&auto=format&fit=crop&q=80,Hawkins Contura Hard Anodised Pressure Cooker 5L (Pack of 4),HNK-0054,Hawkins,Home & Kitchen,Black,9400,7585,176,Hard anodized non-reactive curved body pressure cooker.
https://images.unsplash.com/photo-1570222094114-d054a817e56b?w=500&auto=format&fit=crop&q=80,Hawkins Contura Hard Anodised Pressure Cooker 5L (Family Pack of 6),HNK-0055,Hawkins,Home & Kitchen,Black,14100,11070,28,Hard anodized non-reactive curved body pressure cooker.
https://images.unsplash.com/photo-1556228453-efd6c1ff04f6?w=500&auto=format&fit=crop&q=80,Hawkins Aluminium Pressure Cooker 3L,HNK-0056,Hawkins,Home & Kitchen,Silver,1450,1299,46,Classic sealed inner lid aluminium cooker.
https://images.unsplash.com/photo-1584992236310-6edddc08acff?w=500&auto=format&fit=crop&q=80,Hawkins Aluminium Pressure Cooker 3L (Pack of 2),HNK-0057,Hawkins,Home & Kitchen,Silver,2900,2468,57,Classic sealed inner lid aluminium cooker.
https://images.unsplash.com/photo-1590794056226-79ef3a8147e1?w=500&auto=format&fit=crop&q=80,Hawkins Aluminium Pressure Cooker 3L (Pack of 3),HNK-0058,Hawkins,Home & Kitchen,Silver,4350,3637,50,Classic sealed inner lid aluminium cooker.
https://images.unsplash.com/photo-1610701596007-11502861dcfa?w=500&auto=format&fit=crop&q=80,Hawkins Aluminium Pressure Cooker 3L (Pack of 4),HNK-0059,Hawkins,Home & Kitchen,Silver,5800,4806,63,Classic sealed inner lid aluminium cooker.
https://images.unsplash.com/photo-1556911220-e15b29be8c8f?w=500&auto=format&fit=crop&q=80,Hawkins Aluminium Pressure Cooker 3L (Family Pack of 6),HNK-0060,Hawkins,Home & Kitchen,Silver,8700,7015,62,Classic sealed inner lid aluminium cooker.
https://images.unsplash.com/photo-1556909114-f6e7ad7d3136?w=500&auto=format&fit=crop&q=80,Hawkins Aluminium Pressure Cooker 5L,HNK-0061,Hawkins,Home & Kitchen,Silver,1850,1650,86,Classic sealed inner lid aluminium cooker.
https://images.unsplash.com/photo-1584568694244-14fbdf83bd30?w=500&auto=format&fit=crop&q=80,Hawkins Aluminium Pressure Cooker 5L (Pack of 2),HNK-0062,Hawkins,Home & Kitchen,Silver,3700,3135,68,Classic sealed inner lid aluminium cooker.
https://images.unsplash.com/photo-1570222094114-d054a817e56b?w=500&auto=format&fit=crop&q=80,Hawkins Aluminium Pressure Cooker 5L (Pack of 3),HNK-0063,Hawkins,Home & Kitchen,Silver,5550,4620,171,Classic sealed inner lid aluminium cooker.
https://images.unsplash.com/photo-1556228453-efd6c1ff04f6?w=500&auto=format&fit=crop&q=80,Hawkins Aluminium Pressure Cooker 5L (Pack of 4),HNK-0064,Hawkins,Home & Kitchen,Silver,7400,6105,85,Classic sealed inner lid aluminium cooker.
https://images.unsplash.com/photo-1584992236310-6edddc08acff?w=500&auto=format&fit=crop&q=80,Hawkins Aluminium Pressure Cooker 5L (Family Pack of 6),HNK-0065,Hawkins,Home & Kitchen,Silver,11100,8910,67,Classic sealed inner lid aluminium cooker.
https://images.unsplash.com/photo-1590794056226-79ef3a8147e1?w=500&auto=format&fit=crop&q=80,Prestige Popular Aluminium Pressure Cooker 3L,HNK-0066,Prestige,Home & Kitchen,Silver,1495,1325,134,Induction base ISI marked cooker.
https://images.unsplash.com/photo-1610701596007-11502861dcfa?w=500&auto=format&fit=crop&q=80,Prestige Popular Aluminium Pressure Cooker 3L (Pack of 2),HNK-0067,Prestige,Home & Kitchen,Silver,2990,2518,40,Induction base ISI marked cooker.
https://images.unsplash.com/photo-1556911220-e15b29be8c8f?w=500&auto=format&fit=crop&q=80,Prestige Popular Aluminium Pressure Cooker 3L (Pack of 3),HNK-0068,Prestige,Home & Kitchen,Silver,4485,3710,121,Induction base ISI marked cooker.
https://images.unsplash.com/photo-1556909114-f6e7ad7d3136?w=500&auto=format&fit=crop&q=80,Prestige Popular Aluminium Pressure Cooker 3L (Pack of 4),HNK-0069,Prestige,Home & Kitchen,Silver,5980,4902,153,Induction base ISI marked cooker.
https://images.unsplash.com/photo-1584568694244-14fbdf83bd30?w=500&auto=format&fit=crop&q=80,Prestige Popular Aluminium Pressure Cooker 3L (Family Pack of 6),HNK-0070,Prestige,Home & Kitchen,Silver,8970,7155,133,Induction base ISI marked cooker.
https://images.unsplash.com/photo-1570222094114-d054a817e56b?w=500&auto=format&fit=crop&q=80,Prestige Popular Aluminium Pressure Cooker 5L,HNK-0071,Prestige,Home & Kitchen,Silver,1895,1695,63,Induction base ISI marked cooker.
https://images.unsplash.com/photo-1556228453-efd6c1ff04f6?w=500&auto=format&fit=crop&q=80,Prestige Popular Aluminium Pressure Cooker 5L (Pack of 2),HNK-0072,Prestige,Home & Kitchen,Silver,3790,3220,92,Induction base ISI marked cooker.
https://images.unsplash.com/photo-1584992236310-6edddc08acff?w=500&auto=format&fit=crop&q=80,Prestige Popular Aluminium Pressure Cooker 5L (Pack of 3),HNK-0073,Prestige,Home & Kitchen,Silver,5685,4746,178,Induction base ISI marked cooker.
https://images.unsplash.com/photo-1590794056226-79ef3a8147e1?w=500&auto=format&fit=crop&q=80,Prestige Popular Aluminium Pressure Cooker 5L (Pack of 4),HNK-0074,Prestige,Home & Kitchen,Silver,7580,6272,126,Induction base ISI marked cooker.
https://images.unsplash.com/photo-1610701596007-11502861dcfa?w=500&auto=format&fit=crop&q=80,Prestige Popular Aluminium Pressure Cooker 5L (Family Pack of 6),HNK-0075,Prestige,Home & Kitchen,Silver,11370,9153,37,Induction base ISI marked cooker.
https://images.unsplash.com/photo-1556911220-e15b29be8c8f?w=500&auto=format&fit=crop&q=80,Prestige Omega Deluxe Granite Fry Pan 240mm,HNK-0076,Prestige,Home & Kitchen,Black,990,845,110,Non-stick 5 layer granite finish induction compatible fry pan.
https://images.unsplash.com/photo-1556909114-f6e7ad7d3136?w=500&auto=format&fit=crop&q=80,Prestige Omega Deluxe Granite Fry Pan 240mm (Pack of 2),HNK-0077,Prestige,Home & Kitchen,Black,1980,1606,155,Non-stick 5 layer granite finish induction compatible fry pan.
https://images.unsplash.com/photo-1584568694244-14fbdf83bd30?w=500&auto=format&fit=crop&q=80,Prestige Omega Deluxe Granite Fry Pan 240mm (Pack of 3),HNK-0078,Prestige,Home & Kitchen,Black,2970,2366,82,Non-stick 5 layer granite finish induction compatible fry pan.
https://images.unsplash.com/photo-1570222094114-d054a817e56b?w=500&auto=format&fit=crop&q=80,Prestige Omega Deluxe Granite Fry Pan 240mm (Pack of 4),HNK-0079,Prestige,Home & Kitchen,Black,3960,3126,133,Non-stick 5 layer granite finish induction compatible fry pan.
https://images.unsplash.com/photo-1556228453-efd6c1ff04f6?w=500&auto=format&fit=crop&q=80,Prestige Omega Deluxe Granite Fry Pan 240mm (Family Pack of 6),HNK-0080,Prestige,Home & Kitchen,Black,5940,4563,161,Non-stick 5 layer granite finish induction compatible fry pan.
https://images.unsplash.com/photo-1584992236310-6edddc08acff?w=500&auto=format&fit=crop&q=80,Prestige Omega Deluxe Granite Kadai 240mm,HNK-0081,Prestige,Home & Kitchen,Black,1190,1015,132,Deep granite non-stick kadai with lid.
https://images.unsplash.com/photo-1590794056226-79ef3a8147e1?w=500&auto=format&fit=crop&q=80,Prestige Omega Deluxe Granite Kadai 240mm (Pack of 2),HNK-0082,Prestige,Home & Kitchen,Black,2380,1928,129,Deep granite non-stick kadai with lid.
https://images.unsplash.com/photo-1610701596007-11502861dcfa?w=500&auto=format&fit=crop&q=80,Prestige Omega Deluxe Granite Kadai 240mm (Pack of 3),HNK-0083,Prestige,Home & Kitchen,Black,3570,2842,64,Deep granite non-stick kadai with lid.
https://images.unsplash.com/photo-1556911220-e15b29be8c8f?w=500&auto=format&fit=crop&q=80,Prestige Omega Deluxe Granite Kadai 240mm (Pack of 4),HNK-0084,Prestige,Home & Kitchen,Black,4760,3756,114,Deep granite non-stick kadai with lid.
https://images.unsplash.com/photo-1556909114-f6e7ad7d3136?w=500&auto=format&fit=crop&q=80,Prestige Omega Deluxe Granite Kadai 240mm (Family Pack of 6),HNK-0085,Prestige,Home & Kitchen,Black,7140,5481,37,Deep granite non-stick kadai with lid.
https://images.unsplash.com/photo-1584568694244-14fbdf83bd30?w=500&auto=format&fit=crop&q=80,Prestige Induction Base Non-Stick Tawa 28cm,HNK-0086,Prestige,Home & Kitchen,Black,875,745,119,Wide dosa roti non stick tawa.
https://images.unsplash.com/photo-1570222094114-d054a817e56b?w=500&auto=format&fit=crop&q=80,Prestige Induction Base Non-Stick Tawa 28cm (Pack of 2),HNK-0087,Prestige,Home & Kitchen,Black,1750,1416,142,Wide dosa roti non stick tawa.
https://images.unsplash.com/photo-1556228453-efd6c1ff04f6?w=500&auto=format&fit=crop&q=80,Prestige Induction Base Non-Stick Tawa 28cm (Pack of 3),HNK-0088,Prestige,Home & Kitchen,Black,2625,2086,73,Wide dosa roti non stick tawa.
https://images.unsplash.com/photo-1584992236310-6edddc08acff?w=500&auto=format&fit=crop&q=80,Prestige Induction Base Non-Stick Tawa 28cm (Pack of 4),HNK-0089,Prestige,Home & Kitchen,Black,3500,2756,66,Wide dosa roti non stick tawa.
https://images.unsplash.com/photo-1590794056226-79ef3a8147e1?w=500&auto=format&fit=crop&q=80,Prestige Induction Base Non-Stick Tawa 28cm (Family Pack of 6),HNK-0090,Prestige,Home & Kitchen,Black,5250,4023,176,Wide dosa roti non stick tawa.
https://images.unsplash.com/photo-1610701596007-11502861dcfa?w=500&auto=format&fit=crop&q=80,Pigeon Sterling Non-Stick Fry Pan 25cm,HNK-0091,Pigeon,Home & Kitchen,Black,595,495,129,Induction base non stick frying pan.
https://images.unsplash.com/photo-1556911220-e15b29be8c8f?w=500&auto=format&fit=crop&q=80,Pigeon Sterling Non-Stick Fry Pan 25cm (Pack of 2),HNK-0092,Pigeon,Home & Kitchen,Black,1190,940,170,Induction base non stick frying pan.
https://images.unsplash.com/photo-1556909114-f6e7ad7d3136?w=500&auto=format&fit=crop&q=80,Pigeon Sterling Non-Stick Fry Pan 25cm (Pack of 3),HNK-0093,Pigeon,Home & Kitchen,Black,1785,1386,30,Induction base non stick frying pan.
https://images.unsplash.com/photo-1584568694244-14fbdf83bd30?w=500&auto=format&fit=crop&q=80,Pigeon Sterling Non-Stick Fry Pan 25cm (Pack of 4),HNK-0094,Pigeon,Home & Kitchen,Black,2380,1832,125,Induction base non stick frying pan.
https://images.unsplash.com/photo-1570222094114-d054a817e56b?w=500&auto=format&fit=crop&q=80,Pigeon Sterling Non-Stick Fry Pan 25cm (Family Pack of 6),HNK-0095,Pigeon,Home & Kitchen,Black,3570,2673,110,Induction base non stick frying pan.
https://images.unsplash.com/photo-1556228453-efd6c1ff04f6?w=500&auto=format&fit=crop&q=80,Pigeon Stainless Steel Kadai 1.5L,HNK-0096,Pigeon,Home & Kitchen,Silver,895,745,105,Triply bottom steel kadai wok.
https://images.unsplash.com/photo-1584992236310-6edddc08acff?w=500&auto=format&fit=crop&q=80,Pigeon Stainless Steel Kadai 1.5L (Pack of 2),HNK-0097,Pigeon,Home & Kitchen,Silver,1790,1416,155,Triply bottom steel kadai wok.
https://images.unsplash.com/photo-1590794056226-79ef3a8147e1?w=500&auto=format&fit=crop&q=80,Pigeon Stainless Steel Kadai 1.5L (Pack of 3),HNK-0098,Pigeon,Home & Kitchen,Silver,2685,2086,38,Triply bottom steel kadai wok.
https://images.unsplash.com/photo-1610701596007-11502861dcfa?w=500&auto=format&fit=crop&q=80,Pigeon Stainless Steel Kadai 1.5L (Pack of 4),HNK-0099,Pigeon,Home & Kitchen,Silver,3580,2756,70,Triply bottom steel kadai wok.
https://images.unsplash.com/photo-1556911220-e15b29be8c8f?w=500&auto=format&fit=crop&q=80,Pigeon Stainless Steel Kadai 1.5L (Family Pack of 6),HNK-0100,Pigeon,Home & Kitchen,Silver,5370,4023,136,Triply bottom steel kadai wok.
https://images.unsplash.com/photo-1556909114-f6e7ad7d3136?w=500&auto=format&fit=crop&q=80,Pigeon Triply Saucepan 1.5L,HNK-0101,Pigeon,Home & Kitchen,Silver,1095,895,142,Even heat triply steel saucepan.
https://images.unsplash.com/photo-1584568694244-14fbdf83bd30?w=500&auto=format&fit=crop&q=80,Pigeon Triply Saucepan 1.5L (Pack of 2),HNK-0102,Pigeon,Home & Kitchen,Silver,2190,1700,110,Even heat triply steel saucepan.
https://images.unsplash.com/photo-1570222094114-d054a817e56b?w=500&auto=format&fit=crop&q=80,Pigeon Triply Saucepan 1.5L (Pack of 3),HNK-0103,Pigeon,Home & Kitchen,Silver,3285,2506,78,Even heat triply steel saucepan.
https://images.unsplash.com/photo-1556228453-efd6c1ff04f6?w=500&auto=format&fit=crop&q=80,Pigeon Triply Saucepan 1.5L (Pack of 4),HNK-0104,Pigeon,Home & Kitchen,Silver,4380,3312,147,Even heat triply steel saucepan.
https://images.unsplash.com/photo-1584992236310-6edddc08acff?w=500&auto=format&fit=crop&q=80,Pigeon Triply Saucepan 1.5L (Family Pack of 6),HNK-0105,Pigeon,Home & Kitchen,Silver,6570,4833,56,Even heat triply steel saucepan.
https://images.unsplash.com/photo-1590794056226-79ef3a8147e1?w=500&auto=format&fit=crop&q=80,Wonderchef Nutri-Blend Mixer Grinder Blender 400W,HNK-0106,Wonderchef,Home & Kitchen,Black,3000,2499,91,Compact powerful smoothie maker & spice grinder blender.
https://images.unsplash.com/photo-1610701596007-11502861dcfa?w=500&auto=format&fit=crop&q=80,Wonderchef Nutri-Blend Mixer Grinder Blender 400W (Pack of 2),HNK-0107,Wonderchef,Home & Kitchen,Black,6000,4748,58,Compact powerful smoothie maker & spice grinder blender.
https://images.unsplash.com/photo-1556911220-e15b29be8c8f?w=500&auto=format&fit=crop&q=80,Wonderchef Nutri-Blend Mixer Grinder Blender 400W (Pack of 3),HNK-0108,Wonderchef,Home & Kitchen,Black,9000,6997,86,Compact powerful smoothie maker & spice grinder blender.
https://images.unsplash.com/photo-1556909114-f6e7ad7d3136?w=500&auto=format&fit=crop&q=80,Wonderchef Nutri-Blend Mixer Grinder Blender 400W (Pack of 4),HNK-0109,Wonderchef,Home & Kitchen,Black,12000,9246,66,Compact powerful smoothie maker & spice grinder blender.
https://images.unsplash.com/photo-1584568694244-14fbdf83bd30?w=500&auto=format&fit=crop&q=80,Wonderchef Nutri-Blend Mixer Grinder Blender 400W (Family Pack of 6),HNK-0110,Wonderchef,Home & Kitchen,Black,18000,13495,128,Compact powerful smoothie maker & spice grinder blender.
https://images.unsplash.com/photo-1570222094114-d054a817e56b?w=500&auto=format&fit=crop&q=80,Butterfly Jet Elite Mixer Grinder 750W 3 Jars,HNK-0111,Butterfly,Home & Kitchen,Grey,4299,3499,127,Heavy duty 750 watt motor kitchen mixer grinder.
https://images.unsplash.com/photo-1556228453-efd6c1ff04f6?w=500&auto=format&fit=crop&q=80,Butterfly Jet Elite Mixer Grinder 750W 3 Jars (Pack of 2),HNK-0112,Butterfly,Home & Kitchen,Grey,8598,6648,74,Heavy duty 750 watt motor kitchen mixer grinder.
https://images.unsplash.com/photo-1584992236310-6edddc08acff?w=500&auto=format&fit=crop&q=80,Butterfly Jet Elite Mixer Grinder 750W 3 Jars (Pack of 3),HNK-0113,Butterfly,Home & Kitchen,Grey,12897,9797,144,Heavy duty 750 watt motor kitchen mixer grinder.
https://images.unsplash.com/photo-1590794056226-79ef3a8147e1?w=500&auto=format&fit=crop&q=80,Butterfly Jet Elite Mixer Grinder 750W 3 Jars (Pack of 4),HNK-0114,Butterfly,Home & Kitchen,Grey,17196,12946,122,Heavy duty 750 watt motor kitchen mixer grinder.
https://images.unsplash.com/photo-1610701596007-11502861dcfa?w=500&auto=format&fit=crop&q=80,Butterfly Jet Elite Mixer Grinder 750W 3 Jars (Family Pack of 6),HNK-0115,Butterfly,Home & Kitchen,Grey,25794,18895,111,Heavy duty 750 watt motor kitchen mixer grinder.
https://images.unsplash.com/photo-1556911220-e15b29be8c8f?w=500&auto=format&fit=crop&q=80,Prestige Teon Star Mixer Grinder 750W 3 Jars,HNK-0116,Prestige,Home & Kitchen,Black,3695,2895,83,750W mixer grinder with 3 stainless jars.
https://images.unsplash.com/photo-1556909114-f6e7ad7d3136?w=500&auto=format&fit=crop&q=80,Prestige Teon Star Mixer Grinder 750W 3 Jars (Pack of 2),HNK-0117,Prestige,Home & Kitchen,Black,7390,5500,149,750W mixer grinder with 3 stainless jars.
https://images.unsplash.com/photo-1584568694244-14fbdf83bd30?w=500&auto=format&fit=crop&q=80,Prestige Teon Star Mixer Grinder 750W 3 Jars (Pack of 3),HNK-0118,Prestige,Home & Kitchen,Black,11085,8106,159,750W mixer grinder with 3 stainless jars.
https://images.unsplash.com/photo-1570222094114-d054a817e56b?w=500&auto=format&fit=crop&q=80,Prestige Teon Star Mixer Grinder 750W 3 Jars (Pack of 4),HNK-0119,Prestige,Home & Kitchen,Black,14780,10712,79,750W mixer grinder with 3 stainless jars.
https://images.unsplash.com/photo-1556228453-efd6c1ff04f6?w=500&auto=format&fit=crop&q=80,Prestige Teon Star Mixer Grinder 750W 3 Jars (Family Pack of 6),HNK-0120,Prestige,Home & Kitchen,Black,22170,15633,103,750W mixer grinder with 3 stainless jars.
https://images.unsplash.com/photo-1584992236310-6edddc08acff?w=500&auto=format&fit=crop&q=80,Bajaj Rex Mixer Grinder 500W 3 Jars,HNK-0121,Bajaj,Home & Kitchen,Purple,2799,2199,112,500W economical mixer grinder 3 jars.
https://images.unsplash.com/photo-1590794056226-79ef3a8147e1?w=500&auto=format&fit=crop&q=80,Bajaj Rex Mixer Grinder 500W 3 Jars (Pack of 2),HNK-0122,Bajaj,Home & Kitchen,Purple,5598,4178,52,500W economical mixer grinder 3 jars.
https://images.unsplash.com/photo-1610701596007-11502861dcfa?w=500&auto=format&fit=crop&q=80,Bajaj Rex Mixer Grinder 500W 3 Jars (Pack of 3),HNK-0123,Bajaj,Home & Kitchen,Purple,8397,6157,35,500W economical mixer grinder 3 jars.
https://images.unsplash.com/photo-1556911220-e15b29be8c8f?w=500&auto=format&fit=crop&q=80,Bajaj Rex Mixer Grinder 500W 3 Jars (Pack of 4),HNK-0124,Bajaj,Home & Kitchen,Purple,11196,8136,99,500W economical mixer grinder 3 jars.
https://images.unsplash.com/photo-1556909114-f6e7ad7d3136?w=500&auto=format&fit=crop&q=80,Bajaj Rex Mixer Grinder 500W 3 Jars (Family Pack of 6),HNK-0125,Bajaj,Home & Kitchen,Purple,16794,11875,175,500W economical mixer grinder 3 jars.
https://images.unsplash.com/photo-1584568694244-14fbdf83bd30?w=500&auto=format&fit=crop&q=80,Philips HL7756 Mixer Grinder 750W 3 Jars,HNK-0126,Philips,Home & Kitchen,Black,5495,4299,131,Advanced 750W mixer grinder with leak proof jars.
https://images.unsplash.com/photo-1570222094114-d054a817e56b?w=500&auto=format&fit=crop&q=80,Philips HL7756 Mixer Grinder 750W 3 Jars (Pack of 2),HNK-0127,Philips,Home & Kitchen,Black,10990,8168,108,Advanced 750W mixer grinder with leak proof jars.
https://images.unsplash.com/photo-1556228453-efd6c1ff04f6?w=500&auto=format&fit=crop&q=80,Philips HL7756 Mixer Grinder 750W 3 Jars (Pack of 3),HNK-0128,Philips,Home & Kitchen,Black,16485,12037,32,Advanced 750W mixer grinder with leak proof jars.
https://images.unsplash.com/photo-1584992236310-6edddc08acff?w=500&auto=format&fit=crop&q=80,Philips HL7756 Mixer Grinder 750W 3 Jars (Pack of 4),HNK-0129,Philips,Home & Kitchen,Black,21980,15906,133,Advanced 750W mixer grinder with leak proof jars.
https://images.unsplash.com/photo-1590794056226-79ef3a8147e1?w=500&auto=format&fit=crop&q=80,Philips HL7756 Mixer Grinder 750W 3 Jars (Family Pack of 6),HNK-0130,Philips,Home & Kitchen,Black,32970,23215,166,Advanced 750W mixer grinder with leak proof jars.
https://images.unsplash.com/photo-1610701596007-11502861dcfa?w=500&auto=format&fit=crop&q=80,Preethi Stellar Mixer Grinder 750W 4 Jars,HNK-0131,Preethi,Home & Kitchen,White,5299,4199,31,Tough 750W motor mixer grinder 4 jars.
https://images.unsplash.com/photo-1556911220-e15b29be8c8f?w=500&auto=format&fit=crop&q=80,Preethi Stellar Mixer Grinder 750W 4 Jars (Pack of 2),HNK-0132,Preethi,Home & Kitchen,White,10598,7978,110,Tough 750W motor mixer grinder 4 jars.
https://images.unsplash.com/photo-1556909114-f6e7ad7d3136?w=500&auto=format&fit=crop&q=80,Preethi Stellar Mixer Grinder 750W 4 Jars (Pack of 3),HNK-0133,Preethi,Home & Kitchen,White,15897,11757,97,Tough 750W motor mixer grinder 4 jars.
https://images.unsplash.com/photo-1584568694244-14fbdf83bd30?w=500&auto=format&fit=crop&q=80,Preethi Stellar Mixer Grinder 750W 4 Jars (Pack of 4),HNK-0134,Preethi,Home & Kitchen,White,21196,15536,154,Tough 750W motor mixer grinder 4 jars.
https://images.unsplash.com/photo-1570222094114-d054a817e56b?w=500&auto=format&fit=crop&q=80,Preethi Stellar Mixer Grinder 750W 4 Jars (Family Pack of 6),HNK-0135,Preethi,Home & Kitchen,White,31794,22675,154,Tough 750W motor mixer grinder 4 jars.
https://images.unsplash.com/photo-1556228453-efd6c1ff04f6?w=500&auto=format&fit=crop&q=80,Cello Checkers Plastic Air Tight Container Set 18 Piece,HNK-0136,Cello,Home & Kitchen,Transparent,899,749,154,BPA-free food grade kitchen storage containers.
https://images.unsplash.com/photo-1584992236310-6edddc08acff?w=500&auto=format&fit=crop&q=80,Cello Checkers Plastic Air Tight Container Set 18 Piece (Pack of 2),HNK-0137,Cello,Home & Kitchen,Transparent,1798,1423,154,BPA-free food grade kitchen storage containers.
https://images.unsplash.com/photo-1590794056226-79ef3a8147e1?w=500&auto=format&fit=crop&q=80,Cello Checkers Plastic Air Tight Container Set 18 Piece (Pack of 3),HNK-0138,Cello,Home & Kitchen,Transparent,2697,2097,32,BPA-free food grade kitchen storage containers.
https://images.unsplash.com/photo-1610701596007-11502861dcfa?w=500&auto=format&fit=crop&q=80,Cello Checkers Plastic Air Tight Container Set 18 Piece (Pack of 4),HNK-0139,Cello,Home & Kitchen,Transparent,3596,2771,70,BPA-free food grade kitchen storage containers.
https://images.unsplash.com/photo-1556911220-e15b29be8c8f?w=500&auto=format&fit=crop&q=80,Cello Checkers Plastic Air Tight Container Set 18 Piece (Family Pack of 6),HNK-0140,Cello,Home & Kitchen,Transparent,5394,4045,44,BPA-free food grade kitchen storage containers.
https://images.unsplash.com/photo-1556909114-f6e7ad7d3136?w=500&auto=format&fit=crop&q=80,Cello Modustack Container Set 6 Piece,HNK-0141,Cello,Home & Kitchen,Blue,595,499,78,Modular stackable kitchen containers.
https://images.unsplash.com/photo-1584568694244-14fbdf83bd30?w=500&auto=format&fit=crop&q=80,Cello Modustack Container Set 6 Piece (Pack of 2),HNK-0142,Cello,Home & Kitchen,Blue,1190,948,118,Modular stackable kitchen containers.
https://images.unsplash.com/photo-1570222094114-d054a817e56b?w=500&auto=format&fit=crop&q=80,Cello Modustack Container Set 6 Piece (Pack of 3),HNK-0143,Cello,Home & Kitchen,Blue,1785,1397,68,Modular stackable kitchen containers.
https://images.unsplash.com/photo-1556228453-efd6c1ff04f6?w=500&auto=format&fit=crop&q=80,Cello Modustack Container Set 6 Piece (Pack of 4),HNK-0144,Cello,Home & Kitchen,Blue,2380,1846,38,Modular stackable kitchen containers.
https://images.unsplash.com/photo-1584992236310-6edddc08acff?w=500&auto=format&fit=crop&q=80,Cello Modustack Container Set 6 Piece (Family Pack of 6),HNK-0145,Cello,Home & Kitchen,Blue,3570,2695,150,Modular stackable kitchen containers.
https://images.unsplash.com/photo-1590794056226-79ef3a8147e1?w=500&auto=format&fit=crop&q=80,Signoraware Airtight Storage Container Set 8 Piece,HNK-0146,Signoraware,Home & Kitchen,Teal,699,589,137,Leak proof virgin plastic container set.
https://images.unsplash.com/photo-1610701596007-11502861dcfa?w=500&auto=format&fit=crop&q=80,Signoraware Airtight Storage Container Set 8 Piece (Pack of 2),HNK-0147,Signoraware,Home & Kitchen,Teal,1398,1119,27,Leak proof virgin plastic container set.
https://images.unsplash.com/photo-1556911220-e15b29be8c8f?w=500&auto=format&fit=crop&q=80,Signoraware Airtight Storage Container Set 8 Piece (Pack of 3),HNK-0148,Signoraware,Home & Kitchen,Teal,2097,1649,72,Leak proof virgin plastic container set.
https://images.unsplash.com/photo-1556909114-f6e7ad7d3136?w=500&auto=format&fit=crop&q=80,Signoraware Airtight Storage Container Set 8 Piece (Pack of 4),HNK-0149,Signoraware,Home & Kitchen,Teal,2796,2179,26,Leak proof virgin plastic container set.
https://images.unsplash.com/photo-1584568694244-14fbdf83bd30?w=500&auto=format&fit=crop&q=80,Signoraware Airtight Storage Container Set 8 Piece (Family Pack of 6),HNK-0150,Signoraware,Home & Kitchen,Teal,4194,3181,67,Leak proof virgin plastic container set.
https://images.unsplash.com/photo-1570222094114-d054a817e56b?w=500&auto=format&fit=crop&q=80,Cello Modubox Storage Container 1.6L,HNK-0151,Cello,Home & Kitchen,Blue,295,249,177,Click lock rectangular storage box.
https://images.unsplash.com/photo-1556228453-efd6c1ff04f6?w=500&auto=format&fit=crop&q=80,Cello Modubox Storage Container 1.6L (Pack of 2),HNK-0152,Cello,Home & Kitchen,Blue,590,473,134,Click lock rectangular storage box.
https://images.unsplash.com/photo-1584992236310-6edddc08acff?w=500&auto=format&fit=crop&q=80,Cello Modubox Storage Container 1.6L (Pack of 3),HNK-0153,Cello,Home & Kitchen,Blue,885,697,80,Click lock rectangular storage box.
https://images.unsplash.com/photo-1590794056226-79ef3a8147e1?w=500&auto=format&fit=crop&q=80,Cello Modubox Storage Container 1.6L (Pack of 4),HNK-0154,Cello,Home & Kitchen,Blue,1180,921,120,Click lock rectangular storage box.
https://images.unsplash.com/photo-1610701596007-11502861dcfa?w=500&auto=format&fit=crop&q=80,Cello Modubox Storage Container 1.6L (Family Pack of 6),HNK-0155,Cello,Home & Kitchen,Blue,1770,1345,149,Click lock rectangular storage box.
https://images.unsplash.com/photo-1556911220-e15b29be8c8f?w=500&auto=format&fit=crop&q=80,Borosil Glass Mixing Bowl Set 3 Piece,HNK-0156,Borosil,Home & Kitchen,Clear,995,849,145,100% borosilicate microwave safe mixing bowls.
https://images.unsplash.com/photo-1556909114-f6e7ad7d3136?w=500&auto=format&fit=crop&q=80,Borosil Glass Mixing Bowl Set 3 Piece (Pack of 2),HNK-0157,Borosil,Home & Kitchen,Clear,1990,1613,46,100% borosilicate microwave safe mixing bowls.
https://images.unsplash.com/photo-1584568694244-14fbdf83bd30?w=500&auto=format&fit=crop&q=80,Borosil Glass Mixing Bowl Set 3 Piece (Pack of 3),HNK-0158,Borosil,Home & Kitchen,Clear,2985,2377,31,100% borosilicate microwave safe mixing bowls.
https://images.unsplash.com/photo-1570222094114-d054a817e56b?w=500&auto=format&fit=crop&q=80,Borosil Glass Mixing Bowl Set 3 Piece (Pack of 4),HNK-0159,Borosil,Home & Kitchen,Clear,3980,3141,137,100% borosilicate microwave safe mixing bowls.
https://images.unsplash.com/photo-1556228453-efd6c1ff04f6?w=500&auto=format&fit=crop&q=80,Borosil Glass Mixing Bowl Set 3 Piece (Family Pack of 6),HNK-0160,Borosil,Home & Kitchen,Clear,5970,4585,97,100% borosilicate microwave safe mixing bowls.
https://images.unsplash.com/photo-1584992236310-6edddc08acff?w=500&auto=format&fit=crop&q=80,Borosil Microwave Safe Bowl Set 2 Piece,HNK-0161,Borosil,Home & Kitchen,Clear,545,469,76,Round borosilicate serving bowls.
https://images.unsplash.com/photo-1590794056226-79ef3a8147e1?w=500&auto=format&fit=crop&q=80,Borosil Microwave Safe Bowl Set 2 Piece (Pack of 2),HNK-0162,Borosil,Home & Kitchen,Clear,1090,891,70,Round borosilicate serving bowls.
https://images.unsplash.com/photo-1610701596007-11502861dcfa?w=500&auto=format&fit=crop&q=80,Borosil Microwave Safe Bowl Set 2 Piece (Pack of 3),HNK-0163,Borosil,Home & Kitchen,Clear,1635,1313,111,Round borosilicate serving bowls.
https://images.unsplash.com/photo-1556911220-e15b29be8c8f?w=500&auto=format&fit=crop&q=80,Borosil Microwave Safe Bowl Set 2 Piece (Pack of 4),HNK-0164,Borosil,Home & Kitchen,Clear,2180,1735,111,Round borosilicate serving bowls.
https://images.unsplash.com/photo-1556909114-f6e7ad7d3136?w=500&auto=format&fit=crop&q=80,Borosil Microwave Safe Bowl Set 2 Piece (Family Pack of 6),HNK-0165,Borosil,Home & Kitchen,Clear,3270,2533,87,Round borosilicate serving bowls.
https://images.unsplash.com/photo-1584568694244-14fbdf83bd30?w=500&auto=format&fit=crop&q=80,Borosil Bake and Serve Dish 1.2L,HNK-0166,Borosil,Home & Kitchen,Clear,795,679,109,Oven to table glass baking dish.
https://images.unsplash.com/photo-1570222094114-d054a817e56b?w=500&auto=format&fit=crop&q=80,Borosil Bake and Serve Dish 1.2L (Pack of 2),HNK-0167,Borosil,Home & Kitchen,Clear,1590,1290,76,Oven to table glass baking dish.
https://images.unsplash.com/photo-1556228453-efd6c1ff04f6?w=500&auto=format&fit=crop&q=80,Borosil Bake and Serve Dish 1.2L (Pack of 3),HNK-0168,Borosil,Home & Kitchen,Clear,2385,1901,119,Oven to table glass baking dish.
https://images.unsplash.com/photo-1584992236310-6edddc08acff?w=500&auto=format&fit=crop&q=80,Borosil Bake and Serve Dish 1.2L (Pack of 4),HNK-0169,Borosil,Home & Kitchen,Clear,3180,2512,67,Oven to table glass baking dish.
https://images.unsplash.com/photo-1590794056226-79ef3a8147e1?w=500&auto=format&fit=crop&q=80,Borosil Bake and Serve Dish 1.2L (Family Pack of 6),HNK-0170,Borosil,Home & Kitchen,Clear,4770,3667,133,Oven to table glass baking dish.
